listing_id,year_month,avg_adjusted_price,avg_base_price,occupancy_rate,available_days
7101,2025-10,59.22,46.0,1.0,0
7101,2025-11,48.07,46.0,0.13,26
7101,2025-12,47.78,46.0,0.52,15
7101,2026-01,40.99,46.0,0.13,27
7101,2026-02,40.77,46.0,0.43,16
7101,2026-03,40.61,46.0,0.1,28
7101,2026-04,47.84,46.0,0.0,30
7101,2026-05,48.23,46.0,0.1,28
7101,2026-06,47.84,46.0,0.0,30
7101,2026-07,48.0,46.0,0.26,23
7101,2026-08,60.0,46.0,1.0,0
7101,2026-09,59.8,46.0,1.0,0
7101,2026-10,60.15,46.0,1.0,0
23395,2025-10,61.8,48.0,0.2,4
23395,2025-11,50.16,48.0,0.0,30
23395,2025-12,49.86,48.0,0.0,31
23395,2026-01,42.77,48.0,0.0,31
23395,2026-02,42.55,48.0,0.0,28
23395,2026-03,42.38,48.0,0.0,31
23395,2026-04,49.92,48.0,0.2,24
23395,2026-05,50.32,48.0,1.0,0
23395,2026-06,49.92,48.0,1.0,0
23395,2026-07,50.09,48.0,1.0,0
23395,2026-08,62.61,48.0,1.0,0
23395,2026-09,62.4,48.0,1.0,0
23395,2026-10,62.77,48.0,1.0,0
68229,2025-10,46.35,36.0,0.2,4
68229,2025-11,37.62,36.0,0.0,30
68229,2025-12,37.39,36.0,0.0,31
68229,2026-01,32.08,36.0,0.23,24
68229,2026-02,31.91,36.0,1.0,0
68229,2026-03,31.78,36.0,1.0,0
68229,2026-04,37.44,36.0,1.0,0
68229,2026-05,37.74,36.0,1.0,0
68229,2026-06,37.44,36.0,1.0,0
68229,2026-07,37.57,36.0,1.0,0
68229,2026-08,46.96,36.0,1.0,0
68229,2026-09,46.8,36.0,1.0,0
68229,2026-10,47.08,36.0,1.0,0
105960,2025-10,41.2,32.0,0.2,4
105960,2025-11,33.44,32.0,0.0,30
105960,2025-12,33.24,32.0,0.0,31
105960,2026-01,28.52,32.0,0.0,31
105960,2026-02,28.37,32.0,0.0,28
105960,2026-03,28.25,32.0,0.0,31
105960,2026-04,33.28,32.0,0.0,30
105960,2026-05,33.55,32.0,0.0,31
105960,2026-06,33.28,32.0,0.0,30
105960,2026-07,33.39,32.0,0.0,31
105960,2026-08,41.74,32.0,0.0,31
105960,2026-09,41.6,32.0,0.0,30
105960,2026-10,41.85,32.0,0.0,26
223778,2025-10,41.2,32.0,0.0,5
223778,2025-11,33.44,32.0,0.0,30
223778,2025-12,33.24,32.0,0.0,31
223778,2026-01,28.52,32.0,0.0,31
223778,2026-02,28.37,32.0,0.0,28
223778,2026-03,28.25,32.0,0.0,31
223778,2026-04,33.28,32.0,0.0,30
223778,2026-05,33.55,32.0,0.0,31
223778,2026-06,33.28,32.0,0.0,30
223778,2026-07,33.39,32.0,0.0,31
223778,2026-08,41.74,32.0,0.0,31
223778,2026-09,41.6,32.0,0.0,30
223778,2026-10,41.85,32.0,0.0,26
533609,2025-10,79.82,62.0,0.6,2
533609,2025-11,64.79,62.0,0.0,30
533609,2025-12,64.4,62.0,0.0,31
533609,2026-01,55.25,62.0,0.0,31
533609,2026-02,54.96,62.0,0.0,28
533609,2026-03,54.74,62.0,0.0,31
533609,2026-04,64.48,62.0,0.0,30
533609,2026-05,65.0,62.0,0.0,31
533609,2026-06,64.48,62.0,0.0,30
533609,2026-07,64.7,62.0,0.0,31
533609,2026-08,80.87,62.0,0.0,31
533609,2026-09,80.6,62.0,0.0,30
533609,2026-10,81.08,62.0,0.0,26
758778,2025-10,55.36,43.0,1.0,0
758778,2025-11,44.93,43.0,0.5,15
758778,2025-12,44.66,43.0,0.0,31
758778,2026-01,38.32,43.0,0.0,31
758778,2026-02,38.12,43.0,0.0,28
758778,2026-03,37.96,43.0,0.0,31
758778,2026-04,44.72,43.0,0.2,24
758778,2026-05,45.08,43.0,1.0,0
758778,2026-06,44.72,43.0,1.0,0
758778,2026-07,44.87,43.0,1.0,0
758778,2026-08,56.09,43.0,1.0,0
758778,2026-09,55.9,43.0,1.0,0
758778,2026-10,56.23,43.0,1.0,0
1053903,2025-10,52.79,41.0,1.0,0
1053903,2025-11,42.84,41.0,0.0,30
1053903,2025-12,42.59,41.0,0.0,31
1053903,2026-01,36.54,41.0,0.0,31
1053903,2026-02,36.34,41.0,0.0,28
1053903,2026-03,36.2,41.0,0.0,31
1053903,2026-04,42.64,41.0,0.0,30
1053903,2026-05,42.98,41.0,0.0,31
1053903,2026-06,42.64,41.0,0.0,30
1053903,2026-07,42.79,41.0,0.0,31
1053903,2026-08,53.48,41.0,0.0,31
1053903,2026-09,53.3,41.0,0.0,30
1053903,2026-10,53.62,41.0,0.0,26
1142940,2025-10,128.75,100.0,1.0,0
1142940,2025-11,104.5,100.0,1.0,0
1142940,2025-12,103.87,100.0,1.0,0
1142940,2026-01,89.11,100.0,1.0,0
1142940,2026-02,88.64,100.0,1.0,0
1142940,2026-03,88.29,100.0,1.0,0
1142940,2026-04,104.0,100.0,1.0,0
1142940,2026-05,104.84,100.0,1.0,0
1142940,2026-06,104.0,100.0,1.0,0
1142940,2026-07,104.35,100.0,1.0,0
1142940,2026-08,130.44,100.0,1.0,0
1142940,2026-09,130.0,100.0,1.0,0
1142940,2026-10,130.77,100.0,0.65,9
1404315,2025-10,57.94,45.0,0.6,2
1404315,2025-11,47.02,45.0,0.27,22
1404315,2025-12,46.74,45.0,0.32,21
1404315,2026-01,40.1,45.0,0.19,25
1404315,2026-02,39.89,45.0,0.29,20
1404315,2026-03,39.73,45.0,0.32,21
1404315,2026-04,46.8,45.0,0.27,22
1404315,2026-05,47.18,45.0,0.03,30
1404315,2026-06,46.8,45.0,0.0,30
1404315,2026-07,46.96,45.0,0.26,23
1404315,2026-08,58.7,45.0,1.0,0
1404315,2026-09,58.5,45.0,1.0,0
1404315,2026-10,58.85,45.0,1.0,0
1516053,2025-10,72.1,56.0,0.0,5
1516053,2025-11,58.52,56.0,0.0,30
1516053,2025-12,58.17,56.0,0.0,31
1516053,2026-01,49.9,56.0,0.0,31
1516053,2026-02,49.64,56.0,0.0,28
1516053,2026-03,49.44,56.0,0.0,31
1516053,2026-04,58.24,56.0,0.0,30
1516053,2026-05,58.71,56.0,0.0,31
1516053,2026-06,58.24,56.0,0.0,30
1516053,2026-07,58.44,56.0,0.0,31
1516053,2026-08,73.05,56.0,0.0,31
1516053,2026-09,72.8,56.0,0.0,30
1516053,2026-10,73.23,56.0,0.0,26
1636325,2025-10,148.06,115.0,1.0,0
1636325,2025-11,120.18,115.0,0.07,28
1636325,2025-12,119.45,115.0,0.0,31
1636325,2026-01,102.48,115.0,0.23,24
1636325,2026-02,101.94,115.0,1.0,0
1636325,2026-03,101.53,115.0,1.0,0
1636325,2026-04,119.6,115.0,1.0,0
1636325,2026-05,120.56,115.0,1.0,0
1636325,2026-06,119.6,115.0,1.0,0
1636325,2026-07,120.01,115.0,1.0,0
1636325,2026-08,150.01,115.0,1.0,0
1636325,2026-09,149.5,115.0,1.0,0
1636325,2026-10,150.38,115.0,1.0,0
1737756,2025-10,121.02,94.0,0.2,4
1737756,2025-11,98.23,94.0,0.0,30
1737756,2025-12,97.64,94.0,0.0,31
1737756,2026-01,83.76,94.0,0.23,24
1737756,2026-02,83.32,94.0,1.0,0
1737756,2026-03,82.99,94.0,1.0,0
1737756,2026-04,97.76,94.0,1.0,0
1737756,2026-05,98.55,94.0,1.0,0
1737756,2026-06,97.76,94.0,1.0,0
1737756,2026-07,98.09,94.0,1.0,0
1737756,2026-08,122.62,94.0,1.0,0
1737756,2026-09,122.2,94.0,1.0,0
1737756,2026-10,122.92,94.0,1.0,0
2406456,2025-10,115.87,90.0,1.0,0
2406456,2025-11,94.05,90.0,1.0,0
2406456,2025-12,93.48,90.0,1.0,0
2406456,2026-01,80.2,90.0,0.03,30
2406456,2026-02,79.78,90.0,0.0,28
2406456,2026-03,79.46,90.0,0.0,31
2406456,2026-04,93.6,90.0,0.0,30
2406456,2026-05,94.35,90.0,0.0,31
2406456,2026-06,93.6,90.0,0.0,30
2406456,2026-07,93.92,90.0,0.0,31
2406456,2026-08,117.4,90.0,0.0,31
2406456,2026-09,117.0,90.0,0.0,30
2406456,2026-10,117.69,90.0,0.0,26
3583350,2025-10,383.68,298.0,0.2,4
3583350,2025-11,311.41,298.0,0.1,27
3583350,2025-12,309.54,298.0,0.0,31
3583350,2026-01,265.55,298.0,0.0,31
3583350,2026-02,264.15,298.0,0.0,28
3583350,2026-03,263.1,298.0,0.0,31
3583350,2026-04,309.92,298.0,0.0,30
3583350,2026-05,312.42,298.0,0.0,31
3583350,2026-06,309.92,298.0,0.0,30
3583350,2026-07,310.98,298.0,0.0,31
3583350,2026-08,388.72,298.0,0.0,31
3583350,2026-09,387.4,298.0,0.0,30
3583350,2026-10,389.69,298.0,0.0,26
3737087,2025-10,68.24,53.0,1.0,0
3737087,2025-11,55.38,53.0,0.8,6
3737087,2025-12,55.05,53.0,0.0,31
3737087,2026-01,47.23,53.0,0.81,6
3737087,2026-02,46.98,53.0,1.0,0
3737087,2026-03,46.79,53.0,1.0,0
3737087,2026-04,55.12,53.0,0.27,22
3737087,2026-05,55.56,53.0,0.0,31
3737087,2026-06,55.12,53.0,0.0,30
3737087,2026-07,55.31,53.0,0.0,31
3737087,2026-08,69.14,53.0,0.0,31
3737087,2026-09,68.9,53.0,0.0,30
3737087,2026-10,69.31,53.0,0.0,26
3990025,2025-10,,,1.0,0
3990025,2025-11,,,1.0,0
3990025,2025-12,,,1.0,0
3990025,2026-01,,,1.0,0
3990025,2026-02,,,1.0,0
3990025,2026-03,,,1.0,0
3990025,2026-04,,,1.0,0
3990025,2026-05,,,1.0,0
3990025,2026-06,,,1.0,0
3990025,2026-07,,,1.0,0
3990025,2026-08,,,1.0,0
3990025,2026-09,,,1.0,0
3990025,2026-10,,,1.0,0
4622181,2025-10,101.71,79.0,1.0,0
4622181,2025-11,82.56,79.0,1.0,0
4622181,2025-12,82.06,79.0,1.0,0
4622181,2026-01,70.4,79.0,0.52,15
4622181,2026-02,70.03,79.0,0.0,28
4622181,2026-03,69.75,79.0,0.0,31
4622181,2026-04,82.16,79.0,0.0,30
4622181,2026-05,82.82,79.0,0.0,31
4622181,2026-06,82.16,79.0,0.0,30
4622181,2026-07,82.44,79.0,0.0,31
4622181,2026-08,103.05,79.0,0.0,31
4622181,2026-09,102.7,79.0,0.0,30
4622181,2026-10,103.31,79.0,0.0,26
4767052,2025-10,145.49,113.0,1.0,0
4767052,2025-11,118.08,113.0,0.0,30
4767052,2025-12,117.37,113.0,0.0,31
4767052,2026-01,100.7,113.0,0.23,24
4767052,2026-02,100.17,113.0,1.0,0
4767052,2026-03,99.77,113.0,1.0,0
4767052,2026-04,117.52,113.0,1.0,0
4767052,2026-05,118.47,113.0,1.0,0
4767052,2026-06,117.52,113.0,1.0,0
4767052,2026-07,117.92,113.0,1.0,0
4767052,2026-08,147.4,113.0,1.0,0
4767052,2026-09,146.9,113.0,1.0,0
4767052,2026-10,147.77,113.0,1.0,0
4793973,2025-10,,,1.0,0
4793973,2025-11,,,1.0,0
4793973,2025-12,,,1.0,0
4793973,2026-01,,,1.0,0
4793973,2026-02,,,1.0,0
4793973,2026-03,,,1.0,0
4793973,2026-04,,,1.0,0
4793973,2026-05,,,1.0,0
4793973,2026-06,,,1.0,0
4793973,2026-07,,,1.0,0
4793973,2026-08,,,1.0,0
4793973,2026-09,,,1.0,0
4793973,2026-10,,,1.0,0
4912647,2025-10,131.32,102.0,1.0,0
4912647,2025-11,106.59,102.0,0.6,12
4912647,2025-12,105.95,102.0,0.29,22
4912647,2026-01,90.89,102.0,0.23,24
4912647,2026-02,90.41,102.0,1.0,0
4912647,2026-03,90.05,102.0,1.0,0
4912647,2026-04,106.08,102.0,1.0,0
4912647,2026-05,106.94,102.0,1.0,0
4912647,2026-06,106.08,102.0,1.0,0
4912647,2026-07,106.44,102.0,1.0,0
4912647,2026-08,133.05,102.0,1.0,0
4912647,2026-09,132.6,102.0,1.0,0
4912647,2026-10,133.38,102.0,1.0,0
5120343,2025-10,212.44,165.0,1.0,0
5120343,2025-11,172.42,165.0,1.0,0
5120343,2025-12,171.39,165.0,1.0,0
5120343,2026-01,147.04,165.0,1.0,0
5120343,2026-02,146.26,165.0,1.0,0
5120343,2026-03,145.68,165.0,0.45,17
5120343,2026-04,171.6,165.0,0.0,30
5120343,2026-05,172.98,165.0,0.0,31
5120343,2026-06,171.6,165.0,0.0,30
5120343,2026-07,172.19,165.0,0.0,31
5120343,2026-08,215.23,165.0,0.0,31
5120343,2026-09,214.5,165.0,0.0,30
5120343,2026-10,215.77,165.0,0.0,26
6585175,2025-10,114.59,89.0,0.0,5
6585175,2025-11,93.01,89.0,0.0,30
6585175,2025-12,92.45,89.0,0.0,31
6585175,2026-01,79.31,89.0,0.0,31
6585175,2026-02,78.89,89.0,0.0,28
6585175,2026-03,78.58,89.0,0.0,31
6585175,2026-04,92.56,89.0,0.0,30
6585175,2026-05,93.31,89.0,0.0,31
6585175,2026-06,92.56,89.0,0.0,30
6585175,2026-07,92.88,89.0,0.0,31
6585175,2026-08,116.1,89.0,0.0,31
6585175,2026-09,115.7,89.0,0.0,30
6585175,2026-10,116.39,89.0,0.0,26
6624762,2025-10,203.42,158.0,1.0,0
6624762,2025-11,165.11,158.0,1.0,0
6624762,2025-12,164.12,158.0,0.0,31
6624762,2026-01,140.8,158.0,0.23,24
6624762,2026-02,140.05,158.0,1.0,0
6624762,2026-03,139.5,158.0,1.0,0
6624762,2026-04,164.32,158.0,1.0,0
6624762,2026-05,165.65,158.0,1.0,0
6624762,2026-06,164.32,158.0,1.0,0
6624762,2026-07,164.88,158.0,1.0,0
6624762,2026-08,206.1,158.0,1.0,0
6624762,2026-09,205.4,158.0,1.0,0
6624762,2026-10,206.61,158.0,1.0,0
6731533,2025-10,155.79,121.0,1.0,0
6731533,2025-11,126.44,121.0,1.0,0
6731533,2025-12,125.68,121.0,0.45,17
6731533,2026-01,107.83,121.0,0.0,31
6731533,2026-02,107.26,121.0,0.0,28
6731533,2026-03,106.83,121.0,0.0,31
6731533,2026-04,125.84,121.0,0.0,30
6731533,2026-05,126.85,121.0,0.0,31
6731533,2026-06,125.84,121.0,0.0,30
6731533,2026-07,126.27,121.0,0.26,23
6731533,2026-08,157.84,121.0,1.0,0
6731533,2026-09,157.3,121.0,1.0,0
6731533,2026-10,158.23,121.0,1.0,0
7240316,2025-10,57.94,45.0,1.0,0
7240316,2025-11,47.02,45.0,0.97,1
7240316,2025-12,46.74,45.0,0.0,31
7240316,2026-01,40.1,45.0,0.0,31
7240316,2026-02,39.89,45.0,0.0,28
7240316,2026-03,39.73,45.0,0.0,31
7240316,2026-04,46.8,45.0,0.0,30
7240316,2026-05,47.18,45.0,0.0,31
7240316,2026-06,46.8,45.0,0.0,30
7240316,2026-07,46.96,45.0,0.0,31
7240316,2026-08,58.7,45.0,0.0,31
7240316,2026-09,58.5,45.0,0.0,30
7240316,2026-10,58.85,45.0,0.0,26
7293053,2025-10,105.58,82.0,0.4,3
7293053,2025-11,85.69,82.0,0.0,30
7293053,2025-12,85.17,82.0,0.0,31
7293053,2026-01,73.07,82.0,0.0,31
7293053,2026-02,72.69,82.0,0.0,28
7293053,2026-03,72.4,82.0,0.0,31
7293053,2026-04,85.28,82.0,0.0,30
7293053,2026-05,85.97,82.0,0.0,31
7293053,2026-06,85.28,82.0,0.2,24
7293053,2026-07,85.57,82.0,0.0,31
7293053,2026-08,106.97,82.0,0.0,31
7293053,2026-09,106.6,82.0,0.17,25
7293053,2026-10,107.23,82.0,0.0,26
8173194,2025-10,114.59,89.0,0.4,3
8173194,2025-11,93.01,89.0,0.0,30
8173194,2025-12,92.45,89.0,0.0,31
8173194,2026-01,79.31,89.0,0.0,31
8173194,2026-02,78.89,89.0,0.0,28
8173194,2026-03,78.58,89.0,0.0,31
8173194,2026-04,92.56,89.0,0.0,30
8173194,2026-05,93.31,89.0,0.0,31
8173194,2026-06,92.56,89.0,0.0,30
8173194,2026-07,92.88,89.0,0.0,31
8173194,2026-08,116.1,89.0,0.0,31
8173194,2026-09,115.7,89.0,0.0,30
8173194,2026-10,116.39,89.0,0.0,26
8353332,2025-10,126.18,98.0,1.0,0
8353332,2025-11,102.41,98.0,0.17,25
8353332,2025-12,101.79,98.0,0.26,23
8353332,2026-01,87.33,98.0,0.1,28
8353332,2026-02,86.87,98.0,0.0,28
8353332,2026-03,86.52,98.0,0.0,31
8353332,2026-04,101.92,98.0,0.0,30
8353332,2026-05,102.74,98.0,0.0,31
8353332,2026-06,101.92,98.0,0.0,30
8353332,2026-07,102.27,98.0,0.0,31
8353332,2026-08,127.84,98.0,0.0,31
8353332,2026-09,127.4,98.0,0.0,30
8353332,2026-10,128.16,98.0,0.0,26
8880737,2025-10,97.85,76.0,1.0,0
8880737,2025-11,79.42,76.0,0.6,12
8880737,2025-12,78.94,76.0,0.0,31
8880737,2026-01,67.73,76.0,0.0,31
8880737,2026-02,67.37,76.0,0.0,28
8880737,2026-03,67.1,76.0,0.0,31
8880737,2026-04,79.04,76.0,0.2,24
8880737,2026-05,79.68,76.0,1.0,0
8880737,2026-06,79.04,76.0,1.0,0
8880737,2026-07,79.31,76.0,1.0,0
8880737,2026-08,99.14,76.0,1.0,0
8880737,2026-09,98.8,76.0,1.0,0
8880737,2026-10,99.38,76.0,1.0,0
9094456,2025-10,,,1.0,0
9094456,2025-11,,,1.0,0
9094456,2025-12,,,1.0,0
9094456,2026-01,,,1.0,0
9094456,2026-02,,,1.0,0
9094456,2026-03,,,1.0,0
9094456,2026-04,,,1.0,0
9094456,2026-05,,,1.0,0
9094456,2026-06,,,1.0,0
9094456,2026-07,,,1.0,0
9094456,2026-08,,,1.0,0
9094456,2026-09,,,1.0,0
9094456,2026-10,,,1.0,0
9543946,2025-10,110.72,86.0,0.4,3
9543946,2025-11,89.87,86.0,0.0,30
9543946,2025-12,89.33,86.0,0.0,31
9543946,2026-01,76.64,86.0,0.0,31
9543946,2026-02,76.23,86.0,0.0,28
9543946,2026-03,75.93,86.0,0.0,31
9543946,2026-04,89.44,86.0,0.0,30
9543946,2026-05,90.16,86.0,0.0,31
9543946,2026-06,89.44,86.0,0.0,30
9543946,2026-07,89.75,86.0,0.0,31
9543946,2026-08,112.18,86.0,0.0,31
9543946,2026-09,111.8,86.0,0.0,30
9543946,2026-10,112.46,86.0,0.0,26
9611871,2025-10,64.37,50.0,1.0,0
9611871,2025-11,52.25,50.0,0.97,1
9611871,2025-12,51.94,50.0,1.0,0
9611871,2026-01,44.55,50.0,0.0,31
9611871,2026-02,44.32,50.0,0.0,28
9611871,2026-03,44.14,50.0,0.0,31
9611871,2026-04,52.0,50.0,0.0,30
9611871,2026-05,52.42,50.0,0.0,31
9611871,2026-06,52.0,50.0,0.0,30
9611871,2026-07,52.18,50.0,0.0,31
9611871,2026-08,65.22,50.0,0.0,31
9611871,2026-09,65.0,50.0,0.0,30
9611871,2026-10,65.38,50.0,0.0,26
9792873,2025-10,63.09,49.0,1.0,0
9792873,2025-11,51.21,49.0,1.0,0
9792873,2025-12,50.9,49.0,1.0,0
9792873,2026-01,43.67,49.0,1.0,0
9792873,2026-02,43.44,49.0,0.0,28
9792873,2026-03,43.26,49.0,0.0,31
9792873,2026-04,50.96,49.0,0.0,30
9792873,2026-05,51.37,49.0,0.0,31
9792873,2026-06,50.96,49.0,0.0,30
9792873,2026-07,51.13,49.0,0.0,31
9792873,2026-08,63.92,49.0,0.0,31
9792873,2026-09,63.7,49.0,0.0,30
9792873,2026-10,64.08,49.0,0.0,26
11640390,2025-10,150.64,117.0,1.0,0
11640390,2025-11,122.27,117.0,1.0,0
11640390,2025-12,121.53,117.0,0.61,12
11640390,2026-01,104.26,117.0,0.94,2
11640390,2026-02,103.71,117.0,1.0,0
11640390,2026-03,103.3,117.0,1.0,0
11640390,2026-04,121.68,117.0,1.0,0
11640390,2026-05,122.66,117.0,1.0,0
11640390,2026-06,121.68,117.0,1.0,0
11640390,2026-07,122.1,117.0,1.0,0
11640390,2026-08,152.62,117.0,1.0,0
11640390,2026-09,152.1,117.0,1.0,0
11640390,2026-10,153.0,117.0,1.0,0
12089948,2025-10,72.1,56.0,0.6,2
12089948,2025-11,58.52,56.0,0.5,15
12089948,2025-12,58.17,56.0,0.42,18
12089948,2026-01,49.9,56.0,0.13,27
12089948,2026-02,49.64,56.0,0.32,19
12089948,2026-03,49.44,56.0,0.1,28
12089948,2026-04,58.24,56.0,0.17,25
12089948,2026-05,58.71,56.0,0.0,31
12089948,2026-06,58.24,56.0,0.0,30
12089948,2026-07,58.44,56.0,0.26,23
12089948,2026-08,73.05,56.0,1.0,0
12089948,2026-09,72.8,56.0,1.0,0
12089948,2026-10,73.23,56.0,1.0,0
12531604,2025-10,119.74,93.0,0.4,3
12531604,2025-11,97.18,93.0,0.13,26
12531604,2025-12,96.6,93.0,0.0,31
12531604,2026-01,82.88,93.0,0.0,31
12531604,2026-02,82.44,93.0,0.0,28
12531604,2026-03,82.11,93.0,0.0,31
12531604,2026-04,96.72,93.0,1.0,0
12531604,2026-05,97.5,93.0,1.0,0
12531604,2026-06,96.72,93.0,1.0,0
12531604,2026-07,97.05,93.0,0.0,31
12531604,2026-08,121.31,93.0,0.0,31
12531604,2026-09,120.9,93.0,0.0,30
12531604,2026-10,121.62,93.0,0.0,26
12792772,2025-10,86.26,67.0,1.0,0
12792772,2025-11,70.02,67.0,1.0,0
12792772,2025-12,69.59,67.0,1.0,0
12792772,2026-01,59.7,67.0,1.0,0
12792772,2026-02,59.39,67.0,1.0,0
12792772,2026-03,59.15,67.0,1.0,0
12792772,2026-04,69.68,67.0,1.0,0
12792772,2026-05,70.24,67.0,1.0,0
12792772,2026-06,69.68,67.0,1.0,0
12792772,2026-07,69.92,67.0,1.0,0
12792772,2026-08,87.4,67.0,1.0,0
12792772,2026-09,87.1,67.0,1.0,0
12792772,2026-10,87.61,67.0,1.0,0
13361222,2025-10,99.14,77.0,0.2,4
13361222,2025-11,80.46,77.0,0.33,20
13361222,2025-12,79.98,77.0,0.26,23
13361222,2026-01,68.62,77.0,0.0,31
13361222,2026-02,68.26,77.0,0.0,28
13361222,2026-03,67.98,77.0,0.0,31
13361222,2026-04,80.08,77.0,0.0,30
13361222,2026-05,80.73,77.0,0.13,27
13361222,2026-06,80.08,77.0,0.0,30
13361222,2026-07,80.35,77.0,0.0,31
13361222,2026-08,100.44,77.0,0.0,31
13361222,2026-09,100.1,77.0,0.0,30
13361222,2026-10,100.69,77.0,0.0,26
13991946,2025-10,72.1,56.0,1.0,0
13991946,2025-11,58.52,56.0,0.03,29
13991946,2025-12,58.17,56.0,0.0,31
13991946,2026-01,49.9,56.0,0.0,31
13991946,2026-02,49.64,56.0,0.0,28
13991946,2026-03,49.44,56.0,0.0,31
13991946,2026-04,58.24,56.0,0.2,24
13991946,2026-05,58.71,56.0,1.0,0
13991946,2026-06,58.24,56.0,1.0,0
13991946,2026-07,58.44,56.0,1.0,0
13991946,2026-08,73.05,56.0,1.0,0
13991946,2026-09,72.8,56.0,1.0,0
13991946,2026-10,73.23,56.0,1.0,0
14309254,2025-10,150.64,117.0,0.2,4
14309254,2025-11,122.27,117.0,0.2,24
14309254,2025-12,121.53,117.0,0.0,31
14309254,2026-01,104.26,117.0,0.0,31
14309254,2026-02,103.71,117.0,0.0,28
14309254,2026-03,103.3,117.0,0.0,31
14309254,2026-04,121.68,117.0,0.0,30
14309254,2026-05,122.66,117.0,0.0,31
14309254,2026-06,121.68,117.0,1.0,0
14309254,2026-07,122.1,117.0,1.0,0
14309254,2026-08,152.62,117.0,1.0,0
14309254,2026-09,152.1,117.0,1.0,0
14309254,2026-10,153.0,117.0,1.0,0
14340087,2025-10,,,0.2,4
14340087,2025-11,,,0.23,23
14340087,2025-12,,,0.29,22
14340087,2026-01,,,0.0,31
14340087,2026-02,,,0.0,28
14340087,2026-03,,,0.0,31
14340087,2026-04,,,0.0,30
14340087,2026-05,,,0.0,31
14340087,2026-06,,,0.0,30
14340087,2026-07,,,0.0,31
14340087,2026-08,,,0.0,31
14340087,2026-09,,,0.0,30
14340087,2026-10,,,0.0,26
14530809,2025-10,96.56,75.0,0.0,5
14530809,2025-11,78.38,75.0,0.33,20
14530809,2025-12,77.9,75.0,0.0,31
14530809,2026-01,66.83,75.0,0.0,31
14530809,2026-02,66.48,75.0,0.0,28
14530809,2026-03,66.22,75.0,0.0,31
14530809,2026-04,78.0,75.0,0.0,30
14530809,2026-05,78.63,75.0,0.0,31
14530809,2026-06,78.0,75.0,0.0,30
14530809,2026-07,78.27,75.0,0.0,31
14530809,2026-08,97.83,75.0,0.0,31
14530809,2026-09,97.5,75.0,0.0,30
14530809,2026-10,98.08,75.0,0.0,26
14807695,2025-10,68.24,53.0,1.0,0
14807695,2025-11,55.38,53.0,1.0,0
14807695,2025-12,55.05,53.0,0.42,18
14807695,2026-01,47.23,53.0,0.0,31
14807695,2026-02,46.98,53.0,0.5,14
14807695,2026-03,46.79,53.0,1.0,0
14807695,2026-04,55.12,53.0,1.0,0
14807695,2026-05,55.56,53.0,1.0,0
14807695,2026-06,55.12,53.0,1.0,0
14807695,2026-07,55.31,53.0,1.0,0
14807695,2026-08,69.14,53.0,1.0,0
14807695,2026-09,68.9,53.0,1.0,0
14807695,2026-10,69.31,53.0,1.0,0
15398931,2025-10,226.6,176.0,0.2,4
15398931,2025-11,183.92,176.0,0.17,25
15398931,2025-12,182.81,176.0,0.0,31
15398931,2026-01,156.84,176.0,0.0,31
15398931,2026-02,156.01,176.0,0.0,28
15398931,2026-03,155.39,176.0,0.1,28
15398931,2026-04,183.04,176.0,0.0,30
15398931,2026-05,184.52,176.0,0.23,24
15398931,2026-06,183.04,176.0,0.0,30
15398931,2026-07,183.66,176.0,0.0,31
15398931,2026-08,229.58,176.0,0.0,31
15398931,2026-09,228.8,176.0,0.0,30
15398931,2026-10,230.15,176.0,0.0,26
15400239,2025-10,180.25,140.0,0.2,4
15400239,2025-11,146.3,140.0,0.17,25
15400239,2025-12,145.42,140.0,0.0,31
15400239,2026-01,124.76,140.0,0.0,31
15400239,2026-02,124.1,140.0,0.0,28
15400239,2026-03,123.61,140.0,0.1,28
15400239,2026-04,145.6,140.0,0.0,30
15400239,2026-05,146.77,140.0,0.23,24
15400239,2026-06,145.6,140.0,0.0,30
15400239,2026-07,146.1,140.0,0.0,31
15400239,2026-08,182.62,140.0,0.0,31
15400239,2026-09,182.0,140.0,0.0,30
15400239,2026-10,183.08,140.0,0.0,26
15400428,2025-10,261.36,203.0,0.2,4
15400428,2025-11,212.14,203.0,0.17,25
15400428,2025-12,210.86,203.0,0.0,31
15400428,2026-01,180.9,203.0,0.0,31
15400428,2026-02,179.94,203.0,0.0,28
15400428,2026-03,179.23,203.0,0.1,28
15400428,2026-04,211.12,203.0,0.0,30
15400428,2026-05,212.82,203.0,0.23,24
15400428,2026-06,211.12,203.0,0.0,30
15400428,2026-07,211.84,203.0,0.0,31
15400428,2026-08,264.8,203.0,0.0,31
15400428,2026-09,263.9,203.0,0.0,30
15400428,2026-10,265.46,203.0,0.0,26
15400534,2025-10,346.34,269.0,0.2,4
15400534,2025-11,281.1,269.0,0.17,25
15400534,2025-12,279.41,269.0,0.0,31
15400534,2026-01,239.71,269.0,0.0,31
15400534,2026-02,238.45,269.0,0.0,28
15400534,2026-03,237.5,269.0,0.13,27
15400534,2026-04,279.76,269.0,0.0,30
15400534,2026-05,282.02,269.0,0.23,24
15400534,2026-06,279.76,269.0,0.0,30
15400534,2026-07,280.71,269.0,0.0,31
15400534,2026-08,350.89,269.0,0.0,31
15400534,2026-09,349.7,269.0,0.0,30
15400534,2026-10,351.77,269.0,0.0,26
15938812,2025-10,81.11,63.0,1.0,0
15938812,2025-11,65.83,63.0,1.0,0
15938812,2025-12,65.44,63.0,1.0,0
15938812,2026-01,56.14,63.0,0.19,25
15938812,2026-02,55.84,63.0,0.0,28
15938812,2026-03,55.62,63.0,0.0,31
15938812,2026-04,65.52,63.0,0.2,24
15938812,2026-05,66.05,63.0,1.0,0
15938812,2026-06,65.52,63.0,1.0,0
15938812,2026-07,65.74,63.0,1.0,0
15938812,2026-08,82.18,63.0,1.0,0
15938812,2026-09,81.9,63.0,1.0,0
15938812,2026-10,82.38,63.0,1.0,0
16139284,2025-10,,,1.0,0
16139284,2025-11,,,1.0,0
16139284,2025-12,,,0.45,17
16139284,2026-01,,,0.0,31
16139284,2026-02,,,0.0,28
16139284,2026-03,,,0.0,31
16139284,2026-04,,,0.0,30
16139284,2026-05,,,0.23,24
16139284,2026-06,,,0.0,30
16139284,2026-07,,,0.0,31
16139284,2026-08,,,0.0,31
16139284,2026-09,,,0.0,30
16139284,2026-10,,,0.0,26
16148886,2025-10,112.01,87.0,1.0,0
16148886,2025-11,90.92,87.0,0.2,24
16148886,2025-12,90.37,87.0,0.06,29
16148886,2026-01,77.53,87.0,0.0,31
16148886,2026-02,77.12,87.0,0.0,28
16148886,2026-03,76.81,87.0,0.0,31
16148886,2026-04,90.48,87.0,0.0,30
16148886,2026-05,91.21,87.0,0.0,31
16148886,2026-06,90.48,87.0,0.27,22
16148886,2026-07,90.79,87.0,0.0,31
16148886,2026-08,113.49,87.0,0.0,31
16148886,2026-09,113.1,87.0,0.0,30
16148886,2026-10,113.77,87.0,0.0,26
16224857,2025-10,136.48,106.0,0.6,2
16224857,2025-11,110.77,106.0,0.6,12
16224857,2025-12,110.1,106.0,0.52,15
16224857,2026-01,94.46,106.0,0.23,24
16224857,2026-02,93.96,106.0,1.0,0
16224857,2026-03,93.59,106.0,1.0,0
16224857,2026-04,110.24,106.0,1.0,0
16224857,2026-05,111.13,106.0,1.0,0
16224857,2026-06,110.24,106.0,1.0,0
16224857,2026-07,110.62,106.0,1.0,0
16224857,2026-08,138.27,106.0,1.0,0
16224857,2026-09,137.8,106.0,1.0,0
16224857,2026-10,138.62,106.0,1.0,0
16232581,2025-10,122.31,95.0,0.2,4
16232581,2025-11,99.28,95.0,0.47,16
16232581,2025-12,98.68,95.0,0.0,31
16232581,2026-01,84.66,95.0,0.0,31
16232581,2026-02,84.21,95.0,0.0,28
16232581,2026-03,83.88,95.0,0.0,31
16232581,2026-04,98.8,95.0,0.2,24
16232581,2026-05,99.6,95.0,1.0,0
16232581,2026-06,98.8,95.0,1.0,0
16232581,2026-07,99.14,95.0,1.0,0
16232581,2026-08,123.92,95.0,1.0,0
16232581,2026-09,123.5,95.0,1.0,0
16232581,2026-10,124.23,95.0,1.0,0
17000524,2025-10,266.51,207.0,0.0,5
17000524,2025-11,216.32,207.0,0.0,30
17000524,2025-12,215.01,207.0,0.0,31
17000524,2026-01,184.46,207.0,0.0,31
17000524,2026-02,183.49,207.0,0.0,28
17000524,2026-03,182.76,207.0,0.0,31
17000524,2026-04,215.28,207.0,0.0,30
17000524,2026-05,217.02,207.0,0.06,29
17000524,2026-06,215.28,207.0,0.0,30
17000524,2026-07,216.01,207.0,0.0,31
17000524,2026-08,270.02,207.0,0.0,31
17000524,2026-09,269.1,207.0,0.0,30
17000524,2026-10,270.69,207.0,0.0,26
17255511,2025-10,123.6,96.0,0.2,4
17255511,2025-11,100.32,96.0,0.8,6
17255511,2025-12,99.72,96.0,0.68,10
17255511,2026-01,85.55,96.0,0.16,26
17255511,2026-02,85.1,96.0,0.0,28
17255511,2026-03,84.76,96.0,0.0,31
17255511,2026-04,99.84,96.0,0.0,30
17255511,2026-05,100.65,96.0,0.0,31
17255511,2026-06,99.84,96.0,0.0,30
17255511,2026-07,100.18,96.0,0.26,23
17255511,2026-08,125.23,96.0,1.0,0
17255511,2026-09,124.8,96.0,1.0,0
17255511,2026-10,125.54,96.0,1.0,0
17496192,2025-10,153.21,119.0,0.2,4
17496192,2025-11,124.36,119.0,0.93,2
17496192,2025-12,123.61,119.0,0.16,26
17496192,2026-01,106.04,119.0,0.0,31
17496192,2026-02,105.48,119.0,0.0,28
17496192,2026-03,105.06,119.0,0.23,24
17496192,2026-04,123.76,119.0,0.3,21
17496192,2026-05,124.76,119.0,0.0,31
17496192,2026-06,123.76,119.0,1.0,0
17496192,2026-07,124.18,119.0,1.0,0
17496192,2026-08,155.23,119.0,1.0,0
17496192,2026-09,154.7,119.0,1.0,0
17496192,2026-10,155.61,119.0,1.0,0
17976543,2025-10,229.18,178.0,0.0,5
17976543,2025-11,186.01,178.0,0.1,27
17976543,2025-12,184.89,178.0,0.0,31
17976543,2026-01,158.62,178.0,0.0,31
17976543,2026-02,157.78,178.0,0.0,28
17976543,2026-03,157.16,178.0,0.0,31
17976543,2026-04,185.12,178.0,0.0,30
17976543,2026-05,186.61,178.0,0.0,31
17976543,2026-06,185.12,178.0,0.0,30
17976543,2026-07,185.75,178.0,0.0,31
17976543,2026-08,232.19,178.0,0.0,31
17976543,2026-09,231.4,178.0,1.0,0
17976543,2026-10,232.77,178.0,1.0,0
18474693,2025-10,66.95,52.0,0.0,5
18474693,2025-11,54.34,52.0,0.17,25
18474693,2025-12,54.01,52.0,0.06,29
18474693,2026-01,46.34,52.0,0.0,31
18474693,2026-02,46.09,52.0,0.0,28
18474693,2026-03,45.91,52.0,0.0,31
18474693,2026-04,54.08,52.0,0.0,30
18474693,2026-05,54.52,52.0,0.0,31
18474693,2026-06,54.08,52.0,0.0,30
18474693,2026-07,54.26,52.0,0.26,23
18474693,2026-08,67.83,52.0,1.0,0
18474693,2026-09,67.6,52.0,1.0,0
18474693,2026-10,68.0,52.0,1.0,0
18747680,2025-10,59.22,46.0,1.0,0
18747680,2025-11,48.07,46.0,1.0,0
18747680,2025-12,47.78,46.0,0.9,3
18747680,2026-01,40.99,46.0,0.0,31
18747680,2026-02,40.77,46.0,0.0,28
18747680,2026-03,40.61,46.0,0.0,31
18747680,2026-04,47.84,46.0,0.0,30
18747680,2026-05,48.23,46.0,0.0,31
18747680,2026-06,47.84,46.0,0.0,30
18747680,2026-07,48.0,46.0,0.0,31
18747680,2026-08,60.0,46.0,0.0,31
18747680,2026-09,59.8,46.0,0.0,30
18747680,2026-10,60.15,46.0,0.0,26
19141060,2025-10,,,0.2,4
19141060,2025-11,,,0.0,30
19141060,2025-12,,,0.0,31
19141060,2026-01,,,0.0,31
19141060,2026-02,,,0.0,28
19141060,2026-03,,,0.0,31
19141060,2026-04,,,0.0,30
19141060,2026-05,,,0.0,31
19141060,2026-06,,,0.0,30
19141060,2026-07,,,0.0,31
19141060,2026-08,,,0.0,31
19141060,2026-09,,,0.0,30
19141060,2026-10,,,0.0,26
19545359,2025-10,193.12,150.0,0.2,4
19545359,2025-11,156.75,150.0,0.0,30
19545359,2025-12,155.81,150.0,0.0,31
19545359,2026-01,133.67,150.0,0.0,31
19545359,2026-02,132.96,150.0,0.0,28
19545359,2026-03,132.43,150.0,0.0,31
19545359,2026-04,156.0,150.0,0.0,30
19545359,2026-05,157.26,150.0,0.0,31
19545359,2026-06,156.0,150.0,0.0,30
19545359,2026-07,156.53,150.0,0.0,31
19545359,2026-08,195.66,150.0,0.0,31
19545359,2026-09,195.0,150.0,0.0,30
19545359,2026-10,196.15,150.0,0.0,26
19550914,2025-10,,,1.0,0
19550914,2025-11,,,0.7,9
19550914,2025-12,,,0.52,15
19550914,2026-01,,,0.0,31
19550914,2026-02,,,0.0,28
19550914,2026-03,,,0.0,31
19550914,2026-04,,,0.1,27
19550914,2026-05,,,0.35,20
19550914,2026-06,,,0.23,23
19550914,2026-07,,,0.0,31
19550914,2026-08,,,0.0,31
19550914,2026-09,,,0.0,30
19550914,2026-10,,,0.0,26
19709913,2025-10,73.39,57.0,1.0,0
19709913,2025-11,59.57,57.0,1.0,0
19709913,2025-12,59.21,57.0,1.0,0
19709913,2026-01,50.8,57.0,1.0,0
19709913,2026-02,50.53,57.0,1.0,0
19709913,2026-03,50.33,57.0,1.0,0
19709913,2026-04,59.28,57.0,0.3,21
19709913,2026-05,59.76,57.0,1.0,0
19709913,2026-06,59.28,57.0,1.0,0
19709913,2026-07,59.48,57.0,1.0,0
19709913,2026-08,74.35,57.0,1.0,0
19709913,2026-09,74.1,57.0,1.0,0
19709913,2026-10,74.54,57.0,1.0,0
19729241,2025-10,206.0,160.0,0.4,3
19729241,2025-11,167.2,160.0,0.97,1
19729241,2025-12,166.19,160.0,0.42,18
19729241,2026-01,142.58,160.0,0.03,30
19729241,2026-02,141.83,160.0,0.0,28
19729241,2026-03,141.26,160.0,0.61,12
19729241,2026-04,166.4,160.0,1.0,0
19729241,2026-05,167.74,160.0,0.68,10
19729241,2026-06,166.4,160.0,0.17,25
19729241,2026-07,166.97,160.0,0.0,31
19729241,2026-08,208.71,160.0,0.0,31
19729241,2026-09,208.0,160.0,0.0,30
19729241,2026-10,209.23,160.0,0.0,26
20138634,2025-10,320.59,249.0,0.2,4
20138634,2025-11,260.21,249.0,0.03,29
20138634,2025-12,258.64,249.0,0.13,27
20138634,2026-01,221.89,249.0,0.0,31
20138634,2026-02,220.72,249.0,0.0,28
20138634,2026-03,219.84,249.0,0.0,31
20138634,2026-04,258.96,249.0,0.0,30
20138634,2026-05,261.05,249.0,0.16,26
20138634,2026-06,258.96,249.0,0.0,30
20138634,2026-07,259.84,249.0,0.0,31
20138634,2026-08,324.81,249.0,0.0,31
20138634,2026-09,323.7,249.0,0.0,30
20138634,2026-10,325.62,249.0,0.0,26
20212761,2025-10,220.16,171.0,0.0,5
20212761,2025-11,178.7,171.0,0.0,30
20212761,2025-12,177.62,171.0,0.0,31
20212761,2026-01,152.38,171.0,0.0,31
20212761,2026-02,151.58,171.0,0.0,28
20212761,2026-03,150.98,171.0,0.0,31
20212761,2026-04,177.84,171.0,0.2,24
20212761,2026-05,179.27,171.0,1.0,0
20212761,2026-06,177.84,171.0,1.0,0
20212761,2026-07,178.45,171.0,1.0,0
20212761,2026-08,223.06,171.0,1.0,0
20212761,2026-09,222.3,171.0,1.0,0
20212761,2026-10,223.61,171.0,1.0,0
20761088,2025-10,114.59,89.0,0.6,2
20761088,2025-11,93.01,89.0,0.1,27
20761088,2025-12,92.45,89.0,1.0,0
20761088,2026-01,79.31,89.0,0.13,27
20761088,2026-02,78.89,89.0,0.0,28
20761088,2026-03,78.58,89.0,0.0,31
20761088,2026-04,92.56,89.0,0.0,30
20761088,2026-05,93.31,89.0,0.0,31
20761088,2026-06,92.56,89.0,0.0,30
20761088,2026-07,92.88,89.0,0.0,31
20761088,2026-08,116.1,89.0,0.0,31
20761088,2026-09,115.7,89.0,0.0,30
20761088,2026-10,116.39,89.0,0.0,26
20965960,2025-10,131.32,102.0,1.0,0
20965960,2025-11,106.59,102.0,0.9,3
20965960,2025-12,105.95,102.0,0.0,31
20965960,2026-01,90.89,102.0,0.29,22
20965960,2026-02,90.41,102.0,0.0,28
20965960,2026-03,90.05,102.0,0.0,31
20965960,2026-04,106.08,102.0,0.0,30
20965960,2026-05,106.94,102.0,0.0,31
20965960,2026-06,106.08,102.0,0.0,30
20965960,2026-07,106.44,102.0,0.0,31
20965960,2026-08,133.05,102.0,0.0,31
20965960,2026-09,132.6,102.0,0.0,30
20965960,2026-10,133.38,102.0,0.0,26
21376207,2025-10,142.91,111.0,1.0,0
21376207,2025-11,115.99,111.0,0.73,8
21376207,2025-12,115.3,111.0,0.0,31
21376207,2026-01,98.91,111.0,0.0,31
21376207,2026-02,98.39,111.0,0.0,28
21376207,2026-03,98.0,111.0,0.0,31
21376207,2026-04,115.44,111.0,0.0,30
21376207,2026-05,116.37,111.0,0.0,31
21376207,2026-06,115.44,111.0,0.0,30
21376207,2026-07,115.83,111.0,0.26,23
21376207,2026-08,144.79,111.0,1.0,0
21376207,2026-09,144.3,111.0,1.0,0
21376207,2026-10,145.15,111.0,1.0,0
21556659,2025-10,88.84,69.0,0.4,3
21556659,2025-11,72.1,69.0,0.4,18
21556659,2025-12,71.67,69.0,0.23,24
21556659,2026-01,61.49,69.0,0.0,31
21556659,2026-02,61.16,69.0,1.0,0
21556659,2026-03,60.92,69.0,1.0,0
21556659,2026-04,71.76,69.0,1.0,0
21556659,2026-05,72.34,69.0,1.0,0
21556659,2026-06,71.76,69.0,1.0,0
21556659,2026-07,72.0,69.0,1.0,0
21556659,2026-08,90.01,69.0,1.0,0
21556659,2026-09,89.7,69.0,1.0,0
21556659,2026-10,90.23,69.0,1.0,0
21799480,2025-10,135.19,105.0,1.0,0
21799480,2025-11,109.72,105.0,0.53,14
21799480,2025-12,109.06,105.0,0.26,23
21799480,2026-01,93.57,105.0,0.03,30
21799480,2026-02,93.08,105.0,0.0,28
21799480,2026-03,92.71,105.0,0.0,31
21799480,2026-04,109.2,105.0,0.33,20
21799480,2026-05,110.08,105.0,1.0,0
21799480,2026-06,109.2,105.0,1.0,0
21799480,2026-07,109.57,105.0,1.0,0
21799480,2026-08,136.97,105.0,1.0,0
21799480,2026-09,136.5,105.0,1.0,0
21799480,2026-10,137.31,105.0,1.0,0
22334766,2025-10,193.12,150.0,1.0,0
22334766,2025-11,156.75,150.0,1.0,0
22334766,2025-12,155.81,150.0,1.0,0
22334766,2026-01,133.67,150.0,1.0,0
22334766,2026-02,132.96,150.0,1.0,0
22334766,2026-03,132.43,150.0,1.0,0
22334766,2026-04,156.0,150.0,1.0,0
22334766,2026-05,157.26,150.0,1.0,0
22334766,2026-06,156.0,150.0,0.27,22
22334766,2026-07,156.53,150.0,0.0,31
22334766,2026-08,195.66,150.0,0.0,31
22334766,2026-09,195.0,150.0,0.0,30
22334766,2026-10,196.15,150.0,0.0,26
23092653,2025-10,266.51,207.0,1.0,0
23092653,2025-11,216.32,207.0,0.53,14
23092653,2025-12,215.01,207.0,0.0,31
23092653,2026-01,184.46,207.0,0.23,24
23092653,2026-02,183.49,207.0,1.0,0
23092653,2026-03,182.76,207.0,1.0,0
23092653,2026-04,215.28,207.0,1.0,0
23092653,2026-05,217.02,207.0,1.0,0
23092653,2026-06,215.28,207.0,1.0,0
23092653,2026-07,216.01,207.0,1.0,0
23092653,2026-08,270.02,207.0,1.0,0
23092653,2026-09,269.1,207.0,1.0,0
23092653,2026-10,270.69,207.0,1.0,0
23092885,2025-10,281.96,219.0,0.2,4
23092885,2025-11,228.86,219.0,0.0,30
23092885,2025-12,227.48,219.0,0.0,31
23092885,2026-01,195.16,219.0,0.23,24
23092885,2026-02,194.13,219.0,1.0,0
23092885,2026-03,193.36,219.0,1.0,0
23092885,2026-04,227.76,219.0,1.0,0
23092885,2026-05,229.6,219.0,1.0,0
23092885,2026-06,227.76,219.0,1.0,0
23092885,2026-07,228.54,219.0,1.0,0
23092885,2026-08,285.67,219.0,1.0,0
23092885,2026-09,284.7,219.0,1.0,0
23092885,2026-10,286.38,219.0,1.0,0
23398807,2025-10,229.18,178.0,1.0,0
23398807,2025-11,186.01,178.0,0.9,3
23398807,2025-12,184.89,178.0,0.65,11
23398807,2026-01,158.62,178.0,0.94,2
23398807,2026-02,157.78,178.0,1.0,0
23398807,2026-03,157.16,178.0,1.0,0
23398807,2026-04,185.12,178.0,1.0,0
23398807,2026-05,186.61,178.0,1.0,0
23398807,2026-06,185.12,178.0,1.0,0
23398807,2026-07,185.75,178.0,1.0,0
23398807,2026-08,232.19,178.0,1.0,0
23398807,2026-09,231.4,178.0,1.0,0
23398807,2026-10,232.77,178.0,1.0,0
23526708,2025-10,,,1.0,0
23526708,2025-11,,,1.0,0
23526708,2025-12,,,1.0,0
23526708,2026-01,,,1.0,0
23526708,2026-02,,,1.0,0
23526708,2026-03,,,1.0,0
23526708,2026-04,,,1.0,0
23526708,2026-05,,,1.0,0
23526708,2026-06,,,1.0,0
23526708,2026-07,,,1.0,0
23526708,2026-08,,,1.0,0
23526708,2026-09,,,1.0,0
23526708,2026-10,,,1.0,0
23576655,2025-10,186.69,145.0,0.0,5
23576655,2025-11,151.52,145.0,0.0,30
23576655,2025-12,150.61,145.0,0.0,31
23576655,2026-01,129.21,145.0,0.0,31
23576655,2026-02,128.53,145.0,0.0,28
23576655,2026-03,128.02,145.0,0.0,31
23576655,2026-04,150.8,145.0,0.0,30
23576655,2026-05,152.02,145.0,0.0,31
23576655,2026-06,150.8,145.0,0.0,30
23576655,2026-07,151.31,145.0,0.0,31
23576655,2026-08,189.14,145.0,0.0,31
23576655,2026-09,188.5,145.0,0.0,30
23576655,2026-10,189.62,145.0,0.0,26
24156862,2025-10,157.07,122.0,0.0,5
24156862,2025-11,127.49,122.0,0.13,26
24156862,2025-12,126.72,122.0,0.0,31
24156862,2026-01,108.72,122.0,0.84,5
24156862,2026-02,108.14,122.0,1.0,0
24156862,2026-03,107.71,122.0,1.0,0
24156862,2026-04,126.88,122.0,1.0,0
24156862,2026-05,127.9,122.0,1.0,0
24156862,2026-06,126.88,122.0,0.0,30
24156862,2026-07,127.31,122.0,0.26,23
24156862,2026-08,159.14,122.0,1.0,0
24156862,2026-09,158.6,122.0,1.0,0
24156862,2026-10,159.54,122.0,1.0,0
24185610,2025-10,449.34,349.0,0.2,4
24185610,2025-11,364.7,349.0,0.17,25
24185610,2025-12,362.51,349.0,0.13,27
24185610,2026-01,311.0,349.0,0.0,31
24185610,2026-02,309.36,349.0,0.04,27
24185610,2026-03,308.13,349.0,0.0,31
24185610,2026-04,362.96,349.0,0.0,30
24185610,2026-05,365.89,349.0,0.16,26
24185610,2026-06,362.96,349.0,0.1,27
24185610,2026-07,364.2,349.0,0.03,30
24185610,2026-08,455.25,349.0,0.0,31
24185610,2026-09,453.7,349.0,0.07,28
24185610,2026-10,456.39,349.0,0.08,24
24454463,2025-10,145.49,113.0,1.0,0
24454463,2025-11,118.08,113.0,0.67,10
24454463,2025-12,117.37,113.0,0.06,29
24454463,2026-01,100.7,113.0,0.0,31
24454463,2026-02,100.17,113.0,0.0,28
24454463,2026-03,99.77,113.0,0.0,31
24454463,2026-04,117.52,113.0,0.2,24
24454463,2026-05,118.47,113.0,1.0,0
24454463,2026-06,117.52,113.0,1.0,0
24454463,2026-07,117.92,113.0,1.0,0
24454463,2026-08,147.4,113.0,1.0,0
24454463,2026-09,146.9,113.0,1.0,0
24454463,2026-10,147.77,113.0,1.0,0
24519787,2025-10,177.68,138.0,0.6,2
24519787,2025-11,144.21,138.0,0.37,19
24519787,2025-12,143.34,138.0,0.42,18
24519787,2026-01,122.97,138.0,0.03,30
24519787,2026-02,122.33,138.0,0.0,28
24519787,2026-03,121.84,138.0,0.03,30
24519787,2026-04,143.52,138.0,0.03,29
24519787,2026-05,144.68,138.0,0.23,24
24519787,2026-06,143.52,138.0,0.0,30
24519787,2026-07,144.01,138.0,0.39,19
24519787,2026-08,180.01,138.0,0.0,31
24519787,2026-09,179.4,138.0,0.0,30
24519787,2026-10,180.46,138.0,0.15,22
24780348,2025-10,87.55,68.0,1.0,0
24780348,2025-11,71.06,68.0,1.0,0
24780348,2025-12,70.63,68.0,1.0,0
24780348,2026-01,60.6,68.0,1.0,0
24780348,2026-02,60.28,68.0,1.0,0
24780348,2026-03,60.04,68.0,1.0,0
24780348,2026-04,70.72,68.0,1.0,0
24780348,2026-05,71.29,68.0,1.0,0
24780348,2026-06,70.72,68.0,1.0,0
24780348,2026-07,70.96,68.0,1.0,0
24780348,2026-08,88.7,68.0,1.0,0
24780348,2026-09,88.4,68.0,1.0,0
24780348,2026-10,88.92,68.0,1.0,0
25135201,2025-10,166.09,129.0,0.0,5
25135201,2025-11,134.8,129.0,0.0,30
25135201,2025-12,133.99,129.0,0.0,31
25135201,2026-01,114.96,129.0,0.0,31
25135201,2026-02,114.35,129.0,0.0,28
25135201,2026-03,113.9,129.0,0.0,31
25135201,2026-04,134.16,129.0,0.2,24
25135201,2026-05,135.24,129.0,1.0,0
25135201,2026-06,134.16,129.0,1.0,0
25135201,2026-07,134.62,129.0,1.0,0
25135201,2026-08,168.27,129.0,1.0,0
25135201,2026-09,167.7,129.0,1.0,0
25135201,2026-10,168.69,129.0,1.0,0
25808418,2025-10,126.18,98.0,1.0,0
25808418,2025-11,102.41,98.0,0.93,2
25808418,2025-12,101.79,98.0,1.0,0
25808418,2026-01,87.33,98.0,1.0,0
25808418,2026-02,86.87,98.0,1.0,0
25808418,2026-03,86.52,98.0,1.0,0
25808418,2026-04,101.92,98.0,1.0,0
25808418,2026-05,102.74,98.0,1.0,0
25808418,2026-06,101.92,98.0,1.0,0
25808418,2026-07,102.27,98.0,1.0,0
25808418,2026-08,127.84,98.0,1.0,0
25808418,2026-09,127.4,98.0,1.0,0
25808418,2026-10,128.16,98.0,1.0,0
26084729,2025-10,72.1,56.0,0.6,2
26084729,2025-11,58.52,56.0,0.2,24
26084729,2025-12,58.17,56.0,0.0,31
26084729,2026-01,49.9,56.0,0.0,31
26084729,2026-02,49.64,56.0,0.0,28
26084729,2026-03,49.44,56.0,0.0,31
26084729,2026-04,58.24,56.0,0.0,30
26084729,2026-05,58.71,56.0,0.0,31
26084729,2026-06,58.24,56.0,0.0,30
26084729,2026-07,58.44,56.0,0.26,23
26084729,2026-08,73.05,56.0,1.0,0
26084729,2026-09,72.8,56.0,1.0,0
26084729,2026-10,73.23,56.0,1.0,0
26319307,2025-10,328.31,255.0,0.4,3
26319307,2025-11,266.48,255.0,0.3,21
26319307,2025-12,264.87,255.0,0.32,21
26319307,2026-01,227.24,255.0,0.16,26
26319307,2026-02,226.04,255.0,0.0,28
26319307,2026-03,225.14,255.0,0.16,26
26319307,2026-04,265.2,255.0,0.1,27
26319307,2026-05,267.34,255.0,0.19,25
26319307,2026-06,265.2,255.0,0.07,28
26319307,2026-07,266.1,255.0,0.13,27
26319307,2026-08,332.63,255.0,0.0,31
26319307,2026-09,331.5,255.0,0.0,30
26319307,2026-10,333.46,255.0,0.0,26
26413565,2025-10,274.24,213.0,0.6,2
26413565,2025-11,222.58,213.0,0.0,30
26413565,2025-12,221.25,213.0,0.0,31
26413565,2026-01,189.81,213.0,0.23,24
26413565,2026-02,188.81,213.0,1.0,0
26413565,2026-03,188.06,213.0,1.0,0
26413565,2026-04,221.52,213.0,1.0,0
26413565,2026-05,223.31,213.0,1.0,0
26413565,2026-06,221.52,213.0,1.0,0
26413565,2026-07,222.28,213.0,1.0,0
26413565,2026-08,277.85,213.0,1.0,0
26413565,2026-09,276.9,213.0,1.0,0
26413565,2026-10,278.54,213.0,1.0,0
26660129,2025-10,,,1.0,0
26660129,2025-11,,,1.0,0
26660129,2025-12,,,0.97,1
26660129,2026-01,,,0.23,24
26660129,2026-02,,,1.0,0
26660129,2026-03,,,1.0,0
26660129,2026-04,,,1.0,0
26660129,2026-05,,,1.0,0
26660129,2026-06,,,1.0,0
26660129,2026-07,,,1.0,0
26660129,2026-08,,,1.0,0
26660129,2026-09,,,1.0,0
26660129,2026-10,,,1.0,0
26685704,2025-10,173.81,135.0,0.6,2
26685704,2025-11,141.07,135.0,0.37,19
26685704,2025-12,140.23,135.0,0.06,29
26685704,2026-01,120.3,135.0,0.0,31
26685704,2026-02,119.67,135.0,0.0,28
26685704,2026-03,119.19,135.0,0.0,31
26685704,2026-04,140.4,135.0,0.0,30
26685704,2026-05,141.53,135.0,0.0,31
26685704,2026-06,140.4,135.0,0.0,30
26685704,2026-07,140.88,135.0,0.26,23
26685704,2026-08,176.1,135.0,1.0,0
26685704,2026-09,175.5,135.0,1.0,0
26685704,2026-10,176.54,135.0,1.0,0
26812545,2025-10,254.92,198.0,1.0,0
26812545,2025-11,206.91,198.0,0.7,9
26812545,2025-12,205.66,198.0,0.0,31
26812545,2026-01,176.44,198.0,0.48,16
26812545,2026-02,175.51,198.0,1.0,0
26812545,2026-03,174.81,198.0,1.0,0
26812545,2026-04,205.92,198.0,1.0,0
26812545,2026-05,207.58,198.0,1.0,0
26812545,2026-06,205.92,198.0,1.0,0
26812545,2026-07,206.62,198.0,1.0,0
26812545,2026-08,258.28,198.0,1.0,0
26812545,2026-09,257.4,198.0,1.0,0
26812545,2026-10,258.92,198.0,1.0,0
27388869,2025-10,254.92,198.0,0.8,1
27388869,2025-11,206.91,198.0,0.0,30
27388869,2025-12,205.66,198.0,0.0,31
27388869,2026-01,176.44,198.0,0.23,24
27388869,2026-02,175.51,198.0,1.0,0
27388869,2026-03,174.81,198.0,1.0,0
27388869,2026-04,205.92,198.0,1.0,0
27388869,2026-05,207.58,198.0,1.0,0
27388869,2026-06,205.92,198.0,1.0,0
27388869,2026-07,206.62,198.0,1.0,0
27388869,2026-08,258.28,198.0,1.0,0
27388869,2026-09,257.4,198.0,1.0,0
27388869,2026-10,258.92,198.0,1.0,0
27567630,2025-10,195.7,152.0,0.4,3
27567630,2025-11,158.84,152.0,0.23,23
27567630,2025-12,157.88,152.0,0.65,11
27567630,2026-01,135.45,152.0,0.0,31
27567630,2026-02,134.74,152.0,0.0,28
27567630,2026-03,134.2,152.0,0.0,31
27567630,2026-04,158.08,152.0,0.0,30
27567630,2026-05,159.35,152.0,0.23,24
27567630,2026-06,158.08,152.0,0.0,30
27567630,2026-07,158.62,152.0,0.0,31
27567630,2026-08,198.27,152.0,0.0,31
27567630,2026-09,197.6,152.0,0.0,30
27567630,2026-10,198.77,152.0,0.0,26
27581061,2025-10,135.19,105.0,1.0,0
27581061,2025-11,109.72,105.0,1.0,0
27581061,2025-12,109.06,105.0,1.0,0
27581061,2026-01,93.57,105.0,1.0,0
27581061,2026-02,93.08,105.0,1.0,0
27581061,2026-03,92.71,105.0,1.0,0
27581061,2026-04,109.2,105.0,1.0,0
27581061,2026-05,110.08,105.0,0.42,18
27581061,2026-06,109.2,105.0,0.0,30
27581061,2026-07,109.57,105.0,0.0,31
27581061,2026-08,136.97,105.0,0.0,31
27581061,2026-09,136.5,105.0,0.0,30
27581061,2026-10,137.31,105.0,0.12,23
27755983,2025-10,93.99,73.0,1.0,0
27755983,2025-11,76.29,73.0,1.0,0
27755983,2025-12,75.83,73.0,0.97,1
27755983,2026-01,65.05,73.0,0.55,14
27755983,2026-02,64.71,73.0,1.0,0
27755983,2026-03,64.45,73.0,1.0,0
27755983,2026-04,75.92,73.0,1.0,0
27755983,2026-05,76.53,73.0,1.0,0
27755983,2026-06,75.92,73.0,1.0,0
27755983,2026-07,76.18,73.0,1.0,0
27755983,2026-08,95.22,73.0,1.0,0
27755983,2026-09,94.9,73.0,1.0,0
27755983,2026-10,95.46,73.0,1.0,0
27756174,2025-10,271.66,211.0,1.0,0
27756174,2025-11,220.5,211.0,0.67,10
27756174,2025-12,219.17,211.0,0.77,7
27756174,2026-01,188.03,211.0,0.48,16
27756174,2026-02,187.04,211.0,1.0,0
27756174,2026-03,186.29,211.0,1.0,0
27756174,2026-04,219.44,211.0,1.0,0
27756174,2026-05,221.21,211.0,1.0,0
27756174,2026-06,219.44,211.0,1.0,0
27756174,2026-07,220.19,211.0,1.0,0
27756174,2026-08,275.24,211.0,1.0,0
27756174,2026-09,274.3,211.0,1.0,0
27756174,2026-10,275.92,211.0,1.0,0
27929828,2025-10,109.44,85.0,1.0,0
27929828,2025-11,88.82,85.0,0.97,1
27929828,2025-12,88.29,85.0,0.58,13
27929828,2026-01,75.75,85.0,0.84,5
27929828,2026-02,75.35,85.0,1.0,0
27929828,2026-03,75.05,85.0,1.0,0
27929828,2026-04,88.4,85.0,0.3,21
27929828,2026-05,89.11,85.0,0.0,31
27929828,2026-06,88.4,85.0,0.13,26
27929828,2026-07,88.7,85.0,0.68,10
27929828,2026-08,110.88,85.0,1.0,0
27929828,2026-09,110.5,85.0,1.0,0
27929828,2026-10,111.15,85.0,1.0,0
28076757,2025-10,137.76,107.0,1.0,0
28076757,2025-11,111.82,107.0,0.0,30
28076757,2025-12,111.14,107.0,0.0,31
28076757,2026-01,95.35,107.0,0.0,31
28076757,2026-02,94.85,107.0,0.0,28
28076757,2026-03,94.47,107.0,0.0,31
28076757,2026-04,111.28,107.0,0.0,30
28076757,2026-05,112.18,107.0,0.0,31
28076757,2026-06,111.28,107.0,0.0,30
28076757,2026-07,111.66,107.0,0.0,31
28076757,2026-08,139.57,107.0,0.0,31
28076757,2026-09,139.1,107.0,0.0,30
28076757,2026-10,139.92,107.0,0.0,26
28179904,2025-10,178.96,139.0,0.8,1
28179904,2025-11,145.26,139.0,0.5,15
28179904,2025-12,144.38,139.0,0.58,13
28179904,2026-01,123.87,139.0,0.06,29
28179904,2026-02,123.21,139.0,0.36,18
28179904,2026-03,122.72,139.0,0.1,28
28179904,2026-04,144.56,139.0,0.0,30
28179904,2026-05,145.73,139.0,0.23,24
28179904,2026-06,144.56,139.0,0.7,9
28179904,2026-07,145.05,139.0,0.77,7
28179904,2026-08,181.32,139.0,0.0,31
28179904,2026-09,180.7,139.0,0.4,18
28179904,2026-10,181.77,139.0,0.0,26
28538990,2025-10,,,1.0,0
28538990,2025-11,,,1.0,0
28538990,2025-12,,,1.0,0
28538990,2026-01,,,1.0,0
28538990,2026-02,,,1.0,0
28538990,2026-03,,,1.0,0
28538990,2026-04,,,1.0,0
28538990,2026-05,,,1.0,0
28538990,2026-06,,,1.0,0
28538990,2026-07,,,0.81,6
28538990,2026-08,,,0.9,3
28538990,2026-09,,,1.0,0
28538990,2026-10,,,1.0,0
28541505,2025-10,158.36,123.0,0.4,3
28541505,2025-11,128.54,123.0,0.2,24
28541505,2025-12,127.76,123.0,0.29,22
28541505,2026-01,109.61,123.0,0.23,24
28541505,2026-02,109.03,123.0,1.0,0
28541505,2026-03,108.6,123.0,1.0,0
28541505,2026-04,127.92,123.0,1.0,0
28541505,2026-05,128.95,123.0,1.0,0
28541505,2026-06,127.92,123.0,1.0,0
28541505,2026-07,128.36,123.0,1.0,0
28541505,2026-08,160.44,123.0,1.0,0
28541505,2026-09,159.9,123.0,1.0,0
28541505,2026-10,160.85,123.0,1.0,0
28565907,2025-10,181.54,141.0,1.0,0
28565907,2025-11,147.34,141.0,1.0,0
28565907,2025-12,146.46,141.0,1.0,0
28565907,2026-01,125.65,141.0,1.0,0
28565907,2026-02,124.99,141.0,1.0,0
28565907,2026-03,124.49,141.0,1.0,0
28565907,2026-04,146.64,141.0,1.0,0
28565907,2026-05,147.82,141.0,0.29,22
28565907,2026-06,146.64,141.0,0.0,30
28565907,2026-07,147.14,141.0,0.0,31
28565907,2026-08,183.93,141.0,0.0,31
28565907,2026-09,183.3,141.0,0.0,30
28565907,2026-10,184.39,141.0,0.0,26
28578397,2025-10,153.21,119.0,1.0,0
28578397,2025-11,124.36,119.0,0.43,17
28578397,2025-12,123.61,119.0,0.39,19
28578397,2026-01,106.04,119.0,0.0,31
28578397,2026-02,105.48,119.0,0.0,28
28578397,2026-03,105.06,119.0,0.0,31
28578397,2026-04,123.76,119.0,0.0,30
28578397,2026-05,124.76,119.0,0.23,24
28578397,2026-06,123.76,119.0,0.0,30
28578397,2026-07,124.18,119.0,0.0,31
28578397,2026-08,155.23,119.0,0.0,31
28578397,2026-09,154.7,119.0,0.0,30
28578397,2026-10,155.61,119.0,0.0,26
29075772,2025-10,109.44,85.0,1.0,0
29075772,2025-11,88.82,85.0,1.0,0
29075772,2025-12,88.29,85.0,1.0,0
29075772,2026-01,75.75,85.0,1.0,0
29075772,2026-02,75.35,85.0,0.61,11
29075772,2026-03,75.05,85.0,0.0,31
29075772,2026-04,88.4,85.0,0.0,30
29075772,2026-05,89.11,85.0,0.0,31
29075772,2026-06,88.4,85.0,0.0,30
29075772,2026-07,88.7,85.0,0.0,31
29075772,2026-08,110.88,85.0,0.0,31
29075772,2026-09,110.5,85.0,0.0,30
29075772,2026-10,111.15,85.0,0.0,26
29708205,2025-10,167.38,130.0,1.0,0
29708205,2025-11,135.85,130.0,0.33,20
29708205,2025-12,135.03,130.0,0.42,18
29708205,2026-01,115.85,130.0,0.0,31
29708205,2026-02,115.24,130.0,0.0,28
29708205,2026-03,114.78,130.0,0.0,31
29708205,2026-04,135.2,130.0,0.0,30
29708205,2026-05,136.29,130.0,0.0,31
29708205,2026-06,135.2,130.0,0.0,30
29708205,2026-07,135.66,130.0,0.26,23
29708205,2026-08,169.58,130.0,1.0,0
29708205,2026-09,169.0,130.0,1.0,0
29708205,2026-10,170.0,130.0,1.0,0
30129023,2025-10,137.76,107.0,0.8,1
30129023,2025-11,111.82,107.0,0.9,3
30129023,2025-12,111.14,107.0,0.32,21
30129023,2026-01,95.35,107.0,0.0,31
30129023,2026-02,94.85,107.0,0.46,15
30129023,2026-03,94.47,107.0,0.03,30
30129023,2026-04,111.28,107.0,0.0,30
30129023,2026-05,112.18,107.0,0.1,28
30129023,2026-06,111.28,107.0,0.0,30
30129023,2026-07,111.66,107.0,0.26,23
30129023,2026-08,139.57,107.0,1.0,0
30129023,2026-09,139.1,107.0,1.0,0
30129023,2026-10,139.92,107.0,1.0,0
30553474,2025-10,119.74,93.0,0.2,4
30553474,2025-11,97.18,93.0,0.6,12
30553474,2025-12,96.6,93.0,0.35,20
30553474,2026-01,82.88,93.0,0.0,31
30553474,2026-02,82.44,93.0,0.0,28
30553474,2026-03,82.11,93.0,0.0,31
30553474,2026-04,96.72,93.0,0.2,24
30553474,2026-05,97.5,93.0,1.0,0
30553474,2026-06,96.72,93.0,1.0,0
30553474,2026-07,97.05,93.0,1.0,0
30553474,2026-08,121.31,93.0,1.0,0
30553474,2026-09,120.9,93.0,1.0,0
30553474,2026-10,121.62,93.0,1.0,0
30858316,2025-10,153.21,119.0,1.0,0
30858316,2025-11,124.36,119.0,1.0,0
30858316,2025-12,123.61,119.0,0.74,8
30858316,2026-01,106.04,119.0,0.0,31
30858316,2026-02,105.48,119.0,0.0,28
30858316,2026-03,105.06,119.0,0.0,31
30858316,2026-04,123.76,119.0,0.0,30
30858316,2026-05,124.76,119.0,0.0,31
30858316,2026-06,123.76,119.0,0.0,30
30858316,2026-07,124.18,119.0,0.26,23
30858316,2026-08,155.23,119.0,1.0,0
30858316,2026-09,154.7,119.0,1.0,0
30858316,2026-10,155.61,119.0,1.0,0
31022092,2025-10,56.65,44.0,1.0,0
31022092,2025-11,45.98,44.0,0.8,6
31022092,2025-12,45.7,44.0,1.0,0
31022092,2026-01,39.21,44.0,1.0,0
31022092,2026-02,39.0,44.0,1.0,0
31022092,2026-03,38.85,44.0,1.0,0
31022092,2026-04,45.76,44.0,1.0,0
31022092,2026-05,46.13,44.0,1.0,0
31022092,2026-06,45.76,44.0,0.17,25
31022092,2026-07,45.92,44.0,0.0,31
31022092,2026-08,57.4,44.0,0.0,31
31022092,2026-09,57.2,44.0,0.0,30
31022092,2026-10,57.54,44.0,0.0,26
32359305,2025-10,137.76,107.0,0.8,1
32359305,2025-11,111.82,107.0,0.3,21
32359305,2025-12,111.14,107.0,0.13,27
32359305,2026-01,95.35,107.0,0.0,31
32359305,2026-02,94.85,107.0,0.0,28
32359305,2026-03,94.47,107.0,0.0,31
32359305,2026-04,111.28,107.0,0.0,30
32359305,2026-05,112.18,107.0,0.0,31
32359305,2026-06,111.28,107.0,0.0,30
32359305,2026-07,111.66,107.0,0.0,31
32359305,2026-08,139.57,107.0,0.0,31
32359305,2026-09,139.1,107.0,0.0,30
32359305,2026-10,139.92,107.0,0.0,26
32595692,2025-10,198.28,154.0,1.0,0
32595692,2025-11,160.93,154.0,1.0,0
32595692,2025-12,159.96,154.0,1.0,0
32595692,2026-01,137.23,154.0,1.0,0
32595692,2026-02,136.51,154.0,1.0,0
32595692,2026-03,135.97,154.0,1.0,0
32595692,2026-04,160.16,154.0,1.0,0
32595692,2026-05,161.45,154.0,1.0,0
32595692,2026-06,160.16,154.0,1.0,0
32595692,2026-07,160.71,154.0,1.0,0
32595692,2026-08,200.88,154.0,1.0,0
32595692,2026-09,200.2,154.0,1.0,0
32595692,2026-10,201.39,154.0,1.0,0
32696197,2025-10,336.04,261.0,1.0,0
32696197,2025-11,272.74,261.0,0.37,19
32696197,2025-12,271.1,261.0,0.45,17
32696197,2026-01,232.59,261.0,0.19,25
32696197,2026-02,231.36,261.0,0.0,28
32696197,2026-03,230.44,261.0,0.0,31
32696197,2026-04,271.44,261.0,0.0,30
32696197,2026-05,273.63,261.0,0.42,18
32696197,2026-06,271.44,261.0,0.2,24
32696197,2026-07,272.37,261.0,0.26,23
32696197,2026-08,340.46,261.0,0.0,31
32696197,2026-09,339.3,261.0,0.0,30
32696197,2026-10,341.31,261.0,0.0,26
32865110,2025-10,187.97,146.0,0.0,5
32865110,2025-11,152.57,146.0,0.13,26
32865110,2025-12,151.65,146.0,0.45,17
32865110,2026-01,130.1,146.0,0.0,31
32865110,2026-02,129.42,146.0,0.0,28
32865110,2026-03,128.9,146.0,0.0,31
32865110,2026-04,151.84,146.0,0.0,30
32865110,2026-05,153.06,146.0,0.32,21
32865110,2026-06,151.84,146.0,0.07,28
32865110,2026-07,152.36,146.0,0.0,31
32865110,2026-08,190.45,146.0,0.0,31
32865110,2026-09,189.8,146.0,0.0,30
32865110,2026-10,190.92,146.0,0.0,26
33734664,2025-10,139.05,108.0,0.2,4
33734664,2025-11,112.86,108.0,1.0,0
33734664,2025-12,112.18,108.0,1.0,0
33734664,2026-01,96.24,108.0,1.0,0
33734664,2026-02,95.73,108.0,1.0,0
33734664,2026-03,95.35,108.0,1.0,0
33734664,2026-04,112.32,108.0,1.0,0
33734664,2026-05,113.23,108.0,1.0,0
33734664,2026-06,112.32,108.0,1.0,0
33734664,2026-07,112.7,108.0,1.0,0
33734664,2026-08,140.88,108.0,1.0,0
33734664,2026-09,140.4,108.0,1.0,0
33734664,2026-10,141.23,108.0,1.0,0
34309444,2025-10,122.31,95.0,0.0,5
34309444,2025-11,99.28,95.0,0.0,30
34309444,2025-12,98.68,95.0,0.0,31
34309444,2026-01,84.66,95.0,0.0,31
34309444,2026-02,84.21,95.0,0.0,28
34309444,2026-03,83.88,95.0,0.0,31
34309444,2026-04,98.8,95.0,0.0,30
34309444,2026-05,99.6,95.0,0.0,31
34309444,2026-06,98.8,95.0,0.0,30
34309444,2026-07,99.14,95.0,0.0,31
34309444,2026-08,123.92,95.0,0.0,31
34309444,2026-09,123.5,95.0,0.0,30
34309444,2026-10,124.23,95.0,0.0,26
34332860,2025-10,87.55,68.0,1.0,0
34332860,2025-11,71.06,68.0,1.0,0
34332860,2025-12,70.63,68.0,1.0,0
34332860,2026-01,60.6,68.0,1.0,0
34332860,2026-02,60.28,68.0,1.0,0
34332860,2026-03,60.04,68.0,1.0,0
34332860,2026-04,70.72,68.0,1.0,0
34332860,2026-05,71.29,68.0,1.0,0
34332860,2026-06,70.72,68.0,1.0,0
34332860,2026-07,70.96,68.0,1.0,0
34332860,2026-08,88.7,68.0,1.0,0
34332860,2026-09,88.4,68.0,1.0,0
34332860,2026-10,88.92,68.0,1.0,0
34446916,2025-10,72.1,56.0,0.8,1
34446916,2025-11,58.52,56.0,0.47,16
34446916,2025-12,58.17,56.0,0.39,19
34446916,2026-01,49.9,56.0,0.13,27
34446916,2026-02,49.64,56.0,0.29,20
34446916,2026-03,49.44,56.0,0.1,28
34446916,2026-04,58.24,56.0,0.17,25
34446916,2026-05,58.71,56.0,0.0,31
34446916,2026-06,58.24,56.0,0.0,30
34446916,2026-07,58.44,56.0,0.26,23
34446916,2026-08,73.05,56.0,1.0,0
34446916,2026-09,72.8,56.0,1.0,0
34446916,2026-10,73.23,56.0,1.0,0
34502134,2025-10,,,0.4,3
34502134,2025-11,,,0.0,30
34502134,2025-12,,,0.0,31
34502134,2026-01,,,0.23,24
34502134,2026-02,,,1.0,0
34502134,2026-03,,,1.0,0
34502134,2026-04,,,1.0,0
34502134,2026-05,,,1.0,0
34502134,2026-06,,,1.0,0
34502134,2026-07,,,1.0,0
34502134,2026-08,,,1.0,0
34502134,2026-09,,,1.0,0
34502134,2026-10,,,1.0,0
34538157,2025-10,66.95,52.0,0.2,4
34538157,2025-11,54.34,52.0,0.0,30
34538157,2025-12,54.01,52.0,0.0,31
34538157,2026-01,46.34,52.0,0.0,31
34538157,2026-02,46.09,52.0,0.0,28
34538157,2026-03,45.91,52.0,0.0,31
34538157,2026-04,54.08,52.0,0.0,30
34538157,2026-05,54.52,52.0,0.0,31
34538157,2026-06,54.08,52.0,0.0,30
34538157,2026-07,54.26,52.0,0.0,31
34538157,2026-08,67.83,52.0,0.0,31
34538157,2026-09,67.6,52.0,0.0,30
34538157,2026-10,68.0,52.0,0.0,26
34783374,2025-10,269.09,209.0,0.2,4
34783374,2025-11,218.4,209.0,0.27,22
34783374,2025-12,217.09,209.0,0.16,26
34783374,2026-01,186.25,209.0,0.1,28
34783374,2026-02,185.26,209.0,0.0,28
34783374,2026-03,184.53,209.0,0.0,31
34783374,2026-04,217.36,209.0,0.2,24
34783374,2026-05,219.11,209.0,1.0,0
34783374,2026-06,217.36,209.0,1.0,0
34783374,2026-07,218.1,209.0,1.0,0
34783374,2026-08,272.63,209.0,1.0,0
34783374,2026-09,271.7,209.0,1.0,0
34783374,2026-10,273.31,209.0,1.0,0
34909653,2025-10,78.54,61.0,1.0,0
34909653,2025-11,63.74,61.0,1.0,0
34909653,2025-12,63.36,61.0,1.0,0
34909653,2026-01,54.36,61.0,1.0,0
34909653,2026-02,54.07,61.0,1.0,0
34909653,2026-03,53.86,61.0,1.0,0
34909653,2026-04,63.44,61.0,1.0,0
34909653,2026-05,63.95,61.0,0.03,30
34909653,2026-06,63.44,61.0,0.0,30
34909653,2026-07,63.66,61.0,0.0,31
34909653,2026-08,79.57,61.0,0.0,31
34909653,2026-09,79.3,61.0,0.0,30
34909653,2026-10,79.77,61.0,0.0,26
34979495,2025-10,132.61,103.0,1.0,0
34979495,2025-11,107.64,103.0,0.37,19
34979495,2025-12,106.99,103.0,0.42,18
34979495,2026-01,91.79,103.0,0.06,29
34979495,2026-02,91.3,103.0,0.14,24
34979495,2026-03,90.94,103.0,0.06,29
34979495,2026-04,107.12,103.0,0.0,30
34979495,2026-05,107.98,103.0,0.19,25
34979495,2026-06,107.12,103.0,0.0,30
34979495,2026-07,107.49,103.0,0.0,31
34979495,2026-08,134.36,103.0,0.1,28
34979495,2026-09,133.9,103.0,0.0,30
34979495,2026-10,134.69,103.0,0.08,24
35202237,2025-10,253.64,197.0,0.0,5
35202237,2025-11,205.86,197.0,0.0,30
35202237,2025-12,204.63,197.0,0.0,31
35202237,2026-01,175.55,197.0,0.0,31
35202237,2026-02,174.63,197.0,0.0,28
35202237,2026-03,173.93,197.0,0.0,31
35202237,2026-04,204.88,197.0,0.0,30
35202237,2026-05,206.53,197.0,0.0,31
35202237,2026-06,204.88,197.0,0.0,30
35202237,2026-07,205.58,197.0,0.0,31
35202237,2026-08,256.97,197.0,0.0,31
35202237,2026-09,256.1,197.0,0.0,30
35202237,2026-10,257.62,197.0,0.0,26
35381749,2025-10,36.05,28.0,1.0,0
35381749,2025-11,29.26,28.0,0.97,1
35381749,2025-12,29.08,28.0,0.0,31
35381749,2026-01,24.95,28.0,0.0,31
35381749,2026-02,24.82,28.0,0.0,28
35381749,2026-03,24.72,28.0,0.0,31
35381749,2026-04,29.12,28.0,0.0,30
35381749,2026-05,29.35,28.0,0.0,31
35381749,2026-06,29.12,28.0,0.0,30
35381749,2026-07,29.22,28.0,0.0,31
35381749,2026-08,36.52,28.0,0.0,31
35381749,2026-09,36.4,28.0,0.0,30
35381749,2026-10,36.62,28.0,0.0,26
35413790,2025-10,36.05,28.0,1.0,0
35413790,2025-11,29.26,28.0,1.0,0
35413790,2025-12,29.08,28.0,1.0,0
35413790,2026-01,24.95,28.0,0.35,20
35413790,2026-02,24.82,28.0,0.0,28
35413790,2026-03,24.72,28.0,0.0,31
35413790,2026-04,29.12,28.0,0.0,30
35413790,2026-05,29.35,28.0,0.0,31
35413790,2026-06,29.12,28.0,0.0,30
35413790,2026-07,29.22,28.0,0.0,31
35413790,2026-08,36.52,28.0,0.0,31
35413790,2026-09,36.4,28.0,0.0,30
35413790,2026-10,36.62,28.0,0.0,26
35463395,2025-10,,,1.0,0
35463395,2025-11,,,1.0,0
35463395,2025-12,,,1.0,0
35463395,2026-01,,,1.0,0
35463395,2026-02,,,1.0,0
35463395,2026-03,,,1.0,0
35463395,2026-04,,,1.0,0
35463395,2026-05,,,1.0,0
35463395,2026-06,,,1.0,0
35463395,2026-07,,,1.0,0
35463395,2026-08,,,1.0,0
35463395,2026-09,,,1.0,0
35463395,2026-10,,,1.0,0
35543616,2025-10,,,1.0,0
35543616,2025-11,,,1.0,0
35543616,2025-12,,,1.0,0
35543616,2026-01,,,0.26,23
35543616,2026-02,,,1.0,0
35543616,2026-03,,,1.0,0
35543616,2026-04,,,1.0,0
35543616,2026-05,,,1.0,0
35543616,2026-06,,,1.0,0
35543616,2026-07,,,1.0,0
35543616,2026-08,,,1.0,0
35543616,2026-09,,,1.0,0
35543616,2026-10,,,1.0,0
35843542,2025-10,75.96,59.0,0.0,5
35843542,2025-11,61.65,59.0,0.0,30
35843542,2025-12,61.28,59.0,0.0,31
35843542,2026-01,52.58,59.0,0.23,24
35843542,2026-02,52.3,59.0,1.0,0
35843542,2026-03,52.09,59.0,1.0,0
35843542,2026-04,61.36,59.0,1.0,0
35843542,2026-05,61.85,59.0,1.0,0
35843542,2026-06,61.36,59.0,1.0,0
35843542,2026-07,61.57,59.0,1.0,0
35843542,2026-08,76.96,59.0,1.0,0
35843542,2026-09,76.7,59.0,1.0,0
35843542,2026-10,77.15,59.0,1.0,0
36392564,2025-10,,,1.0,0
36392564,2025-11,,,1.0,0
36392564,2025-12,,,1.0,0
36392564,2026-01,,,1.0,0
36392564,2026-02,,,1.0,0
36392564,2026-03,,,1.0,0
36392564,2026-04,,,1.0,0
36392564,2026-05,,,1.0,0
36392564,2026-06,,,1.0,0
36392564,2026-07,,,1.0,0
36392564,2026-08,,,1.0,0
36392564,2026-09,,,1.0,0
36392564,2026-10,,,1.0,0
36446406,2025-10,119.74,93.0,1.0,0
36446406,2025-11,97.18,93.0,1.0,0
36446406,2025-12,96.6,93.0,0.0,31
36446406,2026-01,82.88,93.0,0.0,31
36446406,2026-02,82.44,93.0,0.0,28
36446406,2026-03,82.11,93.0,0.0,31
36446406,2026-04,96.72,93.0,0.0,30
36446406,2026-05,97.5,93.0,0.0,31
36446406,2026-06,96.72,93.0,0.0,30
36446406,2026-07,97.05,93.0,0.0,31
36446406,2026-08,121.31,93.0,0.0,31
36446406,2026-09,120.9,93.0,0.0,30
36446406,2026-10,121.62,93.0,0.0,26
36446537,2025-10,42.49,33.0,0.0,5
36446537,2025-11,34.48,33.0,0.0,30
36446537,2025-12,34.28,33.0,0.0,31
36446537,2026-01,29.41,33.0,0.0,31
36446537,2026-02,29.25,33.0,0.0,28
36446537,2026-03,29.14,33.0,0.0,31
36446537,2026-04,34.32,33.0,0.0,30
36446537,2026-05,34.6,33.0,0.0,31
36446537,2026-06,34.32,33.0,0.0,30
36446537,2026-07,34.44,33.0,0.0,31
36446537,2026-08,43.05,33.0,0.0,31
36446537,2026-09,42.9,33.0,0.0,30
36446537,2026-10,43.15,33.0,0.0,26
36689889,2025-10,36.05,28.0,1.0,0
36689889,2025-11,29.26,28.0,1.0,0
36689889,2025-12,29.08,28.0,1.0,0
36689889,2026-01,24.95,28.0,0.35,20
36689889,2026-02,24.82,28.0,0.0,28
36689889,2026-03,24.72,28.0,0.0,31
36689889,2026-04,29.12,28.0,0.0,30
36689889,2026-05,29.35,28.0,0.0,31
36689889,2026-06,29.12,28.0,0.0,30
36689889,2026-07,29.22,28.0,0.0,31
36689889,2026-08,36.52,28.0,0.0,31
36689889,2026-09,36.4,28.0,0.0,30
36689889,2026-10,36.62,28.0,0.0,26
36723553,2025-10,160.94,125.0,0.2,4
36723553,2025-11,130.62,125.0,0.0,30
36723553,2025-12,129.84,125.0,0.42,18
36723553,2026-01,111.39,125.0,0.0,31
36723553,2026-02,110.8,125.0,0.0,28
36723553,2026-03,110.36,125.0,0.0,31
36723553,2026-04,130.0,125.0,0.0,30
36723553,2026-05,131.05,125.0,0.0,31
36723553,2026-06,130.0,125.0,0.0,30
36723553,2026-07,130.44,125.0,0.26,23
36723553,2026-08,163.06,125.0,1.0,0
36723553,2026-09,162.5,125.0,1.0,0
36723553,2026-10,163.46,125.0,1.0,0
36758512,2025-10,177.68,138.0,0.0,5
36758512,2025-11,144.21,138.0,0.0,30
36758512,2025-12,143.34,138.0,0.0,31
36758512,2026-01,122.97,138.0,0.0,31
36758512,2026-02,122.33,138.0,0.0,28
36758512,2026-03,121.84,138.0,0.0,31
36758512,2026-04,143.52,138.0,0.0,30
36758512,2026-05,144.68,138.0,0.0,31
36758512,2026-06,143.52,138.0,0.0,30
36758512,2026-07,144.01,138.0,0.0,31
36758512,2026-08,180.01,138.0,0.0,31
36758512,2026-09,179.4,138.0,0.0,30
36758512,2026-10,180.46,138.0,0.0,26
36799009,2025-10,557.49,433.0,1.0,0
36799009,2025-11,452.48,433.0,0.0,30
36799009,2025-12,449.76,433.0,0.0,31
36799009,2026-01,385.86,433.0,0.0,31
36799009,2026-02,383.82,433.0,0.0,28
36799009,2026-03,382.3,433.0,0.0,31
36799009,2026-04,450.32,433.0,0.0,30
36799009,2026-05,453.95,433.0,0.0,31
36799009,2026-06,450.32,433.0,0.0,30
36799009,2026-07,451.86,433.0,0.0,31
36799009,2026-08,564.82,433.0,0.0,31
36799009,2026-09,562.9,433.0,0.0,30
36799009,2026-10,566.23,433.0,0.0,26
37219758,2025-10,457.06,355.0,0.6,2
37219758,2025-11,370.98,355.0,0.0,30
37219758,2025-12,368.74,355.0,0.0,31
37219758,2026-01,316.35,355.0,0.0,31
37219758,2026-02,314.68,355.0,0.0,28
37219758,2026-03,313.43,355.0,0.0,31
37219758,2026-04,369.2,355.0,0.0,30
37219758,2026-05,372.18,355.0,0.0,31
37219758,2026-06,369.2,355.0,0.0,30
37219758,2026-07,370.46,355.0,0.0,31
37219758,2026-08,463.07,355.0,0.0,31
37219758,2026-09,461.5,355.0,0.0,30
37219758,2026-10,464.23,355.0,0.0,26
37278360,2025-10,104.29,81.0,1.0,0
37278360,2025-11,84.64,81.0,1.0,0
37278360,2025-12,84.14,81.0,0.19,25
37278360,2026-01,72.18,81.0,0.0,31
37278360,2026-02,71.8,81.0,0.0,28
37278360,2026-03,71.52,81.0,0.0,31
37278360,2026-04,84.24,81.0,0.0,30
37278360,2026-05,84.92,81.0,0.0,31
37278360,2026-06,84.24,81.0,0.0,30
37278360,2026-07,84.53,81.0,0.0,31
37278360,2026-08,105.66,81.0,0.0,31
37278360,2026-09,105.3,81.0,0.0,30
37278360,2026-10,105.92,81.0,0.0,26
37336702,2025-10,114.59,89.0,0.4,3
37336702,2025-11,93.01,89.0,0.33,20
37336702,2025-12,92.45,89.0,0.29,22
37336702,2026-01,79.31,89.0,0.0,31
37336702,2026-02,78.89,89.0,0.11,25
37336702,2026-03,78.58,89.0,0.0,31
37336702,2026-04,92.56,89.0,0.0,30
37336702,2026-05,93.31,89.0,0.97,1
37336702,2026-06,92.56,89.0,0.0,30
37336702,2026-07,92.88,89.0,0.0,31
37336702,2026-08,116.1,89.0,0.0,31
37336702,2026-09,115.7,89.0,0.0,30
37336702,2026-10,116.39,89.0,0.0,26
37807346,2025-10,208.57,162.0,0.0,5
37807346,2025-11,169.29,162.0,0.0,30
37807346,2025-12,168.27,162.0,0.0,31
37807346,2026-01,144.36,162.0,0.0,31
37807346,2026-02,143.6,162.0,0.0,28
37807346,2026-03,143.03,162.0,0.32,21
37807346,2026-04,168.48,162.0,0.9,3
37807346,2026-05,169.84,162.0,0.0,31
37807346,2026-06,168.48,162.0,0.0,30
37807346,2026-07,169.05,162.0,0.0,31
37807346,2026-08,211.32,162.0,0.0,31
37807346,2026-09,210.6,162.0,1.0,0
37807346,2026-10,211.84,162.0,1.0,0
38389142,2025-10,159.65,124.0,0.6,2
38389142,2025-11,129.58,124.0,0.1,27
38389142,2025-12,128.8,124.0,0.0,31
38389142,2026-01,110.5,124.0,0.0,31
38389142,2026-02,109.92,124.0,0.0,28
38389142,2026-03,109.48,124.0,0.0,31
38389142,2026-04,128.96,124.0,0.0,30
38389142,2026-05,130.0,124.0,0.0,31
38389142,2026-06,128.96,124.0,0.0,30
38389142,2026-07,129.4,124.0,0.26,23
38389142,2026-08,161.75,124.0,1.0,0
38389142,2026-09,161.2,124.0,1.0,0
38389142,2026-10,162.15,124.0,1.0,0
38571763,2025-10,200.85,156.0,1.0,0
38571763,2025-11,163.02,156.0,1.0,0
38571763,2025-12,162.04,156.0,0.0,31
38571763,2026-01,139.02,156.0,0.0,31
38571763,2026-02,138.28,156.0,0.0,28
38571763,2026-03,137.73,156.0,0.0,31
38571763,2026-04,162.24,156.0,0.0,30
38571763,2026-05,163.55,156.0,0.0,31
38571763,2026-06,162.24,156.0,0.0,30
38571763,2026-07,162.79,156.0,0.26,23
38571763,2026-08,203.49,156.0,1.0,0
38571763,2026-09,202.8,156.0,1.0,0
38571763,2026-10,204.0,156.0,1.0,0
38823886,2025-10,127.46,99.0,0.2,4
38823886,2025-11,103.46,99.0,0.0,30
38823886,2025-12,102.83,99.0,0.0,31
38823886,2026-01,88.22,99.0,0.0,31
38823886,2026-02,87.76,99.0,0.0,28
38823886,2026-03,87.41,99.0,0.0,31
38823886,2026-04,102.96,99.0,0.2,24
38823886,2026-05,103.79,99.0,1.0,0
38823886,2026-06,102.96,99.0,1.0,0
38823886,2026-07,103.31,99.0,1.0,0
38823886,2026-08,129.14,99.0,1.0,0
38823886,2026-09,128.7,99.0,1.0,0
38823886,2026-10,129.46,99.0,1.0,0
39020081,2025-10,154.5,120.0,0.6,2
39020081,2025-11,125.4,120.0,0.47,16
39020081,2025-12,124.65,120.0,0.26,23
39020081,2026-01,106.94,120.0,0.0,31
39020081,2026-02,106.37,120.0,0.0,28
39020081,2026-03,105.95,120.0,0.0,31
39020081,2026-04,124.8,120.0,0.0,30
39020081,2026-05,125.81,120.0,0.19,25
39020081,2026-06,124.8,120.0,0.1,27
39020081,2026-07,125.23,120.0,0.1,28
39020081,2026-08,156.53,120.0,0.0,31
39020081,2026-09,156.0,120.0,0.0,30
39020081,2026-10,156.92,120.0,0.0,26
39127033,2025-10,164.8,128.0,1.0,0
39127033,2025-11,133.76,128.0,1.0,0
39127033,2025-12,132.95,128.0,1.0,0
39127033,2026-01,114.06,128.0,1.0,0
39127033,2026-02,113.46,128.0,1.0,0
39127033,2026-03,113.01,128.0,1.0,0
39127033,2026-04,133.12,128.0,1.0,0
39127033,2026-05,134.19,128.0,1.0,0
39127033,2026-06,133.12,128.0,1.0,0
39127033,2026-07,133.57,128.0,0.48,16
39127033,2026-08,166.97,128.0,0.0,31
39127033,2026-09,166.4,128.0,0.0,30
39127033,2026-10,167.38,128.0,0.0,26
39202542,2025-10,187.97,146.0,0.4,3
39202542,2025-11,152.57,146.0,0.23,23
39202542,2025-12,151.65,146.0,0.06,29
39202542,2026-01,130.1,146.0,0.0,31
39202542,2026-02,129.42,146.0,0.0,28
39202542,2026-03,128.9,146.0,0.0,31
39202542,2026-04,151.84,146.0,0.0,30
39202542,2026-05,153.06,146.0,0.03,30
39202542,2026-06,151.84,146.0,0.0,30
39202542,2026-07,152.36,146.0,0.0,31
39202542,2026-08,190.45,146.0,0.0,31
39202542,2026-09,189.8,146.0,0.0,30
39202542,2026-10,190.92,146.0,0.0,26
39606319,2025-10,191.84,149.0,0.2,4
39606319,2025-11,155.7,149.0,0.0,30
39606319,2025-12,154.77,149.0,0.0,31
39606319,2026-01,132.78,149.0,0.0,31
39606319,2026-02,132.08,149.0,0.0,28
39606319,2026-03,131.55,149.0,0.0,31
39606319,2026-04,154.96,149.0,0.0,30
39606319,2026-05,156.21,149.0,0.0,31
39606319,2026-06,154.96,149.0,1.0,0
39606319,2026-07,155.49,149.0,1.0,0
39606319,2026-08,194.36,149.0,1.0,0
39606319,2026-09,193.7,149.0,1.0,0
39606319,2026-10,194.85,149.0,1.0,0
40233343,2025-10,402.99,313.0,1.0,0
40233343,2025-11,327.08,313.0,0.57,13
40233343,2025-12,325.12,313.0,0.23,24
40233343,2026-01,278.92,313.0,0.0,31
40233343,2026-02,277.45,313.0,0.0,28
40233343,2026-03,276.35,313.0,0.0,31
40233343,2026-04,325.52,313.0,0.0,30
40233343,2026-05,328.15,313.0,0.0,31
40233343,2026-06,325.52,313.0,0.2,24
40233343,2026-07,326.63,313.0,0.42,18
40233343,2026-08,408.29,313.0,0.29,22
40233343,2026-09,406.9,313.0,0.73,8
40233343,2026-10,409.31,313.0,0.0,26
40291213,2025-10,153.21,119.0,0.2,4
40291213,2025-11,124.36,119.0,0.7,9
40291213,2025-12,123.61,119.0,0.0,31
40291213,2026-01,106.04,119.0,0.9,3
40291213,2026-02,105.48,119.0,1.0,0
40291213,2026-03,105.06,119.0,1.0,0
40291213,2026-04,123.76,119.0,1.0,0
40291213,2026-05,124.76,119.0,1.0,0
40291213,2026-06,123.76,119.0,1.0,0
40291213,2026-07,124.18,119.0,1.0,0
40291213,2026-08,155.23,119.0,1.0,0
40291213,2026-09,154.7,119.0,1.0,0
40291213,2026-10,155.61,119.0,1.0,0
40620172,2025-10,220.16,171.0,0.0,5
40620172,2025-11,178.7,171.0,0.0,30
40620172,2025-12,177.62,171.0,0.0,31
40620172,2026-01,152.38,171.0,0.0,31
40620172,2026-02,151.58,171.0,0.0,28
40620172,2026-03,150.98,171.0,0.0,31
40620172,2026-04,177.84,171.0,0.0,30
40620172,2026-05,179.27,171.0,0.0,31
40620172,2026-06,177.84,171.0,0.0,30
40620172,2026-07,178.45,171.0,0.0,31
40620172,2026-08,223.06,171.0,0.0,31
40620172,2026-09,222.3,171.0,0.0,30
40620172,2026-10,223.61,171.0,0.0,26
40637180,2025-10,,,1.0,0
40637180,2025-11,,,1.0,0
40637180,2025-12,,,1.0,0
40637180,2026-01,,,1.0,0
40637180,2026-02,,,1.0,0
40637180,2026-03,,,1.0,0
40637180,2026-04,,,1.0,0
40637180,2026-05,,,1.0,0
40637180,2026-06,,,1.0,0
40637180,2026-07,,,1.0,0
40637180,2026-08,,,1.0,0
40637180,2026-09,,,1.0,0
40637180,2026-10,,,1.0,0
40936061,2025-10,29.61,23.0,0.2,4
40936061,2025-11,24.04,23.0,0.23,23
40936061,2025-12,23.89,23.0,0.0,31
40936061,2026-01,20.5,23.0,0.23,24
40936061,2026-02,20.39,23.0,1.0,0
40936061,2026-03,20.31,23.0,1.0,0
40936061,2026-04,23.92,23.0,1.0,0
40936061,2026-05,24.11,23.0,1.0,0
40936061,2026-06,23.92,23.0,1.0,0
40936061,2026-07,24.0,23.0,1.0,0
40936061,2026-08,30.0,23.0,1.0,0
40936061,2026-09,29.9,23.0,1.0,0
40936061,2026-10,30.08,23.0,1.0,0
41264623,2025-10,245.91,191.0,1.0,0
41264623,2025-11,199.6,191.0,1.0,0
41264623,2025-12,198.39,191.0,1.0,0
41264623,2026-01,170.2,191.0,1.0,0
41264623,2026-02,169.31,191.0,1.0,0
41264623,2026-03,168.63,191.0,1.0,0
41264623,2026-04,198.64,191.0,1.0,0
41264623,2026-05,200.24,191.0,1.0,0
41264623,2026-06,198.64,191.0,1.0,0
41264623,2026-07,199.32,191.0,1.0,0
41264623,2026-08,249.15,191.0,1.0,0
41264623,2026-09,248.3,191.0,1.0,0
41264623,2026-10,249.77,191.0,1.0,0
41422819,2025-10,128.75,100.0,0.0,5
41422819,2025-11,104.5,100.0,0.17,25
41422819,2025-12,103.87,100.0,0.0,31
41422819,2026-01,89.11,100.0,0.0,31
41422819,2026-02,88.64,100.0,0.0,28
41422819,2026-03,88.29,100.0,0.0,31
41422819,2026-04,104.0,100.0,0.0,30
41422819,2026-05,104.84,100.0,0.0,31
41422819,2026-06,104.0,100.0,0.0,30
41422819,2026-07,104.35,100.0,0.0,31
41422819,2026-08,130.44,100.0,0.0,31
41422819,2026-09,130.0,100.0,0.0,30
41422819,2026-10,130.77,100.0,0.0,26
41564701,2025-10,,,1.0,0
41564701,2025-11,,,1.0,0
41564701,2025-12,,,1.0,0
41564701,2026-01,,,1.0,0
41564701,2026-02,,,1.0,0
41564701,2026-03,,,1.0,0
41564701,2026-04,,,1.0,0
41564701,2026-05,,,1.0,0
41564701,2026-06,,,1.0,0
41564701,2026-07,,,1.0,0
41564701,2026-08,,,1.0,0
41564701,2026-09,,,1.0,0
41564701,2026-10,,,1.0,0
42097167,2025-10,,,1.0,0
42097167,2025-11,,,1.0,0
42097167,2025-12,,,1.0,0
42097167,2026-01,,,1.0,0
42097167,2026-02,,,1.0,0
42097167,2026-03,,,1.0,0
42097167,2026-04,,,1.0,0
42097167,2026-05,,,1.0,0
42097167,2026-06,,,1.0,0
42097167,2026-07,,,1.0,0
42097167,2026-08,,,1.0,0
42097167,2026-09,,,1.0,0
42097167,2026-10,,,1.0,0
42157314,2025-10,,,0.4,3
42157314,2025-11,,,0.13,26
42157314,2025-12,,,0.0,31
42157314,2026-01,,,0.0,31
42157314,2026-02,,,0.0,28
42157314,2026-03,,,0.0,31
42157314,2026-04,,,0.0,30
42157314,2026-05,,,0.06,29
42157314,2026-06,,,0.0,30
42157314,2026-07,,,0.0,31
42157314,2026-08,,,0.0,31
42157314,2026-09,,,0.0,30
42157314,2026-10,,,0.0,26
42451917,2025-10,464.79,361.0,1.0,0
42451917,2025-11,377.24,361.0,0.07,28
42451917,2025-12,374.97,361.0,0.0,31
42451917,2026-01,321.7,361.0,0.23,24
42451917,2026-02,320.0,361.0,1.0,0
42451917,2026-03,318.73,361.0,1.0,0
42451917,2026-04,375.44,361.0,1.0,0
42451917,2026-05,378.47,361.0,1.0,0
42451917,2026-06,375.44,361.0,1.0,0
42451917,2026-07,376.72,361.0,1.0,0
42451917,2026-08,470.9,361.0,1.0,0
42451917,2026-09,469.3,361.0,1.0,0
42451917,2026-10,472.08,361.0,1.0,0
42775398,2025-10,,,1.0,0
42775398,2025-11,,,1.0,0
42775398,2025-12,,,1.0,0
42775398,2026-01,,,1.0,0
42775398,2026-02,,,1.0,0
42775398,2026-03,,,1.0,0
42775398,2026-04,,,1.0,0
42775398,2026-05,,,1.0,0
42775398,2026-06,,,1.0,0
42775398,2026-07,,,1.0,0
42775398,2026-08,,,1.0,0
42775398,2026-09,,,1.0,0
42775398,2026-10,,,1.0,0
42999407,2025-10,139.05,108.0,1.0,0
42999407,2025-11,112.86,108.0,0.7,9
42999407,2025-12,112.18,108.0,0.29,22
42999407,2026-01,96.24,108.0,0.0,31
42999407,2026-02,95.73,108.0,0.0,28
42999407,2026-03,95.35,108.0,0.0,31
42999407,2026-04,112.32,108.0,0.0,30
42999407,2026-05,113.23,108.0,0.32,21
42999407,2026-06,112.32,108.0,0.0,30
42999407,2026-07,112.7,108.0,0.0,31
42999407,2026-08,140.88,108.0,0.48,16
42999407,2026-09,140.4,108.0,1.0,0
42999407,2026-10,141.23,108.0,1.0,0
43051665,2025-10,163.51,127.0,0.6,2
43051665,2025-11,132.72,127.0,0.03,29
43051665,2025-12,131.92,127.0,0.0,31
43051665,2026-01,113.17,127.0,0.0,31
43051665,2026-02,112.58,127.0,0.0,28
43051665,2026-03,112.13,127.0,0.0,31
43051665,2026-04,132.08,127.0,0.0,30
43051665,2026-05,133.15,127.0,0.0,31
43051665,2026-06,132.08,127.0,0.0,30
43051665,2026-07,132.53,127.0,0.0,31
43051665,2026-08,165.66,127.0,0.0,31
43051665,2026-09,165.1,127.0,0.0,30
43051665,2026-10,166.08,127.0,0.0,26
43087169,2025-10,96.56,75.0,1.0,0
43087169,2025-11,78.38,75.0,1.0,0
43087169,2025-12,77.9,75.0,1.0,0
43087169,2026-01,66.83,75.0,0.52,15
43087169,2026-02,66.48,75.0,0.0,28
43087169,2026-03,66.22,75.0,0.0,31
43087169,2026-04,78.0,75.0,0.0,30
43087169,2026-05,78.63,75.0,0.0,31
43087169,2026-06,78.0,75.0,0.0,30
43087169,2026-07,78.27,75.0,0.0,31
43087169,2026-08,97.83,75.0,0.0,31
43087169,2026-09,97.5,75.0,0.0,30
43087169,2026-10,98.08,75.0,0.0,26
43105357,2025-10,48.92,38.0,0.2,4
43105357,2025-11,39.71,38.0,0.0,30
43105357,2025-12,39.47,38.0,0.0,31
43105357,2026-01,33.86,38.0,0.23,24
43105357,2026-02,33.68,38.0,1.0,0
43105357,2026-03,33.55,38.0,1.0,0
43105357,2026-04,39.52,38.0,1.0,0
43105357,2026-05,39.84,38.0,1.0,0
43105357,2026-06,39.52,38.0,1.0,0
43105357,2026-07,39.65,38.0,1.0,0
43105357,2026-08,49.57,38.0,1.0,0
43105357,2026-09,49.4,38.0,1.0,0
43105357,2026-10,49.69,38.0,1.0,0
43115699,2025-10,206.0,160.0,0.0,5
43115699,2025-11,167.2,160.0,0.17,25
43115699,2025-12,166.19,160.0,0.0,31
43115699,2026-01,142.58,160.0,0.0,31
43115699,2026-02,141.83,160.0,0.0,28
43115699,2026-03,141.26,160.0,0.0,31
43115699,2026-04,166.4,160.0,0.0,30
43115699,2026-05,167.74,160.0,0.0,31
43115699,2026-06,166.4,160.0,0.0,30
43115699,2026-07,166.97,160.0,0.0,31
43115699,2026-08,208.71,160.0,0.0,31
43115699,2026-09,208.0,160.0,0.0,30
43115699,2026-10,209.23,160.0,0.0,26
43158104,2025-10,127.46,99.0,1.0,0
43158104,2025-11,103.46,99.0,1.0,0
43158104,2025-12,102.83,99.0,0.03,30
43158104,2026-01,88.22,99.0,0.0,31
43158104,2026-02,87.76,99.0,0.0,28
43158104,2026-03,87.41,99.0,0.0,31
43158104,2026-04,102.96,99.0,0.0,30
43158104,2026-05,103.79,99.0,0.0,31
43158104,2026-06,102.96,99.0,0.0,30
43158104,2026-07,103.31,99.0,0.0,31
43158104,2026-08,129.14,99.0,0.0,31
43158104,2026-09,128.7,99.0,0.0,30
43158104,2026-10,129.46,99.0,0.0,26
43199753,2025-10,114.59,89.0,1.0,0
43199753,2025-11,93.01,89.0,1.0,0
43199753,2025-12,92.45,89.0,0.13,27
43199753,2026-01,79.31,89.0,0.23,24
43199753,2026-02,78.89,89.0,1.0,0
43199753,2026-03,78.58,89.0,1.0,0
43199753,2026-04,92.56,89.0,1.0,0
43199753,2026-05,93.31,89.0,1.0,0
43199753,2026-06,92.56,89.0,1.0,0
43199753,2026-07,92.88,89.0,1.0,0
43199753,2026-08,116.1,89.0,1.0,0
43199753,2026-09,115.7,89.0,1.0,0
43199753,2026-10,116.39,89.0,1.0,0
43306646,2025-10,66.95,52.0,1.0,0
43306646,2025-11,54.34,52.0,1.0,0
43306646,2025-12,54.01,52.0,1.0,0
43306646,2026-01,46.34,52.0,1.0,0
43306646,2026-02,46.09,52.0,1.0,0
43306646,2026-03,45.91,52.0,1.0,0
43306646,2026-04,54.08,52.0,1.0,0
43306646,2026-05,54.52,52.0,0.0,31
43306646,2026-06,54.08,52.0,0.0,30
43306646,2026-07,54.26,52.0,0.0,31
43306646,2026-08,67.83,52.0,0.0,31
43306646,2026-09,67.6,52.0,0.0,30
43306646,2026-10,68.0,52.0,0.0,26
43575684,2025-10,41.2,32.0,0.2,4
43575684,2025-11,33.44,32.0,0.0,30
43575684,2025-12,33.24,32.0,0.0,31
43575684,2026-01,28.52,32.0,0.0,31
43575684,2026-02,28.37,32.0,0.0,28
43575684,2026-03,28.25,32.0,0.0,31
43575684,2026-04,33.28,32.0,0.0,30
43575684,2026-05,33.55,32.0,0.0,31
43575684,2026-06,33.28,32.0,0.0,30
43575684,2026-07,33.39,32.0,0.0,31
43575684,2026-08,41.74,32.0,0.0,31
43575684,2026-09,41.6,32.0,0.0,30
43575684,2026-10,41.85,32.0,0.0,26
43741632,2025-10,288.4,224.0,0.0,5
43741632,2025-11,234.08,224.0,0.0,30
43741632,2025-12,232.67,224.0,0.0,31
43741632,2026-01,199.61,224.0,0.0,31
43741632,2026-02,198.56,224.0,0.0,28
43741632,2026-03,197.77,224.0,0.0,31
43741632,2026-04,232.96,224.0,0.0,30
43741632,2026-05,234.84,224.0,0.0,31
43741632,2026-06,232.96,224.0,0.0,30
43741632,2026-07,233.75,224.0,0.26,23
43741632,2026-08,292.19,224.0,1.0,0
43741632,2026-09,291.2,224.0,1.0,0
43741632,2026-10,292.92,224.0,1.0,0
43792332,2025-10,36.05,28.0,1.0,0
43792332,2025-11,29.26,28.0,0.13,26
43792332,2025-12,29.08,28.0,0.16,26
43792332,2026-01,24.95,28.0,0.0,31
43792332,2026-02,24.82,28.0,0.0,28
43792332,2026-03,24.72,28.0,0.0,31
43792332,2026-04,29.12,28.0,0.0,30
43792332,2026-05,29.35,28.0,0.0,31
43792332,2026-06,29.12,28.0,0.0,30
43792332,2026-07,29.22,28.0,0.0,31
43792332,2026-08,36.52,28.0,0.0,31
43792332,2026-09,36.4,28.0,0.0,30
43792332,2026-10,36.62,28.0,0.0,26
43909004,2025-10,114.59,89.0,0.6,2
43909004,2025-11,93.01,89.0,0.0,30
43909004,2025-12,92.45,89.0,0.0,31
43909004,2026-01,79.31,89.0,0.0,31
43909004,2026-02,78.89,89.0,0.0,28
43909004,2026-03,78.58,89.0,0.0,31
43909004,2026-04,92.56,89.0,0.0,30
43909004,2026-05,93.31,89.0,0.0,31
43909004,2026-06,92.56,89.0,0.0,30
43909004,2026-07,92.88,89.0,0.0,31
43909004,2026-08,116.1,89.0,0.0,31
43909004,2026-09,115.7,89.0,0.0,30
43909004,2026-10,116.39,89.0,0.0,26
43947327,2025-10,,,1.0,0
43947327,2025-11,,,0.97,1
43947327,2025-12,,,1.0,0
43947327,2026-01,,,1.0,0
43947327,2026-02,,,1.0,0
43947327,2026-03,,,0.97,1
43947327,2026-04,,,1.0,0
43947327,2026-05,,,0.94,2
43947327,2026-06,,,0.9,3
43947327,2026-07,,,0.81,6
43947327,2026-08,,,1.0,0
43947327,2026-09,,,1.0,0
43947327,2026-10,,,1.0,0
43969809,2025-10,126.18,98.0,1.0,0
43969809,2025-11,102.41,98.0,0.93,2
43969809,2025-12,101.79,98.0,1.0,0
43969809,2026-01,87.33,98.0,1.0,0
43969809,2026-02,86.87,98.0,1.0,0
43969809,2026-03,86.52,98.0,1.0,0
43969809,2026-04,101.92,98.0,1.0,0
43969809,2026-05,102.74,98.0,1.0,0
43969809,2026-06,101.92,98.0,1.0,0
43969809,2026-07,102.27,98.0,1.0,0
43969809,2026-08,127.84,98.0,1.0,0
43969809,2026-09,127.4,98.0,1.0,0
43969809,2026-10,128.16,98.0,1.0,0
44019190,2025-10,90.12,70.0,0.0,5
44019190,2025-11,73.15,70.0,0.0,30
44019190,2025-12,72.71,70.0,0.0,31
44019190,2026-01,62.38,70.0,0.0,31
44019190,2026-02,62.05,70.0,0.0,28
44019190,2026-03,61.8,70.0,0.0,31
44019190,2026-04,72.8,70.0,0.0,30
44019190,2026-05,73.39,70.0,0.0,31
44019190,2026-06,72.8,70.0,0.0,30
44019190,2026-07,73.05,70.0,0.0,31
44019190,2026-08,91.31,70.0,0.0,31
44019190,2026-09,91.0,70.0,0.0,30
44019190,2026-10,91.54,70.0,0.0,26
44100363,2025-10,87.55,68.0,1.0,0
44100363,2025-11,71.06,68.0,0.97,1
44100363,2025-12,70.63,68.0,0.29,22
44100363,2026-01,60.6,68.0,0.0,31
44100363,2026-02,60.28,68.0,0.0,28
44100363,2026-03,60.04,68.0,0.0,31
44100363,2026-04,70.72,68.0,0.0,30
44100363,2026-05,71.29,68.0,0.0,31
44100363,2026-06,70.72,68.0,0.0,30
44100363,2026-07,70.96,68.0,0.0,31
44100363,2026-08,88.7,68.0,0.0,31
44100363,2026-09,88.4,68.0,0.0,30
44100363,2026-10,88.92,68.0,0.0,26
44316040,2025-10,72.1,56.0,1.0,0
44316040,2025-11,58.52,56.0,1.0,0
44316040,2025-12,58.17,56.0,1.0,0
44316040,2026-01,49.9,56.0,0.9,3
44316040,2026-02,49.64,56.0,0.5,14
44316040,2026-03,49.44,56.0,1.0,0
44316040,2026-04,58.24,56.0,1.0,0
44316040,2026-05,58.71,56.0,0.39,19
44316040,2026-06,58.24,56.0,1.0,0
44316040,2026-07,58.44,56.0,1.0,0
44316040,2026-08,73.05,56.0,1.0,0
44316040,2026-09,72.8,56.0,1.0,0
44316040,2026-10,73.23,56.0,1.0,0
44361368,2025-10,153.21,119.0,0.4,3
44361368,2025-11,124.36,119.0,0.53,14
44361368,2025-12,123.61,119.0,0.19,25
44361368,2026-01,106.04,119.0,0.0,31
44361368,2026-02,105.48,119.0,0.0,28
44361368,2026-03,105.06,119.0,0.0,31
44361368,2026-04,123.76,119.0,0.0,30
44361368,2026-05,124.76,119.0,0.55,14
44361368,2026-06,123.76,119.0,1.0,0
44361368,2026-07,124.18,119.0,1.0,0
44361368,2026-08,155.23,119.0,1.0,0
44361368,2026-09,154.7,119.0,1.0,0
44361368,2026-10,155.61,119.0,1.0,0
44361402,2025-10,108.15,84.0,0.8,1
44361402,2025-11,87.78,84.0,0.4,18
44361402,2025-12,87.25,84.0,0.39,19
44361402,2026-01,74.85,84.0,0.0,31
44361402,2026-02,74.46,84.0,0.0,28
44361402,2026-03,74.16,84.0,0.06,29
44361402,2026-04,87.36,84.0,0.0,30
44361402,2026-05,88.06,84.0,0.0,31
44361402,2026-06,87.36,84.0,0.0,30
44361402,2026-07,87.66,84.0,0.26,23
44361402,2026-08,109.57,84.0,1.0,0
44361402,2026-09,109.2,84.0,1.0,0
44361402,2026-10,109.85,84.0,1.0,0
44376973,2025-10,187.97,146.0,0.0,5
44376973,2025-11,152.57,146.0,0.4,18
44376973,2025-12,151.65,146.0,0.0,31
44376973,2026-01,130.1,146.0,0.0,31
44376973,2026-02,129.42,146.0,0.0,28
44376973,2026-03,128.9,146.0,0.0,31
44376973,2026-04,151.84,146.0,0.0,30
44376973,2026-05,153.06,146.0,0.0,31
44376973,2026-06,151.84,146.0,0.0,30
44376973,2026-07,152.36,146.0,0.26,23
44376973,2026-08,190.45,146.0,1.0,0
44376973,2026-09,189.8,146.0,1.0,0
44376973,2026-10,190.92,146.0,1.0,0
44579633,2025-10,168.66,131.0,0.0,5
44579633,2025-11,136.9,131.0,0.37,19
44579633,2025-12,136.07,131.0,0.26,23
44579633,2026-01,116.74,131.0,0.0,31
44579633,2026-02,116.12,131.0,0.0,28
44579633,2026-03,115.66,131.0,0.0,31
44579633,2026-04,136.24,131.0,0.0,30
44579633,2026-05,137.34,131.0,0.0,31
44579633,2026-06,136.24,131.0,0.3,21
44579633,2026-07,136.7,131.0,0.97,1
44579633,2026-08,170.88,131.0,0.0,31
44579633,2026-09,170.3,131.0,0.0,30
44579633,2026-10,171.31,131.0,0.04,25
44684096,2025-10,,,1.0,0
44684096,2025-11,,,1.0,0
44684096,2025-12,,,1.0,0
44684096,2026-01,,,1.0,0
44684096,2026-02,,,1.0,0
44684096,2026-03,,,1.0,0
44684096,2026-04,,,1.0,0
44684096,2026-05,,,1.0,0
44684096,2026-06,,,1.0,0
44684096,2026-07,,,1.0,0
44684096,2026-08,,,1.0,0
44684096,2026-09,,,1.0,0
44684096,2026-10,,,1.0,0
45052852,2025-10,115.87,90.0,1.0,0
45052852,2025-11,94.05,90.0,1.0,0
45052852,2025-12,93.48,90.0,1.0,0
45052852,2026-01,80.2,90.0,1.0,0
45052852,2026-02,79.78,90.0,1.0,0
45052852,2026-03,79.46,90.0,1.0,0
45052852,2026-04,93.6,90.0,1.0,0
45052852,2026-05,94.35,90.0,1.0,0
45052852,2026-06,93.6,90.0,1.0,0
45052852,2026-07,93.92,90.0,1.0,0
45052852,2026-08,117.4,90.0,1.0,0
45052852,2026-09,117.0,90.0,1.0,0
45052852,2026-10,117.69,90.0,1.0,0
45206266,2025-10,153.21,119.0,0.0,5
45206266,2025-11,124.36,119.0,0.1,27
45206266,2025-12,123.61,119.0,0.0,31
45206266,2026-01,106.04,119.0,0.0,31
45206266,2026-02,105.48,119.0,0.0,28
45206266,2026-03,105.06,119.0,0.0,31
45206266,2026-04,123.76,119.0,0.0,30
45206266,2026-05,124.76,119.0,0.0,31
45206266,2026-06,123.76,119.0,0.0,30
45206266,2026-07,124.18,119.0,0.0,31
45206266,2026-08,155.23,119.0,0.0,31
45206266,2026-09,154.7,119.0,0.0,30
45206266,2026-10,155.61,119.0,0.0,26
45207718,2025-10,81.11,63.0,0.2,4
45207718,2025-11,65.83,63.0,0.2,24
45207718,2025-12,65.44,63.0,0.0,31
45207718,2026-01,56.14,63.0,0.0,31
45207718,2026-02,55.84,63.0,0.0,28
45207718,2026-03,55.62,63.0,0.0,31
45207718,2026-04,65.52,63.0,0.0,30
45207718,2026-05,66.05,63.0,0.0,31
45207718,2026-06,65.52,63.0,0.0,30
45207718,2026-07,65.74,63.0,0.0,31
45207718,2026-08,82.18,63.0,0.0,31
45207718,2026-09,81.9,63.0,0.0,30
45207718,2026-10,82.38,63.0,0.0,26
45207849,2025-10,288.4,224.0,0.0,5
45207849,2025-11,234.08,224.0,0.1,27
45207849,2025-12,232.67,224.0,0.0,31
45207849,2026-01,199.61,224.0,0.0,31
45207849,2026-02,198.56,224.0,0.0,28
45207849,2026-03,197.77,224.0,0.0,31
45207849,2026-04,232.96,224.0,0.0,30
45207849,2026-05,234.84,224.0,0.0,31
45207849,2026-06,232.96,224.0,0.0,30
45207849,2026-07,233.75,224.0,0.0,31
45207849,2026-08,292.19,224.0,0.0,31
45207849,2026-09,291.2,224.0,0.0,30
45207849,2026-10,292.92,224.0,0.0,26
45216064,2025-10,87.55,68.0,1.0,0
45216064,2025-11,71.06,68.0,1.0,0
45216064,2025-12,70.63,68.0,1.0,0
45216064,2026-01,60.6,68.0,0.0,31
45216064,2026-02,60.28,68.0,0.0,28
45216064,2026-03,60.04,68.0,0.0,31
45216064,2026-04,70.72,68.0,0.0,30
45216064,2026-05,71.29,68.0,0.0,31
45216064,2026-06,70.72,68.0,0.0,30
45216064,2026-07,70.96,68.0,0.0,31
45216064,2026-08,88.7,68.0,0.0,31
45216064,2026-09,88.4,68.0,0.0,30
45216064,2026-10,88.92,68.0,0.0,26
45216545,2025-10,104.29,81.0,1.0,0
45216545,2025-11,84.64,81.0,1.0,0
45216545,2025-12,84.14,81.0,1.0,0
45216545,2026-01,72.18,81.0,0.0,31
45216545,2026-02,71.8,81.0,0.0,28
45216545,2026-03,71.52,81.0,0.0,31
45216545,2026-04,84.24,81.0,0.0,30
45216545,2026-05,84.92,81.0,0.0,31
45216545,2026-06,84.24,81.0,0.0,30
45216545,2026-07,84.53,81.0,0.0,31
45216545,2026-08,105.66,81.0,0.0,31
45216545,2026-09,105.3,81.0,0.0,30
45216545,2026-10,105.92,81.0,0.0,26
45420901,2025-10,160.94,125.0,1.0,0
45420901,2025-11,130.62,125.0,0.7,9
45420901,2025-12,129.84,125.0,0.0,31
45420901,2026-01,111.39,125.0,0.0,31
45420901,2026-02,110.8,125.0,0.0,28
45420901,2026-03,110.36,125.0,0.0,31
45420901,2026-04,130.0,125.0,0.0,30
45420901,2026-05,131.05,125.0,0.13,27
45420901,2026-06,130.0,125.0,0.0,30
45420901,2026-07,130.44,125.0,0.26,23
45420901,2026-08,163.06,125.0,1.0,0
45420901,2026-09,162.5,125.0,1.0,0
45420901,2026-10,163.46,125.0,1.0,0
45655886,2025-10,103.0,80.0,1.0,0
45655886,2025-11,83.6,80.0,0.47,16
45655886,2025-12,83.1,80.0,0.06,29
45655886,2026-01,71.29,80.0,0.0,31
45655886,2026-02,70.91,80.0,0.0,28
45655886,2026-03,70.63,80.0,0.0,31
45655886,2026-04,83.2,80.0,0.0,30
45655886,2026-05,83.87,80.0,0.0,31
45655886,2026-06,83.2,80.0,0.0,30
45655886,2026-07,83.48,80.0,0.0,31
45655886,2026-08,104.35,80.0,0.0,31
45655886,2026-09,104.0,80.0,0.0,30
45655886,2026-10,104.62,80.0,0.0,26
46104839,2025-10,,,1.0,0
46104839,2025-11,,,1.0,0
46104839,2025-12,,,1.0,0
46104839,2026-01,,,1.0,0
46104839,2026-02,,,1.0,0
46104839,2026-03,,,1.0,0
46104839,2026-04,,,1.0,0
46104839,2026-05,,,1.0,0
46104839,2026-06,,,1.0,0
46104839,2026-07,,,1.0,0
46104839,2026-08,,,1.0,0
46104839,2026-09,,,1.0,0
46104839,2026-10,,,1.0,0
46273970,2025-10,88.84,69.0,0.0,5
46273970,2025-11,72.1,69.0,0.0,30
46273970,2025-12,71.67,69.0,0.0,31
46273970,2026-01,61.49,69.0,0.0,31
46273970,2026-02,61.16,69.0,0.0,28
46273970,2026-03,60.92,69.0,0.0,31
46273970,2026-04,71.76,69.0,0.0,30
46273970,2026-05,72.34,69.0,0.0,31
46273970,2026-06,71.76,69.0,0.0,30
46273970,2026-07,72.0,69.0,0.0,31
46273970,2026-08,90.01,69.0,0.0,31
46273970,2026-09,89.7,69.0,0.0,30
46273970,2026-10,90.23,69.0,0.0,26
46314407,2025-10,890.95,692.0,0.8,1
46314407,2025-11,723.14,692.0,0.57,13
46314407,2025-12,718.79,692.0,0.39,19
46314407,2026-01,616.66,692.0,0.13,27
46314407,2026-02,613.41,692.0,0.04,27
46314407,2026-03,610.97,692.0,0.0,31
46314407,2026-04,719.68,692.0,0.17,25
46314407,2026-05,725.48,692.0,0.13,27
46314407,2026-06,719.68,692.0,0.23,23
46314407,2026-07,722.14,692.0,0.23,24
46314407,2026-08,902.67,692.0,0.0,31
46314407,2026-09,899.6,692.0,0.1,27
46314407,2026-10,904.92,692.0,0.0,26
46371956,2025-10,112.01,87.0,0.8,1
46371956,2025-11,90.92,87.0,0.17,25
46371956,2025-12,90.37,87.0,0.23,24
46371956,2026-01,77.53,87.0,0.0,31
46371956,2026-02,77.12,87.0,0.0,28
46371956,2026-03,76.81,87.0,0.0,31
46371956,2026-04,90.48,87.0,0.0,30
46371956,2026-05,91.21,87.0,0.06,29
46371956,2026-06,90.48,87.0,0.0,30
46371956,2026-07,90.79,87.0,0.0,31
46371956,2026-08,113.49,87.0,0.0,31
46371956,2026-09,113.1,87.0,0.0,30
46371956,2026-10,113.77,87.0,0.0,26
46374421,2025-10,100.42,78.0,0.6,2
46374421,2025-11,81.51,78.0,0.33,20
46374421,2025-12,81.02,78.0,0.16,26
46374421,2026-01,69.51,78.0,0.0,31
46374421,2026-02,69.14,78.0,0.07,26
46374421,2026-03,68.87,78.0,0.0,31
46374421,2026-04,81.12,78.0,0.03,29
46374421,2026-05,81.77,78.0,0.1,28
46374421,2026-06,81.12,78.0,0.0,30
46374421,2026-07,81.4,78.0,0.0,31
46374421,2026-08,101.74,78.0,0.0,31
46374421,2026-09,101.4,78.0,0.0,30
46374421,2026-10,102.0,78.0,0.0,26
46490109,2025-10,104.29,81.0,0.2,4
46490109,2025-11,84.64,81.0,0.0,30
46490109,2025-12,84.14,81.0,0.0,31
46490109,2026-01,72.18,81.0,0.0,31
46490109,2026-02,71.8,81.0,0.0,28
46490109,2026-03,71.52,81.0,0.0,31
46490109,2026-04,84.24,81.0,0.0,30
46490109,2026-05,84.92,81.0,0.0,31
46490109,2026-06,84.24,81.0,0.0,30
46490109,2026-07,84.53,81.0,0.0,31
46490109,2026-08,105.66,81.0,0.0,31
46490109,2026-09,105.3,81.0,0.0,30
46490109,2026-10,105.92,81.0,0.0,26
46490712,2025-10,186.69,145.0,1.0,0
46490712,2025-11,151.52,145.0,1.0,0
46490712,2025-12,150.61,145.0,0.1,28
46490712,2026-01,129.21,145.0,0.0,31
46490712,2026-02,128.53,145.0,0.0,28
46490712,2026-03,128.02,145.0,0.0,31
46490712,2026-04,150.8,145.0,0.0,30
46490712,2026-05,152.02,145.0,0.1,28
46490712,2026-06,150.8,145.0,0.0,30
46490712,2026-07,151.31,145.0,0.0,31
46490712,2026-08,189.14,145.0,0.0,31
46490712,2026-09,188.5,145.0,0.0,30
46490712,2026-10,189.62,145.0,0.0,26
46637145,2025-10,92.7,72.0,0.4,3
46637145,2025-11,75.24,72.0,0.63,11
46637145,2025-12,74.79,72.0,0.1,28
46637145,2026-01,64.16,72.0,0.0,31
46637145,2026-02,63.82,72.0,0.0,28
46637145,2026-03,63.57,72.0,0.0,31
46637145,2026-04,74.88,72.0,0.0,30
46637145,2026-05,75.48,72.0,0.1,28
46637145,2026-06,74.88,72.0,0.0,30
46637145,2026-07,75.14,72.0,0.0,31
46637145,2026-08,93.92,72.0,0.0,31
46637145,2026-09,93.6,72.0,0.0,30
46637145,2026-10,94.15,72.0,0.0,26
46712066,2025-10,90.12,70.0,0.8,1
46712066,2025-11,73.15,70.0,0.33,20
46712066,2025-12,72.71,70.0,0.13,27
46712066,2026-01,62.38,70.0,0.0,31
46712066,2026-02,62.05,70.0,0.0,28
46712066,2026-03,61.8,70.0,0.0,31
46712066,2026-04,72.8,70.0,0.0,30
46712066,2026-05,73.39,70.0,0.0,31
46712066,2026-06,72.8,70.0,0.0,30
46712066,2026-07,73.05,70.0,0.0,31
46712066,2026-08,91.31,70.0,0.0,31
46712066,2026-09,91.0,70.0,0.0,30
46712066,2026-10,91.54,70.0,0.0,26
46771787,2025-10,189.26,147.0,0.0,5
46771787,2025-11,153.61,147.0,0.07,28
46771787,2025-12,152.69,147.0,0.0,31
46771787,2026-01,131.0,147.0,0.23,24
46771787,2026-02,130.3,147.0,1.0,0
46771787,2026-03,129.79,147.0,1.0,0
46771787,2026-04,152.88,147.0,1.0,0
46771787,2026-05,154.11,147.0,1.0,0
46771787,2026-06,152.88,147.0,1.0,0
46771787,2026-07,153.4,147.0,1.0,0
46771787,2026-08,191.75,147.0,1.0,0
46771787,2026-09,191.1,147.0,1.0,0
46771787,2026-10,192.23,147.0,1.0,0
47350542,2025-10,114.59,89.0,0.4,3
47350542,2025-11,93.01,89.0,0.23,23
47350542,2025-12,92.45,89.0,0.19,25
47350542,2026-01,79.31,89.0,0.0,31
47350542,2026-02,78.89,89.0,0.0,28
47350542,2026-03,78.58,89.0,0.0,31
47350542,2026-04,92.56,89.0,0.0,30
47350542,2026-05,93.31,89.0,0.06,29
47350542,2026-06,92.56,89.0,0.0,30
47350542,2026-07,92.88,89.0,0.0,31
47350542,2026-08,116.1,89.0,0.0,31
47350542,2026-09,115.7,89.0,0.0,30
47350542,2026-10,116.39,89.0,0.0,26
47403691,2025-10,,,0.0,5
47403691,2025-11,,,0.0,30
47403691,2025-12,,,0.0,31
47403691,2026-01,,,0.0,31
47403691,2026-02,,,0.0,28
47403691,2026-03,,,0.0,31
47403691,2026-04,,,0.0,30
47403691,2026-05,,,0.0,31
47403691,2026-06,,,0.0,30
47403691,2026-07,,,0.0,31
47403691,2026-08,,,0.0,31
47403691,2026-09,,,0.0,30
47403691,2026-10,,,0.0,26
47426620,2025-10,103.0,80.0,1.0,0
47426620,2025-11,83.6,80.0,0.0,30
47426620,2025-12,83.1,80.0,0.0,31
47426620,2026-01,71.29,80.0,0.0,31
47426620,2026-02,70.91,80.0,0.0,28
47426620,2026-03,70.63,80.0,0.0,31
47426620,2026-04,83.2,80.0,0.0,30
47426620,2026-05,83.87,80.0,0.0,31
47426620,2026-06,83.2,80.0,0.0,30
47426620,2026-07,83.48,80.0,0.0,31
47426620,2026-08,104.35,80.0,0.0,31
47426620,2026-09,104.0,80.0,0.0,30
47426620,2026-10,104.62,80.0,0.0,26
47432363,2025-10,207.29,161.0,1.0,0
47432363,2025-11,168.24,161.0,0.43,17
47432363,2025-12,167.23,161.0,0.0,31
47432363,2026-01,143.47,161.0,0.0,31
47432363,2026-02,142.72,161.0,0.0,28
47432363,2026-03,142.15,161.0,0.0,31
47432363,2026-04,167.44,161.0,0.0,30
47432363,2026-05,168.79,161.0,0.0,31
47432363,2026-06,167.44,161.0,0.0,30
47432363,2026-07,168.01,161.0,0.0,31
47432363,2026-08,210.01,161.0,0.0,31
47432363,2026-09,209.3,161.0,0.0,30
47432363,2026-10,210.54,161.0,0.0,26
47746603,2025-10,157.07,122.0,0.2,4
47746603,2025-11,127.49,122.0,0.2,24
47746603,2025-12,126.72,122.0,0.29,22
47746603,2026-01,108.72,122.0,0.0,31
47746603,2026-02,108.14,122.0,1.0,0
47746603,2026-03,107.71,122.0,1.0,0
47746603,2026-04,126.88,122.0,0.0,30
47746603,2026-05,127.9,122.0,0.0,31
47746603,2026-06,126.88,122.0,0.0,30
47746603,2026-07,127.31,122.0,0.16,26
47746603,2026-08,159.14,122.0,0.0,31
47746603,2026-09,158.6,122.0,0.0,30
47746603,2026-10,159.54,122.0,0.0,26
47792889,2025-10,110.72,86.0,0.4,3
47792889,2025-11,89.87,86.0,0.0,30
47792889,2025-12,89.33,86.0,0.0,31
47792889,2026-01,76.64,86.0,0.0,31
47792889,2026-02,76.23,86.0,0.0,28
47792889,2026-03,75.93,86.0,0.0,31
47792889,2026-04,89.44,86.0,0.2,24
47792889,2026-05,90.16,86.0,1.0,0
47792889,2026-06,89.44,86.0,1.0,0
47792889,2026-07,89.75,86.0,1.0,0
47792889,2026-08,112.18,86.0,1.0,0
47792889,2026-09,111.8,86.0,1.0,0
47792889,2026-10,112.46,86.0,1.0,0
47833785,2025-10,121.02,94.0,0.6,2
47833785,2025-11,98.23,94.0,0.37,19
47833785,2025-12,97.64,94.0,0.0,31
47833785,2026-01,83.76,94.0,0.13,27
47833785,2026-02,83.32,94.0,0.0,28
47833785,2026-03,82.99,94.0,0.0,31
47833785,2026-04,97.76,94.0,0.0,30
47833785,2026-05,98.55,94.0,0.1,28
47833785,2026-06,97.76,94.0,0.0,30
47833785,2026-07,98.09,94.0,0.0,31
47833785,2026-08,122.62,94.0,0.0,31
47833785,2026-09,122.2,94.0,0.0,30
47833785,2026-10,122.92,94.0,0.0,26
47846381,2025-10,126.18,98.0,0.2,4
47846381,2025-11,102.41,98.0,0.23,23
47846381,2025-12,101.79,98.0,0.48,16
47846381,2026-01,87.33,98.0,0.0,31
47846381,2026-02,86.87,98.0,0.0,28
47846381,2026-03,86.52,98.0,0.0,31
47846381,2026-04,101.92,98.0,0.0,30
47846381,2026-05,102.74,98.0,0.1,28
47846381,2026-06,101.92,98.0,0.1,27
47846381,2026-07,102.27,98.0,0.0,31
47846381,2026-08,127.84,98.0,0.0,31
47846381,2026-09,127.4,98.0,0.0,30
47846381,2026-10,128.16,98.0,0.0,26
47857021,2025-10,92.7,72.0,1.0,0
47857021,2025-11,75.24,72.0,0.33,20
47857021,2025-12,74.79,72.0,0.23,24
47857021,2026-01,64.16,72.0,0.0,31
47857021,2026-02,63.82,72.0,0.0,28
47857021,2026-03,63.57,72.0,0.0,31
47857021,2026-04,74.88,72.0,0.0,30
47857021,2026-05,75.48,72.0,0.0,31
47857021,2026-06,74.88,72.0,0.0,30
47857021,2026-07,75.14,72.0,0.0,31
47857021,2026-08,93.92,72.0,0.0,31
47857021,2026-09,93.6,72.0,0.0,30
47857021,2026-10,94.15,72.0,0.0,26
47952428,2025-10,266.51,207.0,1.0,0
47952428,2025-11,216.32,207.0,1.0,0
47952428,2025-12,215.01,207.0,0.58,13
47952428,2026-01,184.46,207.0,0.23,24
47952428,2026-02,183.49,207.0,1.0,0
47952428,2026-03,182.76,207.0,1.0,0
47952428,2026-04,215.28,207.0,1.0,0
47952428,2026-05,217.02,207.0,1.0,0
47952428,2026-06,215.28,207.0,1.0,0
47952428,2026-07,216.01,207.0,1.0,0
47952428,2026-08,270.02,207.0,1.0,0
47952428,2026-09,269.1,207.0,1.0,0
47952428,2026-10,270.69,207.0,1.0,0
48009888,2025-10,84.97,66.0,1.0,0
48009888,2025-11,68.97,66.0,0.77,7
48009888,2025-12,68.55,66.0,0.87,4
48009888,2026-01,58.81,66.0,0.03,30
48009888,2026-02,58.5,66.0,0.0,28
48009888,2026-03,58.27,66.0,0.13,27
48009888,2026-04,68.64,66.0,0.17,25
48009888,2026-05,69.19,66.0,0.39,19
48009888,2026-06,68.64,66.0,0.2,24
48009888,2026-07,68.87,66.0,0.06,29
48009888,2026-08,86.09,66.0,0.0,31
48009888,2026-09,85.8,66.0,0.0,30
48009888,2026-10,86.31,66.0,0.0,26
48064704,2025-10,55.36,43.0,0.4,3
48064704,2025-11,44.93,43.0,0.0,30
48064704,2025-12,44.66,43.0,0.0,31
48064704,2026-01,38.32,43.0,0.0,31
48064704,2026-02,38.12,43.0,0.0,28
48064704,2026-03,37.96,43.0,0.0,31
48064704,2026-04,44.72,43.0,0.0,30
48064704,2026-05,45.08,43.0,0.0,31
48064704,2026-06,44.72,43.0,0.0,30
48064704,2026-07,44.87,43.0,0.0,31
48064704,2026-08,56.09,43.0,0.0,31
48064704,2026-09,55.9,43.0,0.0,30
48064704,2026-10,56.23,43.0,0.0,26
48229920,2025-10,,,0.2,4
48229920,2025-11,,,0.2,24
48229920,2025-12,,,0.19,25
48229920,2026-01,,,0.13,27
48229920,2026-02,,,0.0,28
48229920,2026-03,,,0.0,31
48229920,2026-04,,,0.0,30
48229920,2026-05,,,0.06,29
48229920,2026-06,,,0.0,30
48229920,2026-07,,,0.0,31
48229920,2026-08,,,0.0,31
48229920,2026-09,,,0.0,30
48229920,2026-10,,,0.0,26
48401591,2025-10,245.91,191.0,0.0,5
48401591,2025-11,199.6,191.0,0.0,30
48401591,2025-12,198.39,191.0,1.0,0
48401591,2026-01,170.2,191.0,0.52,15
48401591,2026-02,169.31,191.0,1.0,0
48401591,2026-03,168.63,191.0,1.0,0
48401591,2026-04,198.64,191.0,1.0,0
48401591,2026-05,200.24,191.0,1.0,0
48401591,2026-06,198.64,191.0,1.0,0
48401591,2026-07,199.32,191.0,1.0,0
48401591,2026-08,249.15,191.0,1.0,0
48401591,2026-09,248.3,191.0,1.0,0
48401591,2026-10,249.77,191.0,1.0,0
48469712,2025-10,166.09,129.0,0.6,2
48469712,2025-11,134.8,129.0,0.17,25
48469712,2025-12,133.99,129.0,0.06,29
48469712,2026-01,114.96,129.0,0.0,31
48469712,2026-02,114.35,129.0,0.0,28
48469712,2026-03,113.9,129.0,0.0,31
48469712,2026-04,134.16,129.0,0.0,30
48469712,2026-05,135.24,129.0,0.0,31
48469712,2026-06,134.16,129.0,1.0,0
48469712,2026-07,134.62,129.0,1.0,0
48469712,2026-08,168.27,129.0,1.0,0
48469712,2026-09,167.7,129.0,1.0,0
48469712,2026-10,168.69,129.0,1.0,0
49092365,2025-10,226.6,176.0,0.2,4
49092365,2025-11,183.92,176.0,0.37,19
49092365,2025-12,182.81,176.0,0.19,25
49092365,2026-01,156.84,176.0,0.03,30
49092365,2026-02,156.01,176.0,0.0,28
49092365,2026-03,155.39,176.0,0.0,31
49092365,2026-04,183.04,176.0,0.0,30
49092365,2026-05,184.52,176.0,0.32,21
49092365,2026-06,183.04,176.0,0.27,22
49092365,2026-07,183.66,176.0,0.0,31
49092365,2026-08,229.58,176.0,0.35,20
49092365,2026-09,228.8,176.0,0.13,26
49092365,2026-10,230.15,176.0,0.0,26
49342072,2025-10,154.5,120.0,1.0,0
49342072,2025-11,125.4,120.0,1.0,0
49342072,2025-12,124.65,120.0,0.42,18
49342072,2026-01,106.94,120.0,0.0,31
49342072,2026-02,106.37,120.0,0.0,28
49342072,2026-03,105.95,120.0,0.0,31
49342072,2026-04,124.8,120.0,0.0,30
49342072,2026-05,125.81,120.0,0.0,31
49342072,2026-06,124.8,120.0,0.0,30
49342072,2026-07,125.23,120.0,0.0,31
49342072,2026-08,156.53,120.0,0.0,31
49342072,2026-09,156.0,120.0,0.0,30
49342072,2026-10,156.92,120.0,0.0,26
49631544,2025-10,220.16,171.0,0.2,4
49631544,2025-11,178.7,171.0,0.4,18
49631544,2025-12,177.62,171.0,0.32,21
49631544,2026-01,152.38,171.0,1.0,0
49631544,2026-02,151.58,171.0,1.0,0
49631544,2026-03,150.98,171.0,1.0,0
49631544,2026-04,177.84,171.0,1.0,0
49631544,2026-05,179.27,171.0,1.0,0
49631544,2026-06,177.84,171.0,1.0,0
49631544,2026-07,178.45,171.0,1.0,0
49631544,2026-08,223.06,171.0,1.0,0
49631544,2026-09,222.3,171.0,1.0,0
49631544,2026-10,223.61,171.0,1.0,0
49735166,2025-10,404.27,314.0,1.0,0
49735166,2025-11,328.13,314.0,0.03,29
49735166,2025-12,326.15,314.0,0.0,31
49735166,2026-01,279.81,314.0,0.23,24
49735166,2026-02,278.34,314.0,1.0,0
49735166,2026-03,277.23,314.0,1.0,0
49735166,2026-04,326.56,314.0,1.0,0
49735166,2026-05,329.19,314.0,1.0,0
49735166,2026-06,326.56,314.0,1.0,0
49735166,2026-07,327.67,314.0,1.0,0
49735166,2026-08,409.59,314.0,1.0,0
49735166,2026-09,408.2,314.0,1.0,0
49735166,2026-10,410.61,314.0,1.0,0
50054456,2025-10,257.5,200.0,0.8,1
50054456,2025-11,209.0,200.0,0.27,22
50054456,2025-12,207.74,200.0,0.13,27
50054456,2026-01,178.23,200.0,0.0,31
50054456,2026-02,177.29,200.0,0.0,28
50054456,2026-03,176.58,200.0,0.0,31
50054456,2026-04,208.0,200.0,0.0,30
50054456,2026-05,209.68,200.0,0.23,24
50054456,2026-06,208.0,200.0,0.0,30
50054456,2026-07,208.71,200.0,0.0,31
50054456,2026-08,260.89,200.0,0.0,31
50054456,2026-09,260.0,200.0,0.0,30
50054456,2026-10,261.54,200.0,0.0,26
50194879,2025-10,132.61,103.0,1.0,0
50194879,2025-11,107.64,103.0,1.0,0
50194879,2025-12,106.99,103.0,0.55,14
50194879,2026-01,91.79,103.0,0.0,31
50194879,2026-02,91.3,103.0,0.0,28
50194879,2026-03,90.94,103.0,0.0,31
50194879,2026-04,107.12,103.0,0.0,30
50194879,2026-05,107.98,103.0,0.16,26
50194879,2026-06,107.12,103.0,0.0,30
50194879,2026-07,107.49,103.0,0.0,31
50194879,2026-08,134.36,103.0,0.29,22
50194879,2026-09,133.9,103.0,1.0,0
50194879,2026-10,134.69,103.0,1.0,0
50361582,2025-10,100.42,78.0,0.4,3
50361582,2025-11,81.51,78.0,0.73,8
50361582,2025-12,81.02,78.0,0.26,23
50361582,2026-01,69.51,78.0,0.0,31
50361582,2026-02,69.14,78.0,0.43,16
50361582,2026-03,68.87,78.0,0.03,30
50361582,2026-04,81.12,78.0,0.0,30
50361582,2026-05,81.77,78.0,0.0,31
50361582,2026-06,81.12,78.0,0.0,30
50361582,2026-07,81.4,78.0,0.0,31
50361582,2026-08,101.74,78.0,0.0,31
50361582,2026-09,101.4,78.0,0.0,30
50361582,2026-10,102.0,78.0,0.0,26
50409973,2025-10,162.22,126.0,0.8,1
50409973,2025-11,131.67,126.0,0.0,30
50409973,2025-12,130.88,126.0,0.0,31
50409973,2026-01,112.28,126.0,0.0,31
50409973,2026-02,111.69,126.0,0.0,28
50409973,2026-03,111.24,126.0,0.0,31
50409973,2026-04,131.04,126.0,0.0,30
50409973,2026-05,132.1,126.0,0.0,31
50409973,2026-06,131.04,126.0,0.0,30
50409973,2026-07,131.49,126.0,0.0,31
50409973,2026-08,164.36,126.0,0.0,31
50409973,2026-09,163.8,126.0,0.0,30
50409973,2026-10,164.77,126.0,0.0,26
50497152,2025-10,,,1.0,0
50497152,2025-11,,,1.0,0
50497152,2025-12,,,1.0,0
50497152,2026-01,,,1.0,0
50497152,2026-02,,,1.0,0
50497152,2026-03,,,1.0,0
50497152,2026-04,,,1.0,0
50497152,2026-05,,,1.0,0
50497152,2026-06,,,1.0,0
50497152,2026-07,,,1.0,0
50497152,2026-08,,,1.0,0
50497152,2026-09,,,1.0,0
50497152,2026-10,,,1.0,0
50504321,2025-10,244.62,190.0,1.0,0
50504321,2025-11,198.55,190.0,0.87,4
50504321,2025-12,197.35,190.0,0.1,28
50504321,2026-01,169.31,190.0,0.0,31
50504321,2026-02,168.42,190.0,0.0,28
50504321,2026-03,167.75,190.0,0.0,31
50504321,2026-04,197.6,190.0,0.0,30
50504321,2026-05,199.19,190.0,0.39,19
50504321,2026-06,197.6,190.0,0.0,30
50504321,2026-07,198.27,190.0,0.0,31
50504321,2026-08,247.84,190.0,0.0,31
50504321,2026-09,247.0,190.0,0.0,30
50504321,2026-10,248.46,190.0,0.0,26
50562579,2025-10,146.78,114.0,0.0,5
50562579,2025-11,119.13,114.0,0.0,30
50562579,2025-12,118.41,114.0,0.0,31
50562579,2026-01,101.59,114.0,0.0,31
50562579,2026-02,101.05,114.0,0.0,28
50562579,2026-03,100.65,114.0,0.0,31
50562579,2026-04,118.56,114.0,0.0,30
50562579,2026-05,119.52,114.0,0.0,31
50562579,2026-06,118.56,114.0,0.0,30
50562579,2026-07,118.96,114.0,0.26,23
50562579,2026-08,148.71,114.0,1.0,0
50562579,2026-09,148.2,114.0,1.0,0
50562579,2026-10,149.08,114.0,1.0,0
50595917,2025-10,99.14,77.0,0.8,1
50595917,2025-11,80.46,77.0,0.43,17
50595917,2025-12,79.98,77.0,0.39,19
50595917,2026-01,68.62,77.0,0.0,31
50595917,2026-02,68.26,77.0,0.0,28
50595917,2026-03,67.98,77.0,0.06,29
50595917,2026-04,80.08,77.0,0.0,30
50595917,2026-05,80.73,77.0,0.0,31
50595917,2026-06,80.08,77.0,0.0,30
50595917,2026-07,80.35,77.0,0.26,23
50595917,2026-08,100.44,77.0,1.0,0
50595917,2026-09,100.1,77.0,1.0,0
50595917,2026-10,100.69,77.0,1.0,0
50873368,2025-10,139.05,108.0,0.0,5
50873368,2025-11,112.86,108.0,0.0,30
50873368,2025-12,112.18,108.0,0.0,31
50873368,2026-01,96.24,108.0,0.0,31
50873368,2026-02,95.73,108.0,0.0,28
50873368,2026-03,95.35,108.0,0.0,31
50873368,2026-04,112.32,108.0,0.2,24
50873368,2026-05,113.23,108.0,1.0,0
50873368,2026-06,112.32,108.0,1.0,0
50873368,2026-07,112.7,108.0,1.0,0
50873368,2026-08,140.88,108.0,1.0,0
50873368,2026-09,140.4,108.0,1.0,0
50873368,2026-10,141.23,108.0,1.0,0
51411999,2025-10,101.71,79.0,0.8,1
51411999,2025-11,82.56,79.0,0.2,24
51411999,2025-12,82.06,79.0,0.13,27
51411999,2026-01,70.4,79.0,0.0,31
51411999,2026-02,70.03,79.0,0.0,28
51411999,2026-03,69.75,79.0,0.0,31
51411999,2026-04,82.16,79.0,0.0,30
51411999,2026-05,82.82,79.0,0.1,28
51411999,2026-06,82.16,79.0,0.0,30
51411999,2026-07,82.44,79.0,0.0,31
51411999,2026-08,103.05,79.0,0.0,31
51411999,2026-09,102.7,79.0,0.0,30
51411999,2026-10,103.31,79.0,0.0,26
51502999,2025-10,126.18,98.0,0.0,5
51502999,2025-11,102.41,98.0,1.0,0
51502999,2025-12,101.79,98.0,0.94,2
51502999,2026-01,87.33,98.0,0.74,8
51502999,2026-02,86.87,98.0,1.0,0
51502999,2026-03,86.52,98.0,1.0,0
51502999,2026-04,101.92,98.0,1.0,0
51502999,2026-05,102.74,98.0,1.0,0
51502999,2026-06,101.92,98.0,1.0,0
51502999,2026-07,102.27,98.0,1.0,0
51502999,2026-08,127.84,98.0,1.0,0
51502999,2026-09,127.4,98.0,1.0,0
51502999,2026-10,128.16,98.0,1.0,0
51584379,2025-10,93.99,73.0,0.8,1
51584379,2025-11,76.29,73.0,0.03,29
51584379,2025-12,75.83,73.0,0.0,31
51584379,2026-01,65.05,73.0,0.0,31
51584379,2026-02,64.71,73.0,0.0,28
51584379,2026-03,64.45,73.0,0.0,31
51584379,2026-04,75.92,73.0,0.0,30
51584379,2026-05,76.53,73.0,0.0,31
51584379,2026-06,75.92,73.0,0.0,30
51584379,2026-07,76.18,73.0,0.0,31
51584379,2026-08,95.22,73.0,0.0,31
51584379,2026-09,94.9,73.0,0.0,30
51584379,2026-10,95.46,73.0,0.0,26
51593238,2025-10,153.21,119.0,1.0,0
51593238,2025-11,124.36,119.0,1.0,0
51593238,2025-12,123.61,119.0,1.0,0
51593238,2026-01,106.04,119.0,1.0,0
51593238,2026-02,105.48,119.0,1.0,0
51593238,2026-03,105.06,119.0,1.0,0
51593238,2026-04,123.76,119.0,1.0,0
51593238,2026-05,124.76,119.0,1.0,0
51593238,2026-06,123.76,119.0,1.0,0
51593238,2026-07,124.18,119.0,1.0,0
51593238,2026-08,155.23,119.0,0.48,16
51593238,2026-09,154.7,119.0,0.0,30
51593238,2026-10,155.61,119.0,0.0,26
51655958,2025-10,128.75,100.0,0.0,5
51655958,2025-11,104.5,100.0,0.23,23
51655958,2025-12,103.87,100.0,0.0,31
51655958,2026-01,89.11,100.0,0.0,31
51655958,2026-02,88.64,100.0,0.0,28
51655958,2026-03,88.29,100.0,0.0,31
51655958,2026-04,104.0,100.0,0.0,30
51655958,2026-05,104.84,100.0,0.0,31
51655958,2026-06,104.0,100.0,0.0,30
51655958,2026-07,104.35,100.0,0.0,31
51655958,2026-08,130.44,100.0,0.0,31
51655958,2026-09,130.0,100.0,0.0,30
51655958,2026-10,130.77,100.0,0.0,26
51762105,2025-10,92.7,72.0,0.8,1
51762105,2025-11,75.24,72.0,0.2,24
51762105,2025-12,74.79,72.0,0.42,18
51762105,2026-01,64.16,72.0,0.0,31
51762105,2026-02,63.82,72.0,0.0,28
51762105,2026-03,63.57,72.0,0.0,31
51762105,2026-04,74.88,72.0,0.0,30
51762105,2026-05,75.48,72.0,0.1,28
51762105,2026-06,74.88,72.0,0.0,30
51762105,2026-07,75.14,72.0,0.0,31
51762105,2026-08,93.92,72.0,0.0,31
51762105,2026-09,93.6,72.0,0.0,30
51762105,2026-10,94.15,72.0,0.0,26
51787040,2025-10,329.6,256.0,1.0,0
51787040,2025-11,267.52,256.0,0.23,23
51787040,2025-12,265.91,256.0,0.06,29
51787040,2026-01,228.13,256.0,0.0,31
51787040,2026-02,226.93,256.0,0.0,28
51787040,2026-03,226.02,256.0,0.0,31
51787040,2026-04,266.24,256.0,0.0,30
51787040,2026-05,268.39,256.0,0.0,31
51787040,2026-06,266.24,256.0,0.0,30
51787040,2026-07,267.15,256.0,0.26,23
51787040,2026-08,333.94,256.0,1.0,0
51787040,2026-09,332.8,256.0,1.0,0
51787040,2026-10,334.77,256.0,1.0,0
51804660,2025-10,,,1.0,0
51804660,2025-11,,,1.0,0
51804660,2025-12,,,1.0,0
51804660,2026-01,,,0.35,20
51804660,2026-02,,,0.0,28
51804660,2026-03,,,0.0,31
51804660,2026-04,,,0.0,30
51804660,2026-05,,,0.0,31
51804660,2026-06,,,0.0,30
51804660,2026-07,,,0.26,23
51804660,2026-08,,,1.0,0
51804660,2026-09,,,1.0,0
51804660,2026-10,,,1.0,0
51819107,2025-10,,,1.0,0
51819107,2025-11,,,1.0,0
51819107,2025-12,,,1.0,0
51819107,2026-01,,,1.0,0
51819107,2026-02,,,1.0,0
51819107,2026-03,,,1.0,0
51819107,2026-04,,,1.0,0
51819107,2026-05,,,1.0,0
51819107,2026-06,,,1.0,0
51819107,2026-07,,,1.0,0
51819107,2026-08,,,1.0,0
51819107,2026-09,,,1.0,0
51819107,2026-10,,,1.0,0
51824978,2025-10,203.42,158.0,1.0,0
51824978,2025-11,165.11,158.0,1.0,0
51824978,2025-12,164.12,158.0,0.16,26
51824978,2026-01,140.8,158.0,0.0,31
51824978,2026-02,140.05,158.0,0.0,28
51824978,2026-03,139.5,158.0,0.0,31
51824978,2026-04,164.32,158.0,0.0,30
51824978,2026-05,165.65,158.0,0.97,1
51824978,2026-06,164.32,158.0,1.0,0
51824978,2026-07,164.88,158.0,1.0,0
51824978,2026-08,206.1,158.0,1.0,0
51824978,2026-09,205.4,158.0,1.0,0
51824978,2026-10,206.61,158.0,1.0,0
51920623,2025-10,137.76,107.0,1.0,0
51920623,2025-11,111.82,107.0,1.0,0
51920623,2025-12,111.14,107.0,1.0,0
51920623,2026-01,95.35,107.0,0.0,31
51920623,2026-02,94.85,107.0,0.0,28
51920623,2026-03,94.47,107.0,0.0,31
51920623,2026-04,111.28,107.0,0.0,30
51920623,2026-05,112.18,107.0,0.0,31
51920623,2026-06,111.28,107.0,0.0,30
51920623,2026-07,111.66,107.0,0.0,31
51920623,2026-08,139.57,107.0,0.0,31
51920623,2026-09,139.1,107.0,0.0,30
51920623,2026-10,139.92,107.0,0.0,26
51942497,2025-10,220.16,171.0,0.0,5
51942497,2025-11,178.7,171.0,0.0,30
51942497,2025-12,177.62,171.0,0.0,31
51942497,2026-01,152.38,171.0,0.0,31
51942497,2026-02,151.58,171.0,0.0,28
51942497,2026-03,150.98,171.0,0.0,31
51942497,2026-04,177.84,171.0,0.0,30
51942497,2026-05,179.27,171.0,0.0,31
51942497,2026-06,177.84,171.0,0.0,30
51942497,2026-07,178.45,171.0,0.0,31
51942497,2026-08,223.06,171.0,0.0,31
51942497,2026-09,222.3,171.0,0.0,30
51942497,2026-10,223.61,171.0,0.0,26
51959058,2025-10,162.22,126.0,0.2,4
51959058,2025-11,131.67,126.0,0.23,23
51959058,2025-12,130.88,126.0,0.13,27
51959058,2026-01,112.28,126.0,0.0,31
51959058,2026-02,111.69,126.0,0.0,28
51959058,2026-03,111.24,126.0,0.0,31
51959058,2026-04,131.04,126.0,0.0,30
51959058,2026-05,132.1,126.0,0.16,26
51959058,2026-06,131.04,126.0,0.0,30
51959058,2026-07,131.49,126.0,0.26,23
51959058,2026-08,164.36,126.0,1.0,0
51959058,2026-09,163.8,126.0,1.0,0
51959058,2026-10,164.77,126.0,1.0,0
52004408,2025-10,41.2,32.0,0.2,4
52004408,2025-11,33.44,32.0,0.0,30
52004408,2025-12,33.24,32.0,0.0,31
52004408,2026-01,28.52,32.0,0.23,24
52004408,2026-02,28.37,32.0,1.0,0
52004408,2026-03,28.25,32.0,1.0,0
52004408,2026-04,33.28,32.0,1.0,0
52004408,2026-05,33.55,32.0,1.0,0
52004408,2026-06,33.28,32.0,1.0,0
52004408,2026-07,33.39,32.0,1.0,0
52004408,2026-08,41.74,32.0,1.0,0
52004408,2026-09,41.6,32.0,1.0,0
52004408,2026-10,41.85,32.0,1.0,0
52048336,2025-10,122.31,95.0,0.6,2
52048336,2025-11,99.28,95.0,0.5,15
52048336,2025-12,98.68,95.0,0.16,26
52048336,2026-01,84.66,95.0,0.1,28
52048336,2026-02,84.21,95.0,0.14,24
52048336,2026-03,83.88,95.0,0.0,31
52048336,2026-04,98.8,95.0,0.1,27
52048336,2026-05,99.6,95.0,0.26,23
52048336,2026-06,98.8,95.0,0.1,27
52048336,2026-07,99.14,95.0,0.26,23
52048336,2026-08,123.92,95.0,1.0,0
52048336,2026-09,123.5,95.0,1.0,0
52048336,2026-10,124.23,95.0,1.0,0
52088183,2025-10,370.8,288.0,0.0,5
52088183,2025-11,300.96,288.0,0.0,30
52088183,2025-12,299.15,288.0,0.0,31
52088183,2026-01,256.65,288.0,0.0,31
52088183,2026-02,255.29,288.0,0.0,28
52088183,2026-03,254.28,288.0,0.0,31
52088183,2026-04,299.52,288.0,0.0,30
52088183,2026-05,301.94,288.0,0.1,28
52088183,2026-06,299.52,288.0,0.0,30
52088183,2026-07,300.54,288.0,0.0,31
52088183,2026-08,375.68,288.0,0.0,31
52088183,2026-09,374.4,288.0,0.0,30
52088183,2026-10,376.62,288.0,0.0,26
52173725,2025-10,110.72,86.0,0.0,5
52173725,2025-11,89.87,86.0,0.2,24
52173725,2025-12,89.33,86.0,0.0,31
52173725,2026-01,76.64,86.0,0.0,31
52173725,2026-02,76.23,86.0,0.0,28
52173725,2026-03,75.93,86.0,0.0,31
52173725,2026-04,89.44,86.0,0.2,24
52173725,2026-05,90.16,86.0,1.0,0
52173725,2026-06,89.44,86.0,1.0,0
52173725,2026-07,89.75,86.0,1.0,0
52173725,2026-08,112.18,86.0,1.0,0
52173725,2026-09,111.8,86.0,1.0,0
52173725,2026-10,112.46,86.0,1.0,0
52278189,2025-10,168.66,131.0,0.0,5
52278189,2025-11,136.9,131.0,0.23,23
52278189,2025-12,136.07,131.0,0.23,24
52278189,2026-01,116.74,131.0,0.0,31
52278189,2026-02,116.12,131.0,0.0,28
52278189,2026-03,115.66,131.0,0.0,31
52278189,2026-04,136.24,131.0,0.0,30
52278189,2026-05,137.34,131.0,0.0,31
52278189,2026-06,136.24,131.0,0.0,30
52278189,2026-07,136.7,131.0,0.0,31
52278189,2026-08,170.88,131.0,0.0,31
52278189,2026-09,170.3,131.0,0.0,30
52278189,2026-10,171.31,131.0,0.0,26
52531373,2025-10,204.71,159.0,0.2,4
52531373,2025-11,166.16,159.0,0.57,13
52531373,2025-12,165.15,159.0,0.32,21
52531373,2026-01,141.69,159.0,0.0,31
52531373,2026-02,140.94,159.0,0.0,28
52531373,2026-03,140.38,159.0,0.0,31
52531373,2026-04,165.36,159.0,0.0,30
52531373,2026-05,166.69,159.0,0.0,31
52531373,2026-06,165.36,159.0,0.0,30
52531373,2026-07,165.92,159.0,0.0,31
52531373,2026-08,207.4,159.0,0.0,31
52531373,2026-09,206.7,159.0,0.0,30
52531373,2026-10,207.92,159.0,0.0,26
52766531,2025-10,159.65,124.0,0.6,2
52766531,2025-11,129.58,124.0,0.57,13
52766531,2025-12,128.8,124.0,0.0,31
52766531,2026-01,110.5,124.0,0.19,25
52766531,2026-02,109.92,124.0,0.29,20
52766531,2026-03,109.48,124.0,0.0,31
52766531,2026-04,128.96,124.0,0.0,30
52766531,2026-05,130.0,124.0,0.0,31
52766531,2026-06,128.96,124.0,0.0,30
52766531,2026-07,129.4,124.0,0.0,31
52766531,2026-08,161.75,124.0,0.29,22
52766531,2026-09,161.2,124.0,1.0,0
52766531,2026-10,162.15,124.0,1.0,0
52837864,2025-10,229.18,178.0,1.0,0
52837864,2025-11,186.01,178.0,0.1,27
52837864,2025-12,184.89,178.0,0.23,24
52837864,2026-01,158.62,178.0,0.0,31
52837864,2026-02,157.78,178.0,0.0,28
52837864,2026-03,157.16,178.0,0.0,31
52837864,2026-04,185.12,178.0,0.0,30
52837864,2026-05,186.61,178.0,0.0,31
52837864,2026-06,185.12,178.0,0.0,30
52837864,2026-07,185.75,178.0,0.0,31
52837864,2026-08,232.19,178.0,0.0,31
52837864,2026-09,231.4,178.0,0.0,30
52837864,2026-10,232.77,178.0,0.0,26
52904644,2025-10,122.31,95.0,0.0,5
52904644,2025-11,99.28,95.0,0.0,30
52904644,2025-12,98.68,95.0,0.0,31
52904644,2026-01,84.66,95.0,0.0,31
52904644,2026-02,84.21,95.0,0.0,28
52904644,2026-03,83.88,95.0,0.0,31
52904644,2026-04,98.8,95.0,0.0,30
52904644,2026-05,99.6,95.0,0.0,31
52904644,2026-06,98.8,95.0,0.0,30
52904644,2026-07,99.14,95.0,0.0,31
52904644,2026-08,123.92,95.0,0.0,31
52904644,2026-09,123.5,95.0,0.0,30
52904644,2026-10,124.23,95.0,0.0,26
52986682,2025-10,182.82,142.0,1.0,0
52986682,2025-11,148.39,142.0,0.2,24
52986682,2025-12,147.5,142.0,0.0,31
52986682,2026-01,126.54,142.0,0.0,31
52986682,2026-02,125.87,142.0,0.0,28
52986682,2026-03,125.37,142.0,0.0,31
52986682,2026-04,147.68,142.0,0.0,30
52986682,2026-05,148.87,142.0,0.1,28
52986682,2026-06,147.68,142.0,0.0,30
52986682,2026-07,148.18,142.0,0.26,23
52986682,2026-08,185.23,142.0,1.0,0
52986682,2026-09,184.6,142.0,1.0,0
52986682,2026-10,185.69,142.0,1.0,0
53115234,2025-10,113.3,88.0,0.8,1
53115234,2025-11,91.96,88.0,0.23,23
53115234,2025-12,91.41,88.0,0.0,31
53115234,2026-01,78.42,88.0,0.0,31
53115234,2026-02,78.01,88.0,0.0,28
53115234,2026-03,77.7,88.0,0.0,31
53115234,2026-04,91.52,88.0,0.0,30
53115234,2026-05,92.26,88.0,0.19,25
53115234,2026-06,91.52,88.0,0.0,30
53115234,2026-07,91.83,88.0,0.0,31
53115234,2026-08,114.79,88.0,0.0,31
53115234,2026-09,114.4,88.0,0.0,30
53115234,2026-10,115.08,88.0,0.0,26
53150554,2025-10,294.84,229.0,1.0,0
53150554,2025-11,239.3,229.0,0.87,4
53150554,2025-12,237.86,229.0,0.19,25
53150554,2026-01,204.07,229.0,0.0,31
53150554,2026-02,202.99,229.0,0.0,28
53150554,2026-03,202.19,229.0,0.0,31
53150554,2026-04,238.16,229.0,0.0,30
53150554,2026-05,240.08,229.0,0.06,29
53150554,2026-06,238.16,229.0,0.0,30
53150554,2026-07,238.97,229.0,0.0,31
53150554,2026-08,298.72,229.0,0.0,31
53150554,2026-09,297.7,229.0,0.0,30
53150554,2026-10,299.46,229.0,0.0,26
53150899,2025-10,70.81,55.0,1.0,0
53150899,2025-11,57.48,55.0,0.3,21
53150899,2025-12,57.13,55.0,0.45,17
53150899,2026-01,49.01,55.0,0.19,25
53150899,2026-02,48.75,55.0,0.0,28
53150899,2026-03,48.56,55.0,0.0,31
53150899,2026-04,57.2,55.0,0.2,24
53150899,2026-05,57.66,55.0,1.0,0
53150899,2026-06,57.2,55.0,1.0,0
53150899,2026-07,57.4,55.0,1.0,0
53150899,2026-08,71.74,55.0,1.0,0
53150899,2026-09,71.5,55.0,1.0,0
53150899,2026-10,71.92,55.0,1.0,0
53172066,2025-10,,,1.0,0
53172066,2025-11,,,1.0,0
53172066,2025-12,,,1.0,0
53172066,2026-01,,,1.0,0
53172066,2026-02,,,1.0,0
53172066,2026-03,,,1.0,0
53172066,2026-04,,,1.0,0
53172066,2026-05,,,1.0,0
53172066,2026-06,,,1.0,0
53172066,2026-07,,,1.0,0
53172066,2026-08,,,1.0,0
53172066,2026-09,,,1.0,0
53172066,2026-10,,,1.0,0
53173859,2025-10,168.66,131.0,1.0,0
53173859,2025-11,136.9,131.0,0.43,17
53173859,2025-12,136.07,131.0,0.0,31
53173859,2026-01,116.74,131.0,0.0,31
53173859,2026-02,116.12,131.0,0.0,28
53173859,2026-03,115.66,131.0,0.0,31
53173859,2026-04,136.24,131.0,0.0,30
53173859,2026-05,137.34,131.0,0.97,1
53173859,2026-06,136.24,131.0,1.0,0
53173859,2026-07,136.7,131.0,1.0,0
53173859,2026-08,170.88,131.0,1.0,0
53173859,2026-09,170.3,131.0,1.0,0
53173859,2026-10,171.31,131.0,1.0,0
53181906,2025-10,117.16,91.0,0.6,2
53181906,2025-11,95.1,91.0,0.17,25
53181906,2025-12,94.52,91.0,0.1,28
53181906,2026-01,81.09,91.0,0.0,31
53181906,2026-02,80.66,91.0,0.0,28
53181906,2026-03,80.34,91.0,0.0,31
53181906,2026-04,94.64,91.0,0.0,30
53181906,2026-05,95.4,91.0,0.0,31
53181906,2026-06,94.64,91.0,0.0,30
53181906,2026-07,94.96,91.0,0.0,31
53181906,2026-08,118.7,91.0,0.0,31
53181906,2026-09,118.3,91.0,0.0,30
53181906,2026-10,119.0,91.0,0.0,26
53232503,2025-10,184.11,143.0,1.0,0
53232503,2025-11,149.44,143.0,1.0,0
53232503,2025-12,148.54,143.0,0.94,2
53232503,2026-01,127.43,143.0,0.03,30
53232503,2026-02,126.76,143.0,0.0,28
53232503,2026-03,126.25,143.0,0.0,31
53232503,2026-04,148.72,143.0,0.2,24
53232503,2026-05,149.92,143.0,1.0,0
53232503,2026-06,148.72,143.0,1.0,0
53232503,2026-07,149.23,143.0,1.0,0
53232503,2026-08,186.53,143.0,1.0,0
53232503,2026-09,185.9,143.0,1.0,0
53232503,2026-10,187.0,143.0,1.0,0
53772864,2025-10,136.48,106.0,1.0,0
53772864,2025-11,110.77,106.0,1.0,0
53772864,2025-12,110.1,106.0,0.06,29
53772864,2026-01,94.46,106.0,0.0,31
53772864,2026-02,93.96,106.0,0.0,28
53772864,2026-03,93.59,106.0,0.0,31
53772864,2026-04,110.24,106.0,0.0,30
53772864,2026-05,111.13,106.0,0.0,31
53772864,2026-06,110.24,106.0,0.0,30
53772864,2026-07,110.62,106.0,0.26,23
53772864,2026-08,138.27,106.0,1.0,0
53772864,2026-09,137.8,106.0,1.0,0
53772864,2026-10,138.62,106.0,1.0,0
53882343,2025-10,177.68,138.0,1.0,0
53882343,2025-11,144.21,138.0,1.0,0
53882343,2025-12,143.34,138.0,0.39,19
53882343,2026-01,122.97,138.0,0.0,31
53882343,2026-02,122.33,138.0,0.0,28
53882343,2026-03,121.84,138.0,0.0,31
53882343,2026-04,143.52,138.0,0.0,30
53882343,2026-05,144.68,138.0,0.0,31
53882343,2026-06,143.52,138.0,0.0,30
53882343,2026-07,144.01,138.0,0.26,23
53882343,2026-08,180.01,138.0,1.0,0
53882343,2026-09,179.4,138.0,1.0,0
53882343,2026-10,180.46,138.0,1.0,0
53974050,2025-10,226.6,176.0,1.0,0
53974050,2025-11,183.92,176.0,1.0,0
53974050,2025-12,182.81,176.0,1.0,0
53974050,2026-01,156.84,176.0,0.23,24
53974050,2026-02,156.01,176.0,1.0,0
53974050,2026-03,155.39,176.0,1.0,0
53974050,2026-04,183.04,176.0,1.0,0
53974050,2026-05,184.52,176.0,1.0,0
53974050,2026-06,183.04,176.0,1.0,0
53974050,2026-07,183.66,176.0,1.0,0
53974050,2026-08,229.58,176.0,1.0,0
53974050,2026-09,228.8,176.0,1.0,0
53974050,2026-10,230.15,176.0,1.0,0
54212946,2025-10,204.71,159.0,0.6,2
54212946,2025-11,166.16,159.0,0.17,25
54212946,2025-12,165.15,159.0,0.0,31
54212946,2026-01,141.69,159.0,0.0,31
54212946,2026-02,140.94,159.0,0.0,28
54212946,2026-03,140.38,159.0,0.0,31
54212946,2026-04,165.36,159.0,0.0,30
54212946,2026-05,166.69,159.0,0.0,31
54212946,2026-06,165.36,159.0,0.0,30
54212946,2026-07,165.92,159.0,0.26,23
54212946,2026-08,207.4,159.0,1.0,0
54212946,2026-09,206.7,159.0,1.0,0
54212946,2026-10,207.92,159.0,1.0,0
54279622,2025-10,34.76,27.0,1.0,0
54279622,2025-11,28.22,27.0,0.33,20
54279622,2025-12,28.05,27.0,0.0,31
54279622,2026-01,24.06,27.0,0.23,24
54279622,2026-02,23.93,27.0,1.0,0
54279622,2026-03,23.84,27.0,1.0,0
54279622,2026-04,28.08,27.0,1.0,0
54279622,2026-05,28.31,27.0,1.0,0
54279622,2026-06,28.08,27.0,1.0,0
54279622,2026-07,28.18,27.0,1.0,0
54279622,2026-08,35.22,27.0,1.0,0
54279622,2026-09,35.1,27.0,1.0,0
54279622,2026-10,35.31,27.0,1.0,0
54325019,2025-10,503.41,391.0,1.0,0
54325019,2025-11,408.6,391.0,0.97,1
54325019,2025-12,406.14,391.0,0.0,31
54325019,2026-01,348.43,391.0,0.0,31
54325019,2026-02,346.59,391.0,0.0,28
54325019,2026-03,345.21,391.0,0.0,31
54325019,2026-04,406.64,391.0,0.0,30
54325019,2026-05,409.92,391.0,0.1,28
54325019,2026-06,406.64,391.0,0.0,30
54325019,2026-07,408.03,391.0,0.0,31
54325019,2026-08,510.03,391.0,0.0,31
54325019,2026-09,508.3,391.0,0.0,30
54325019,2026-10,511.31,391.0,0.0,26
54343966,2025-10,167.38,130.0,0.8,1
54343966,2025-11,135.85,130.0,0.07,28
54343966,2025-12,135.03,130.0,0.0,31
54343966,2026-01,115.85,130.0,0.0,31
54343966,2026-02,115.24,130.0,0.0,28
54343966,2026-03,114.78,130.0,0.0,31
54343966,2026-04,135.2,130.0,0.0,30
54343966,2026-05,136.29,130.0,0.0,31
54343966,2026-06,135.2,130.0,0.0,30
54343966,2026-07,135.66,130.0,0.0,31
54343966,2026-08,169.58,130.0,0.0,31
54343966,2026-09,169.0,130.0,0.0,30
54343966,2026-10,170.0,130.0,0.0,26
517985670807426618,2025-10,123.6,96.0,1.0,0
517985670807426618,2025-11,100.32,96.0,1.0,0
517985670807426618,2025-12,99.72,96.0,0.42,18
517985670807426618,2026-01,85.55,96.0,0.97,1
517985670807426618,2026-02,85.1,96.0,1.0,0
517985670807426618,2026-03,84.76,96.0,0.42,18
517985670807426618,2026-04,99.84,96.0,0.0,30
517985670807426618,2026-05,100.65,96.0,0.0,31
517985670807426618,2026-06,99.84,96.0,0.0,30
517985670807426618,2026-07,100.18,96.0,0.0,31
517985670807426618,2026-08,125.23,96.0,0.0,31
517985670807426618,2026-09,124.8,96.0,0.0,30
517985670807426618,2026-10,125.54,96.0,0.0,26
539096747769695721,2025-10,84.97,66.0,1.0,0
539096747769695721,2025-11,68.97,66.0,0.07,28
539096747769695721,2025-12,68.55,66.0,0.74,8
539096747769695721,2026-01,58.81,66.0,1.0,0
539096747769695721,2026-02,58.5,66.0,1.0,0
539096747769695721,2026-03,58.27,66.0,0.03,30
539096747769695721,2026-04,68.64,66.0,0.0,30
539096747769695721,2026-05,69.19,66.0,0.0,31
539096747769695721,2026-06,68.64,66.0,0.0,30
539096747769695721,2026-07,68.87,66.0,0.26,23
539096747769695721,2026-08,86.09,66.0,1.0,0
539096747769695721,2026-09,85.8,66.0,1.0,0
539096747769695721,2026-10,86.31,66.0,1.0,0
548300346163700271,2025-10,123.6,96.0,1.0,0
548300346163700271,2025-11,100.32,96.0,1.0,0
548300346163700271,2025-12,99.72,96.0,1.0,0
548300346163700271,2026-01,85.55,96.0,1.0,0
548300346163700271,2026-02,85.1,96.0,1.0,0
548300346163700271,2026-03,84.76,96.0,1.0,0
548300346163700271,2026-04,99.84,96.0,1.0,0
548300346163700271,2026-05,100.65,96.0,1.0,0
548300346163700271,2026-06,99.84,96.0,0.97,1
548300346163700271,2026-07,100.18,96.0,1.0,0
548300346163700271,2026-08,125.23,96.0,0.0,31
548300346163700271,2026-09,124.8,96.0,0.0,30
548300346163700271,2026-10,125.54,96.0,0.0,26
549217384391760752,2025-10,46.35,36.0,0.8,1
549217384391760752,2025-11,37.62,36.0,1.0,0
549217384391760752,2025-12,37.39,36.0,0.23,24
549217384391760752,2026-01,32.08,36.0,0.23,24
549217384391760752,2026-02,31.91,36.0,1.0,0
549217384391760752,2026-03,31.78,36.0,1.0,0
549217384391760752,2026-04,37.44,36.0,1.0,0
549217384391760752,2026-05,37.74,36.0,1.0,0
549217384391760752,2026-06,37.44,36.0,1.0,0
549217384391760752,2026-07,37.57,36.0,1.0,0
549217384391760752,2026-08,46.96,36.0,1.0,0
549217384391760752,2026-09,46.8,36.0,1.0,0
549217384391760752,2026-10,47.08,36.0,1.0,0
550176187392328368,2025-10,127.46,99.0,1.0,0
550176187392328368,2025-11,103.46,99.0,0.2,24
550176187392328368,2025-12,102.83,99.0,0.13,27
550176187392328368,2026-01,88.22,99.0,0.0,31
550176187392328368,2026-02,87.76,99.0,0.0,28
550176187392328368,2026-03,87.41,99.0,0.0,31
550176187392328368,2026-04,102.96,99.0,0.0,30
550176187392328368,2026-05,103.79,99.0,0.23,24
550176187392328368,2026-06,102.96,99.0,0.0,30
550176187392328368,2026-07,103.31,99.0,0.0,31
550176187392328368,2026-08,129.14,99.0,0.0,31
550176187392328368,2026-09,128.7,99.0,0.0,30
550176187392328368,2026-10,129.46,99.0,0.0,26
555807954310475283,2025-10,101.71,79.0,0.6,2
555807954310475283,2025-11,82.56,79.0,0.5,15
555807954310475283,2025-12,82.06,79.0,0.32,21
555807954310475283,2026-01,70.4,79.0,0.9,3
555807954310475283,2026-02,70.03,79.0,1.0,0
555807954310475283,2026-03,69.75,79.0,1.0,0
555807954310475283,2026-04,82.16,79.0,1.0,0
555807954310475283,2026-05,82.82,79.0,1.0,0
555807954310475283,2026-06,82.16,79.0,1.0,0
555807954310475283,2026-07,82.44,79.0,0.77,7
555807954310475283,2026-08,103.05,79.0,1.0,0
555807954310475283,2026-09,102.7,79.0,1.0,0
555807954310475283,2026-10,103.31,79.0,1.0,0
556576709306422313,2025-10,43.77,34.0,1.0,0
556576709306422313,2025-11,35.53,34.0,0.33,20
556576709306422313,2025-12,35.32,34.0,1.0,0
556576709306422313,2026-01,30.3,34.0,1.0,0
556576709306422313,2026-02,30.14,34.0,0.93,2
556576709306422313,2026-03,30.02,34.0,0.0,31
556576709306422313,2026-04,35.36,34.0,0.0,30
556576709306422313,2026-05,35.65,34.0,0.0,31
556576709306422313,2026-06,35.36,34.0,0.0,30
556576709306422313,2026-07,35.48,34.0,0.0,31
556576709306422313,2026-08,44.35,34.0,0.0,31
556576709306422313,2026-09,44.2,34.0,0.0,30
556576709306422313,2026-10,44.46,34.0,0.0,26
556942182005457042,2025-10,221.45,172.0,0.0,5
556942182005457042,2025-11,179.74,172.0,0.0,30
556942182005457042,2025-12,178.66,172.0,0.0,31
556942182005457042,2026-01,153.27,172.0,0.0,31
556942182005457042,2026-02,152.47,172.0,0.0,28
556942182005457042,2026-03,151.86,172.0,0.0,31
556942182005457042,2026-04,178.88,172.0,0.0,30
556942182005457042,2026-05,180.32,172.0,0.0,31
556942182005457042,2026-06,178.88,172.0,0.0,30
556942182005457042,2026-07,179.49,172.0,0.0,31
556942182005457042,2026-08,224.36,172.0,0.0,31
556942182005457042,2026-09,223.6,172.0,0.0,30
556942182005457042,2026-10,224.92,172.0,0.0,26
557355126587743933,2025-10,128.75,100.0,1.0,0
557355126587743933,2025-11,104.5,100.0,1.0,0
557355126587743933,2025-12,103.87,100.0,0.32,21
557355126587743933,2026-01,89.11,100.0,0.0,31
557355126587743933,2026-02,88.64,100.0,0.0,28
557355126587743933,2026-03,88.29,100.0,0.0,31
557355126587743933,2026-04,104.0,100.0,0.0,30
557355126587743933,2026-05,104.84,100.0,0.0,31
557355126587743933,2026-06,104.0,100.0,0.0,30
557355126587743933,2026-07,104.35,100.0,0.26,23
557355126587743933,2026-08,130.44,100.0,1.0,0
557355126587743933,2026-09,130.0,100.0,1.0,0
557355126587743933,2026-10,130.77,100.0,1.0,0
560006977646709726,2025-10,,,1.0,0
560006977646709726,2025-11,,,1.0,0
560006977646709726,2025-12,,,1.0,0
560006977646709726,2026-01,,,1.0,0
560006977646709726,2026-02,,,1.0,0
560006977646709726,2026-03,,,1.0,0
560006977646709726,2026-04,,,1.0,0
560006977646709726,2026-05,,,1.0,0
560006977646709726,2026-06,,,1.0,0
560006977646709726,2026-07,,,1.0,0
560006977646709726,2026-08,,,1.0,0
560006977646709726,2026-09,,,1.0,0
560006977646709726,2026-10,,,1.0,0
566059919402290426,2025-10,166.09,129.0,0.4,3
566059919402290426,2025-11,134.8,129.0,0.0,30
566059919402290426,2025-12,133.99,129.0,0.0,31
566059919402290426,2026-01,114.96,129.0,0.0,31
566059919402290426,2026-02,114.35,129.0,0.0,28
566059919402290426,2026-03,113.9,129.0,0.0,31
566059919402290426,2026-04,134.16,129.0,0.2,24
566059919402290426,2026-05,135.24,129.0,1.0,0
566059919402290426,2026-06,134.16,129.0,1.0,0
566059919402290426,2026-07,134.62,129.0,1.0,0
566059919402290426,2026-08,168.27,129.0,1.0,0
566059919402290426,2026-09,167.7,129.0,1.0,0
566059919402290426,2026-10,168.69,129.0,1.0,0
571220222834160491,2025-10,97.85,76.0,1.0,0
571220222834160491,2025-11,79.42,76.0,0.47,16
571220222834160491,2025-12,78.94,76.0,0.1,28
571220222834160491,2026-01,67.73,76.0,0.0,31
571220222834160491,2026-02,67.37,76.0,0.0,28
571220222834160491,2026-03,67.1,76.0,0.0,31
571220222834160491,2026-04,79.04,76.0,0.0,30
571220222834160491,2026-05,79.68,76.0,0.0,31
571220222834160491,2026-06,79.04,76.0,0.0,30
571220222834160491,2026-07,79.31,76.0,0.0,31
571220222834160491,2026-08,99.14,76.0,0.0,31
571220222834160491,2026-09,98.8,76.0,0.0,30
571220222834160491,2026-10,99.38,76.0,0.0,26
571227716563941159,2025-10,87.55,68.0,1.0,0
571227716563941159,2025-11,71.06,68.0,0.4,18
571227716563941159,2025-12,70.63,68.0,0.23,24
571227716563941159,2026-01,60.6,68.0,0.0,31
571227716563941159,2026-02,60.28,68.0,0.0,28
571227716563941159,2026-03,60.04,68.0,0.0,31
571227716563941159,2026-04,70.72,68.0,0.0,30
571227716563941159,2026-05,71.29,68.0,0.0,31
571227716563941159,2026-06,70.72,68.0,0.0,30
571227716563941159,2026-07,70.96,68.0,0.0,31
571227716563941159,2026-08,88.7,68.0,0.0,31
571227716563941159,2026-09,88.4,68.0,0.0,30
571227716563941159,2026-10,88.92,68.0,0.0,26
573658232825656660,2025-10,81.11,63.0,1.0,0
573658232825656660,2025-11,65.83,63.0,0.47,16
573658232825656660,2025-12,65.44,63.0,0.0,31
573658232825656660,2026-01,56.14,63.0,0.23,24
573658232825656660,2026-02,55.84,63.0,1.0,0
573658232825656660,2026-03,55.62,63.0,1.0,0
573658232825656660,2026-04,65.52,63.0,1.0,0
573658232825656660,2026-05,66.05,63.0,1.0,0
573658232825656660,2026-06,65.52,63.0,1.0,0
573658232825656660,2026-07,65.74,63.0,1.0,0
573658232825656660,2026-08,82.18,63.0,1.0,0
573658232825656660,2026-09,81.9,63.0,1.0,0
573658232825656660,2026-10,82.38,63.0,1.0,0
575994627253005161,2025-10,312.86,243.0,0.0,5
575994627253005161,2025-11,253.94,243.0,0.0,30
575994627253005161,2025-12,252.41,243.0,0.0,31
575994627253005161,2026-01,216.54,243.0,0.0,31
575994627253005161,2026-02,215.4,243.0,0.0,28
575994627253005161,2026-03,214.54,243.0,0.0,31
575994627253005161,2026-04,252.72,243.0,0.0,30
575994627253005161,2026-05,254.76,243.0,0.0,31
575994627253005161,2026-06,252.72,243.0,0.0,30
575994627253005161,2026-07,253.58,243.0,0.26,23
575994627253005161,2026-08,316.98,243.0,1.0,0
575994627253005161,2026-09,315.9,243.0,1.0,0
575994627253005161,2026-10,317.77,243.0,1.0,0
577455531257975348,2025-10,103.0,80.0,0.2,4
577455531257975348,2025-11,83.6,80.0,0.0,30
577455531257975348,2025-12,83.1,80.0,0.45,17
577455531257975348,2026-01,71.29,80.0,0.19,25
577455531257975348,2026-02,70.91,80.0,0.0,28
577455531257975348,2026-03,70.63,80.0,0.0,31
577455531257975348,2026-04,83.2,80.0,0.0,30
577455531257975348,2026-05,83.87,80.0,0.0,31
577455531257975348,2026-06,83.2,80.0,0.0,30
577455531257975348,2026-07,83.48,80.0,0.0,31
577455531257975348,2026-08,104.35,80.0,0.0,31
577455531257975348,2026-09,104.0,80.0,0.0,30
577455531257975348,2026-10,104.62,80.0,0.0,26
586762160059809038,2025-10,244.62,190.0,1.0,0
586762160059809038,2025-11,198.55,190.0,1.0,0
586762160059809038,2025-12,197.35,190.0,0.65,11
586762160059809038,2026-01,169.31,190.0,0.19,25
586762160059809038,2026-02,168.42,190.0,0.0,28
586762160059809038,2026-03,167.75,190.0,0.0,31
586762160059809038,2026-04,197.6,190.0,0.0,30
586762160059809038,2026-05,199.19,190.0,0.0,31
586762160059809038,2026-06,197.6,190.0,0.0,30
586762160059809038,2026-07,198.27,190.0,0.42,18
586762160059809038,2026-08,247.84,190.0,0.48,16
586762160059809038,2026-09,247.0,190.0,0.0,30
586762160059809038,2026-10,248.46,190.0,0.0,26
587520815553224501,2025-10,193.12,150.0,0.4,3
587520815553224501,2025-11,156.75,150.0,0.4,18
587520815553224501,2025-12,155.81,150.0,0.32,21
587520815553224501,2026-01,133.67,150.0,0.13,27
587520815553224501,2026-02,132.96,150.0,0.0,28
587520815553224501,2026-03,132.43,150.0,0.0,31
587520815553224501,2026-04,156.0,150.0,0.0,30
587520815553224501,2026-05,157.26,150.0,0.1,28
587520815553224501,2026-06,156.0,150.0,0.0,30
587520815553224501,2026-07,156.53,150.0,0.58,13
587520815553224501,2026-08,195.66,150.0,0.1,28
587520815553224501,2026-09,195.0,150.0,0.0,30
587520815553224501,2026-10,196.15,150.0,0.0,26
587845673562461658,2025-10,50.21,39.0,1.0,0
587845673562461658,2025-11,40.76,39.0,0.2,24
587845673562461658,2025-12,40.51,39.0,0.0,31
587845673562461658,2026-01,34.75,39.0,0.0,31
587845673562461658,2026-02,34.57,39.0,0.0,28
587845673562461658,2026-03,34.43,39.0,0.0,31
587845673562461658,2026-04,40.56,39.0,0.0,30
587845673562461658,2026-05,40.89,39.0,0.0,31
587845673562461658,2026-06,40.56,39.0,0.0,30
587845673562461658,2026-07,40.7,39.0,0.0,31
587845673562461658,2026-08,50.87,39.0,0.0,31
587845673562461658,2026-09,50.7,39.0,0.0,30
587845673562461658,2026-10,51.0,39.0,0.0,26
590820132666649161,2025-10,,,1.0,0
590820132666649161,2025-11,,,1.0,0
590820132666649161,2025-12,,,1.0,0
590820132666649161,2026-01,,,1.0,0
590820132666649161,2026-02,,,1.0,0
590820132666649161,2026-03,,,1.0,0
590820132666649161,2026-04,,,1.0,0
590820132666649161,2026-05,,,1.0,0
590820132666649161,2026-06,,,1.0,0
590820132666649161,2026-07,,,1.0,0
590820132666649161,2026-08,,,1.0,0
590820132666649161,2026-09,,,1.0,0
590820132666649161,2026-10,,,1.0,0
594349576443053092,2025-10,381.1,296.0,0.2,4
594349576443053092,2025-11,309.32,296.0,0.0,30
594349576443053092,2025-12,307.46,296.0,1.0,0
594349576443053092,2026-01,263.77,296.0,0.77,7
594349576443053092,2026-02,262.38,296.0,1.0,0
594349576443053092,2026-03,261.34,296.0,1.0,0
594349576443053092,2026-04,307.84,296.0,1.0,0
594349576443053092,2026-05,310.32,296.0,1.0,0
594349576443053092,2026-06,307.84,296.0,1.0,0
594349576443053092,2026-07,308.89,296.0,1.0,0
594349576443053092,2026-08,386.11,296.0,1.0,0
594349576443053092,2026-09,384.8,296.0,1.0,0
594349576443053092,2026-10,387.08,296.0,1.0,0
597061934019528722,2025-10,,,0.2,4
597061934019528722,2025-11,,,0.0,30
597061934019528722,2025-12,,,0.0,31
597061934019528722,2026-01,,,0.0,31
597061934019528722,2026-02,,,0.0,28
597061934019528722,2026-03,,,0.0,31
597061934019528722,2026-04,,,0.0,30
597061934019528722,2026-05,,,0.0,31
597061934019528722,2026-06,,,0.0,30
597061934019528722,2026-07,,,0.0,31
597061934019528722,2026-08,,,0.0,31
597061934019528722,2026-09,,,0.0,30
597061934019528722,2026-10,,,0.0,26
600665349906107726,2025-10,114.59,89.0,0.2,4
600665349906107726,2025-11,93.01,89.0,0.0,30
600665349906107726,2025-12,92.45,89.0,0.0,31
600665349906107726,2026-01,79.31,89.0,0.23,24
600665349906107726,2026-02,78.89,89.0,1.0,0
600665349906107726,2026-03,78.58,89.0,1.0,0
600665349906107726,2026-04,92.56,89.0,1.0,0
600665349906107726,2026-05,93.31,89.0,1.0,0
600665349906107726,2026-06,92.56,89.0,1.0,0
600665349906107726,2026-07,92.88,89.0,1.0,0
600665349906107726,2026-08,116.1,89.0,1.0,0
600665349906107726,2026-09,115.7,89.0,1.0,0
600665349906107726,2026-10,116.39,89.0,1.0,0
602097623616765363,2025-10,336.04,261.0,1.0,0
602097623616765363,2025-11,272.74,261.0,1.0,0
602097623616765363,2025-12,271.1,261.0,1.0,0
602097623616765363,2026-01,232.59,261.0,0.1,28
602097623616765363,2026-02,231.36,261.0,0.0,28
602097623616765363,2026-03,230.44,261.0,0.0,31
602097623616765363,2026-04,271.44,261.0,0.2,24
602097623616765363,2026-05,273.63,261.0,1.0,0
602097623616765363,2026-06,271.44,261.0,1.0,0
602097623616765363,2026-07,272.37,261.0,1.0,0
602097623616765363,2026-08,340.46,261.0,1.0,0
602097623616765363,2026-09,339.3,261.0,1.0,0
602097623616765363,2026-10,341.31,261.0,1.0,0
603668559503072980,2025-10,,,0.8,1
603668559503072980,2025-11,,,1.0,0
603668559503072980,2025-12,,,1.0,0
603668559503072980,2026-01,,,1.0,0
603668559503072980,2026-02,,,1.0,0
603668559503072980,2026-03,,,1.0,0
603668559503072980,2026-04,,,1.0,0
603668559503072980,2026-05,,,1.0,0
603668559503072980,2026-06,,,1.0,0
603668559503072980,2026-07,,,1.0,0
603668559503072980,2026-08,,,1.0,0
603668559503072980,2026-09,,,1.0,0
603668559503072980,2026-10,,,1.0,0
603800728818362850,2025-10,140.34,109.0,0.4,3
603800728818362850,2025-11,113.9,109.0,0.27,22
603800728818362850,2025-12,113.22,109.0,0.0,31
603800728818362850,2026-01,97.13,109.0,0.0,31
603800728818362850,2026-02,96.62,109.0,0.0,28
603800728818362850,2026-03,96.24,109.0,0.0,31
603800728818362850,2026-04,113.36,109.0,0.0,30
603800728818362850,2026-05,114.27,109.0,0.0,31
603800728818362850,2026-06,113.36,109.0,0.0,30
603800728818362850,2026-07,113.75,109.0,0.0,31
603800728818362850,2026-08,142.18,109.0,0.0,31
603800728818362850,2026-09,141.7,109.0,0.0,30
603800728818362850,2026-10,142.54,109.0,0.0,26
604427277295109451,2025-10,195.7,152.0,0.4,3
604427277295109451,2025-11,158.84,152.0,0.93,2
604427277295109451,2025-12,157.88,152.0,0.1,28
604427277295109451,2026-01,135.45,152.0,0.0,31
604427277295109451,2026-02,134.74,152.0,0.0,28
604427277295109451,2026-03,134.2,152.0,0.0,31
604427277295109451,2026-04,158.08,152.0,0.0,30
604427277295109451,2026-05,159.35,152.0,0.23,24
604427277295109451,2026-06,158.08,152.0,0.0,30
604427277295109451,2026-07,158.62,152.0,0.0,31
604427277295109451,2026-08,198.27,152.0,0.0,31
604427277295109451,2026-09,197.6,152.0,0.0,30
604427277295109451,2026-10,198.77,152.0,0.0,26
605575983362897062,2025-10,,,1.0,0
605575983362897062,2025-11,,,1.0,0
605575983362897062,2025-12,,,1.0,0
605575983362897062,2026-01,,,1.0,0
605575983362897062,2026-02,,,1.0,0
605575983362897062,2026-03,,,1.0,0
605575983362897062,2026-04,,,1.0,0
605575983362897062,2026-05,,,1.0,0
605575983362897062,2026-06,,,1.0,0
605575983362897062,2026-07,,,1.0,0
605575983362897062,2026-08,,,1.0,0
605575983362897062,2026-09,,,1.0,0
605575983362897062,2026-10,,,1.0,0
608186059855879377,2025-10,,,0.0,5
608186059855879377,2025-11,,,0.13,26
608186059855879377,2025-12,,,0.32,21
608186059855879377,2026-01,,,0.1,28
608186059855879377,2026-02,,,0.36,18
608186059855879377,2026-03,,,0.0,31
608186059855879377,2026-04,,,0.0,30
608186059855879377,2026-05,,,0.0,31
608186059855879377,2026-06,,,0.0,30
608186059855879377,2026-07,,,0.0,31
608186059855879377,2026-08,,,0.0,31
608186059855879377,2026-09,,,0.0,30
608186059855879377,2026-10,,,0.0,26
608652320129406753,2025-10,166.09,129.0,0.2,4
608652320129406753,2025-11,134.8,129.0,0.0,30
608652320129406753,2025-12,133.99,129.0,0.0,31
608652320129406753,2026-01,114.96,129.0,1.0,0
608652320129406753,2026-02,114.35,129.0,1.0,0
608652320129406753,2026-03,113.9,129.0,1.0,0
608652320129406753,2026-04,134.16,129.0,1.0,0
608652320129406753,2026-05,135.24,129.0,1.0,0
608652320129406753,2026-06,134.16,129.0,1.0,0
608652320129406753,2026-07,134.62,129.0,1.0,0
608652320129406753,2026-08,168.27,129.0,1.0,0
608652320129406753,2026-09,167.7,129.0,1.0,0
608652320129406753,2026-10,168.69,129.0,1.0,0
610847936865377737,2025-10,194.41,151.0,0.2,4
610847936865377737,2025-11,157.8,151.0,0.57,13
610847936865377737,2025-12,156.85,151.0,0.13,27
610847936865377737,2026-01,134.56,151.0,0.0,31
610847936865377737,2026-02,133.85,151.0,0.0,28
610847936865377737,2026-03,133.32,151.0,0.0,31
610847936865377737,2026-04,157.04,151.0,0.0,30
610847936865377737,2026-05,158.31,151.0,0.61,12
610847936865377737,2026-06,157.04,151.0,0.0,30
610847936865377737,2026-07,157.58,151.0,0.0,31
610847936865377737,2026-08,196.97,151.0,0.0,31
610847936865377737,2026-09,196.3,151.0,0.0,30
610847936865377737,2026-10,197.46,151.0,0.0,26
613790951471234756,2025-10,236.9,184.0,1.0,0
613790951471234756,2025-11,192.28,184.0,1.0,0
613790951471234756,2025-12,191.12,184.0,1.0,0
613790951471234756,2026-01,163.97,184.0,1.0,0
613790951471234756,2026-02,163.1,184.0,0.0,28
613790951471234756,2026-03,162.45,184.0,0.0,31
613790951471234756,2026-04,191.36,184.0,0.0,30
613790951471234756,2026-05,192.9,184.0,0.0,31
613790951471234756,2026-06,191.36,184.0,0.0,30
613790951471234756,2026-07,192.01,184.0,0.26,23
613790951471234756,2026-08,240.02,184.0,1.0,0
613790951471234756,2026-09,239.2,184.0,1.0,0
613790951471234756,2026-10,240.62,184.0,1.0,0
614217596620945356,2025-10,45.06,35.0,0.4,3
614217596620945356,2025-11,36.58,35.0,0.0,30
614217596620945356,2025-12,36.35,35.0,0.0,31
614217596620945356,2026-01,31.19,35.0,0.0,31
614217596620945356,2026-02,31.02,35.0,0.0,28
614217596620945356,2026-03,30.9,35.0,0.0,31
614217596620945356,2026-04,36.4,35.0,0.0,30
614217596620945356,2026-05,36.69,35.0,0.0,31
614217596620945356,2026-06,36.4,35.0,0.0,30
614217596620945356,2026-07,36.52,35.0,0.0,31
614217596620945356,2026-08,45.65,35.0,0.0,31
614217596620945356,2026-09,45.5,35.0,0.0,30
614217596620945356,2026-10,45.77,35.0,0.0,26
614696808440934104,2025-10,46.35,36.0,1.0,0
614696808440934104,2025-11,37.62,36.0,1.0,0
614696808440934104,2025-12,37.39,36.0,0.19,25
614696808440934104,2026-01,32.08,36.0,0.0,31
614696808440934104,2026-02,31.91,36.0,0.0,28
614696808440934104,2026-03,31.78,36.0,0.0,31
614696808440934104,2026-04,37.44,36.0,0.0,30
614696808440934104,2026-05,37.74,36.0,0.0,31
614696808440934104,2026-06,37.44,36.0,0.0,30
614696808440934104,2026-07,37.57,36.0,0.0,31
614696808440934104,2026-08,46.96,36.0,0.0,31
614696808440934104,2026-09,46.8,36.0,0.0,30
614696808440934104,2026-10,47.08,36.0,0.0,26
614980486842969357,2025-10,311.57,242.0,1.0,0
614980486842969357,2025-11,252.89,242.0,0.13,26
614980486842969357,2025-12,251.37,242.0,0.06,29
614980486842969357,2026-01,215.65,242.0,0.0,31
614980486842969357,2026-02,214.51,242.0,0.0,28
614980486842969357,2026-03,213.66,242.0,0.0,31
614980486842969357,2026-04,251.68,242.0,0.0,30
614980486842969357,2026-05,253.71,242.0,0.1,28
614980486842969357,2026-06,251.68,242.0,0.0,30
614980486842969357,2026-07,252.54,242.0,0.0,31
614980486842969357,2026-08,315.67,242.0,0.0,31
614980486842969357,2026-09,314.6,242.0,0.0,30
614980486842969357,2026-10,316.46,242.0,0.0,26
618847165980337891,2025-10,37.34,29.0,1.0,0
618847165980337891,2025-11,30.3,29.0,0.07,28
618847165980337891,2025-12,30.12,29.0,0.0,31
618847165980337891,2026-01,25.84,29.0,0.23,24
618847165980337891,2026-02,25.71,29.0,1.0,0
618847165980337891,2026-03,25.6,29.0,1.0,0
618847165980337891,2026-04,30.16,29.0,1.0,0
618847165980337891,2026-05,30.4,29.0,1.0,0
618847165980337891,2026-06,30.16,29.0,1.0,0
618847165980337891,2026-07,30.26,29.0,1.0,0
618847165980337891,2026-08,37.83,29.0,1.0,0
618847165980337891,2026-09,37.7,29.0,1.0,0
618847165980337891,2026-10,37.92,29.0,1.0,0
620434598681838757,2025-10,177.68,138.0,0.4,3
620434598681838757,2025-11,144.21,138.0,0.0,30
620434598681838757,2025-12,143.34,138.0,0.0,31
620434598681838757,2026-01,122.97,138.0,0.0,31
620434598681838757,2026-02,122.33,138.0,0.0,28
620434598681838757,2026-03,121.84,138.0,0.0,31
620434598681838757,2026-04,143.52,138.0,0.0,30
620434598681838757,2026-05,144.68,138.0,0.0,31
620434598681838757,2026-06,143.52,138.0,0.0,30
620434598681838757,2026-07,144.01,138.0,0.26,23
620434598681838757,2026-08,180.01,138.0,1.0,0
620434598681838757,2026-09,179.4,138.0,1.0,0
620434598681838757,2026-10,180.46,138.0,1.0,0
620434711077461026,2025-10,339.9,264.0,1.0,0
620434711077461026,2025-11,275.88,264.0,1.0,0
620434711077461026,2025-12,274.22,264.0,0.87,4
620434711077461026,2026-01,235.26,264.0,0.0,31
620434711077461026,2026-02,234.02,264.0,0.0,28
620434711077461026,2026-03,233.09,264.0,0.0,31
620434711077461026,2026-04,274.56,264.0,0.0,30
620434711077461026,2026-05,276.77,264.0,0.35,20
620434711077461026,2026-06,274.56,264.0,0.0,30
620434711077461026,2026-07,275.5,264.0,0.0,31
620434711077461026,2026-08,344.37,264.0,0.0,31
620434711077461026,2026-09,343.2,264.0,0.0,30
620434711077461026,2026-10,345.23,264.0,0.0,26
622536984921134649,2025-10,112.01,87.0,1.0,0
622536984921134649,2025-11,90.92,87.0,1.0,0
622536984921134649,2025-12,90.37,87.0,1.0,0
622536984921134649,2026-01,77.53,87.0,1.0,0
622536984921134649,2026-02,77.12,87.0,0.0,28
622536984921134649,2026-03,76.81,87.0,0.0,31
622536984921134649,2026-04,90.48,87.0,0.0,30
622536984921134649,2026-05,91.21,87.0,0.0,31
622536984921134649,2026-06,90.48,87.0,0.0,30
622536984921134649,2026-07,90.79,87.0,0.0,31
622536984921134649,2026-08,113.49,87.0,0.0,31
622536984921134649,2026-09,113.1,87.0,0.0,30
622536984921134649,2026-10,113.77,87.0,0.0,26
623166994204431330,2025-10,198.28,154.0,0.4,3
623166994204431330,2025-11,160.93,154.0,0.57,13
623166994204431330,2025-12,159.96,154.0,0.26,23
623166994204431330,2026-01,137.23,154.0,0.0,31
623166994204431330,2026-02,136.51,154.0,0.0,28
623166994204431330,2026-03,135.97,154.0,0.0,31
623166994204431330,2026-04,160.16,154.0,0.13,26
623166994204431330,2026-05,161.45,154.0,0.0,31
623166994204431330,2026-06,160.16,154.0,1.0,0
623166994204431330,2026-07,160.71,154.0,1.0,0
623166994204431330,2026-08,200.88,154.0,1.0,0
623166994204431330,2026-09,200.2,154.0,1.0,0
623166994204431330,2026-10,201.39,154.0,1.0,0
624375591495422071,2025-10,90.12,70.0,0.0,5
624375591495422071,2025-11,73.15,70.0,0.0,30
624375591495422071,2025-12,72.71,70.0,0.0,31
624375591495422071,2026-01,62.38,70.0,0.23,24
624375591495422071,2026-02,62.05,70.0,1.0,0
624375591495422071,2026-03,61.8,70.0,1.0,0
624375591495422071,2026-04,72.8,70.0,1.0,0
624375591495422071,2026-05,73.39,70.0,1.0,0
624375591495422071,2026-06,72.8,70.0,1.0,0
624375591495422071,2026-07,73.05,70.0,1.0,0
624375591495422071,2026-08,91.31,70.0,1.0,0
624375591495422071,2026-09,91.0,70.0,1.0,0
624375591495422071,2026-10,91.54,70.0,1.0,0
625549045615257493,2025-10,184.11,143.0,0.2,4
625549045615257493,2025-11,149.44,143.0,0.07,28
625549045615257493,2025-12,148.54,143.0,0.0,31
625549045615257493,2026-01,127.43,143.0,0.0,31
625549045615257493,2026-02,126.76,143.0,0.0,28
625549045615257493,2026-03,126.25,143.0,0.0,31
625549045615257493,2026-04,148.72,143.0,0.0,30
625549045615257493,2026-05,149.92,143.0,0.0,31
625549045615257493,2026-06,148.72,143.0,0.0,30
625549045615257493,2026-07,149.23,143.0,0.26,23
625549045615257493,2026-08,186.53,143.0,1.0,0
625549045615257493,2026-09,185.9,143.0,1.0,0
625549045615257493,2026-10,187.0,143.0,1.0,0
625570886941755295,2025-10,185.4,144.0,0.0,5
625570886941755295,2025-11,150.48,144.0,0.23,23
625570886941755295,2025-12,149.57,144.0,0.0,31
625570886941755295,2026-01,128.32,144.0,0.0,31
625570886941755295,2026-02,127.65,144.0,0.0,28
625570886941755295,2026-03,127.14,144.0,0.0,31
625570886941755295,2026-04,149.76,144.0,0.0,30
625570886941755295,2026-05,150.97,144.0,0.0,31
625570886941755295,2026-06,149.76,144.0,0.0,30
625570886941755295,2026-07,150.27,144.0,0.0,31
625570886941755295,2026-08,187.84,144.0,0.0,31
625570886941755295,2026-09,187.2,144.0,0.0,30
625570886941755295,2026-10,188.31,144.0,0.0,26
633414972815215881,2025-10,139.05,108.0,1.0,0
633414972815215881,2025-11,112.86,108.0,0.27,22
633414972815215881,2025-12,112.18,108.0,0.0,31
633414972815215881,2026-01,96.24,108.0,0.0,31
633414972815215881,2026-02,95.73,108.0,0.0,28
633414972815215881,2026-03,95.35,108.0,0.0,31
633414972815215881,2026-04,112.32,108.0,0.0,30
633414972815215881,2026-05,113.23,108.0,0.0,31
633414972815215881,2026-06,112.32,108.0,0.0,30
633414972815215881,2026-07,112.7,108.0,0.0,31
633414972815215881,2026-08,140.88,108.0,0.0,31
633414972815215881,2026-09,140.4,108.0,0.0,30
633414972815215881,2026-10,141.23,108.0,0.0,26
636148726634633499,2025-10,118.45,92.0,0.6,2
636148726634633499,2025-11,96.14,92.0,0.03,29
636148726634633499,2025-12,95.56,92.0,0.0,31
636148726634633499,2026-01,81.98,92.0,0.97,1
636148726634633499,2026-02,81.55,92.0,1.0,0
636148726634633499,2026-03,81.23,92.0,1.0,0
636148726634633499,2026-04,95.68,92.0,1.0,0
636148726634633499,2026-05,96.45,92.0,1.0,0
636148726634633499,2026-06,95.68,92.0,1.0,0
636148726634633499,2026-07,96.01,92.0,1.0,0
636148726634633499,2026-08,120.01,92.0,1.0,0
636148726634633499,2026-09,119.6,92.0,1.0,0
636148726634633499,2026-10,120.31,92.0,1.0,0
636232809607374039,2025-10,211.15,164.0,1.0,0
636232809607374039,2025-11,171.38,164.0,0.3,21
636232809607374039,2025-12,170.35,164.0,0.0,31
636232809607374039,2026-01,146.15,164.0,0.0,31
636232809607374039,2026-02,145.37,164.0,0.0,28
636232809607374039,2026-03,144.8,164.0,0.0,31
636232809607374039,2026-04,170.56,164.0,0.0,30
636232809607374039,2026-05,171.94,164.0,0.23,24
636232809607374039,2026-06,170.56,164.0,0.0,30
636232809607374039,2026-07,171.14,164.0,0.58,13
636232809607374039,2026-08,213.93,164.0,1.0,0
636232809607374039,2026-09,213.2,164.0,0.5,15
636232809607374039,2026-10,214.46,164.0,0.0,26
639109589747875166,2025-10,162.22,126.0,0.2,4
639109589747875166,2025-11,131.67,126.0,0.17,25
639109589747875166,2025-12,130.88,126.0,0.0,31
639109589747875166,2026-01,112.28,126.0,0.0,31
639109589747875166,2026-02,111.69,126.0,0.0,28
639109589747875166,2026-03,111.24,126.0,0.0,31
639109589747875166,2026-04,131.04,126.0,0.0,30
639109589747875166,2026-05,132.1,126.0,0.0,31
639109589747875166,2026-06,131.04,126.0,0.0,30
639109589747875166,2026-07,131.49,126.0,0.0,31
639109589747875166,2026-08,164.36,126.0,0.0,31
639109589747875166,2026-09,163.8,126.0,0.0,30
639109589747875166,2026-10,164.77,126.0,0.0,26
641176460284971713,2025-10,106.86,83.0,0.2,4
641176460284971713,2025-11,86.74,83.0,0.07,28
641176460284971713,2025-12,86.21,83.0,0.9,3
641176460284971713,2026-01,73.96,83.0,1.0,0
641176460284971713,2026-02,73.57,83.0,0.0,28
641176460284971713,2026-03,73.28,83.0,0.0,31
641176460284971713,2026-04,86.32,83.0,0.0,30
641176460284971713,2026-05,87.02,83.0,0.0,31
641176460284971713,2026-06,86.32,83.0,0.0,30
641176460284971713,2026-07,86.61,83.0,0.0,31
641176460284971713,2026-08,108.27,83.0,0.0,31
641176460284971713,2026-09,107.9,83.0,0.0,30
641176460284971713,2026-10,108.54,83.0,0.0,26
645535484441553609,2025-10,119.74,93.0,0.8,1
645535484441553609,2025-11,97.18,93.0,0.27,22
645535484441553609,2025-12,96.6,93.0,0.94,2
645535484441553609,2026-01,82.88,93.0,0.0,31
645535484441553609,2026-02,82.44,93.0,0.0,28
645535484441553609,2026-03,82.11,93.0,0.0,31
645535484441553609,2026-04,96.72,93.0,0.2,24
645535484441553609,2026-05,97.5,93.0,1.0,0
645535484441553609,2026-06,96.72,93.0,1.0,0
645535484441553609,2026-07,97.05,93.0,1.0,0
645535484441553609,2026-08,121.31,93.0,1.0,0
645535484441553609,2026-09,120.9,93.0,1.0,0
645535484441553609,2026-10,121.62,93.0,1.0,0
648086466147031219,2025-10,,,1.0,0
648086466147031219,2025-11,,,1.0,0
648086466147031219,2025-12,,,1.0,0
648086466147031219,2026-01,,,1.0,0
648086466147031219,2026-02,,,1.0,0
648086466147031219,2026-03,,,1.0,0
648086466147031219,2026-04,,,1.0,0
648086466147031219,2026-05,,,1.0,0
648086466147031219,2026-06,,,1.0,0
648086466147031219,2026-07,,,1.0,0
648086466147031219,2026-08,,,1.0,0
648086466147031219,2026-09,,,1.0,0
648086466147031219,2026-10,,,1.0,0
648602709953932136,2025-10,77.25,60.0,1.0,0
648602709953932136,2025-11,62.7,60.0,1.0,0
648602709953932136,2025-12,62.32,60.0,1.0,0
648602709953932136,2026-01,53.47,60.0,0.39,19
648602709953932136,2026-02,53.19,60.0,0.5,14
648602709953932136,2026-03,52.97,60.0,1.0,0
648602709953932136,2026-04,62.4,60.0,1.0,0
648602709953932136,2026-05,62.9,60.0,1.0,0
648602709953932136,2026-06,62.4,60.0,1.0,0
648602709953932136,2026-07,62.61,60.0,1.0,0
648602709953932136,2026-08,78.27,60.0,1.0,0
648602709953932136,2026-09,78.0,60.0,1.0,0
648602709953932136,2026-10,78.46,60.0,1.0,0
650895674458040158,2025-10,169.95,132.0,0.2,4
650895674458040158,2025-11,137.94,132.0,0.27,22
650895674458040158,2025-12,137.11,132.0,0.32,21
650895674458040158,2026-01,117.63,132.0,0.74,8
650895674458040158,2026-02,117.01,132.0,0.0,28
650895674458040158,2026-03,116.54,132.0,0.0,31
650895674458040158,2026-04,137.28,132.0,0.0,30
650895674458040158,2026-05,138.39,132.0,0.0,31
650895674458040158,2026-06,137.28,132.0,0.0,30
650895674458040158,2026-07,137.75,132.0,0.26,23
650895674458040158,2026-08,172.19,132.0,1.0,0
650895674458040158,2026-09,171.6,132.0,1.0,0
650895674458040158,2026-10,172.62,132.0,1.0,0
652235878563511007,2025-10,154.5,120.0,0.0,5
652235878563511007,2025-11,125.4,120.0,0.0,30
652235878563511007,2025-12,124.65,120.0,0.0,31
652235878563511007,2026-01,106.94,120.0,0.0,31
652235878563511007,2026-02,106.37,120.0,0.0,28
652235878563511007,2026-03,105.95,120.0,0.0,31
652235878563511007,2026-04,124.8,120.0,0.0,30
652235878563511007,2026-05,125.81,120.0,0.0,31
652235878563511007,2026-06,124.8,120.0,0.0,30
652235878563511007,2026-07,125.23,120.0,0.0,31
652235878563511007,2026-08,156.53,120.0,0.0,31
652235878563511007,2026-09,156.0,120.0,0.0,30
652235878563511007,2026-10,156.92,120.0,0.0,26
652242192724079797,2025-10,,,1.0,0
652242192724079797,2025-11,,,1.0,0
652242192724079797,2025-12,,,0.0,31
652242192724079797,2026-01,,,0.0,31
652242192724079797,2026-02,,,0.0,28
652242192724079797,2026-03,,,0.0,31
652242192724079797,2026-04,,,0.2,24
652242192724079797,2026-05,,,1.0,0
652242192724079797,2026-06,,,1.0,0
652242192724079797,2026-07,,,1.0,0
652242192724079797,2026-08,,,1.0,0
652242192724079797,2026-09,,,1.0,0
652242192724079797,2026-10,,,1.0,0
658515907992491148,2025-10,,,1.0,0
658515907992491148,2025-11,,,1.0,0
658515907992491148,2025-12,,,1.0,0
658515907992491148,2026-01,,,1.0,0
658515907992491148,2026-02,,,1.0,0
658515907992491148,2026-03,,,1.0,0
658515907992491148,2026-04,,,1.0,0
658515907992491148,2026-05,,,1.0,0
658515907992491148,2026-06,,,1.0,0
658515907992491148,2026-07,,,1.0,0
658515907992491148,2026-08,,,1.0,0
658515907992491148,2026-09,,,1.0,0
658515907992491148,2026-10,,,1.0,0
660854809239675142,2025-10,,,1.0,0
660854809239675142,2025-11,,,1.0,0
660854809239675142,2025-12,,,1.0,0
660854809239675142,2026-01,,,1.0,0
660854809239675142,2026-02,,,1.0,0
660854809239675142,2026-03,,,1.0,0
660854809239675142,2026-04,,,1.0,0
660854809239675142,2026-05,,,0.97,1
660854809239675142,2026-06,,,1.0,0
660854809239675142,2026-07,,,1.0,0
660854809239675142,2026-08,,,1.0,0
660854809239675142,2026-09,,,1.0,0
660854809239675142,2026-10,,,1.0,0
664372950703123888,2025-10,83.69,65.0,1.0,0
664372950703123888,2025-11,67.92,65.0,0.87,4
664372950703123888,2025-12,67.52,65.0,0.45,17
664372950703123888,2026-01,57.92,65.0,0.61,12
664372950703123888,2026-02,57.62,65.0,0.0,28
664372950703123888,2026-03,57.39,65.0,0.0,31
664372950703123888,2026-04,67.6,65.0,0.0,30
664372950703123888,2026-05,68.15,65.0,0.1,28
664372950703123888,2026-06,67.6,65.0,0.0,30
664372950703123888,2026-07,67.83,65.0,0.26,23
664372950703123888,2026-08,84.79,65.0,1.0,0
664372950703123888,2026-09,84.5,65.0,1.0,0
664372950703123888,2026-10,85.0,65.0,1.0,0
665707510790501642,2025-10,459.64,357.0,0.0,5
665707510790501642,2025-11,373.06,357.0,0.93,2
665707510790501642,2025-12,370.82,357.0,0.0,31
665707510790501642,2026-01,318.13,357.0,0.0,31
665707510790501642,2026-02,316.46,357.0,0.0,28
665707510790501642,2026-03,315.2,357.0,0.0,31
665707510790501642,2026-04,371.28,357.0,0.2,24
665707510790501642,2026-05,374.27,357.0,1.0,0
665707510790501642,2026-06,371.28,357.0,1.0,0
665707510790501642,2026-07,372.55,357.0,1.0,0
665707510790501642,2026-08,465.68,357.0,1.0,0
665707510790501642,2026-09,464.1,357.0,0.87,4
665707510790501642,2026-10,466.85,357.0,1.0,0
667916331603547478,2025-10,328.31,255.0,0.2,4
667916331603547478,2025-11,266.48,255.0,0.0,30
667916331603547478,2025-12,264.87,255.0,0.0,31
667916331603547478,2026-01,227.24,255.0,0.23,24
667916331603547478,2026-02,226.04,255.0,1.0,0
667916331603547478,2026-03,225.14,255.0,1.0,0
667916331603547478,2026-04,265.2,255.0,1.0,0
667916331603547478,2026-05,267.34,255.0,1.0,0
667916331603547478,2026-06,265.2,255.0,1.0,0
667916331603547478,2026-07,266.1,255.0,1.0,0
667916331603547478,2026-08,332.63,255.0,1.0,0
667916331603547478,2026-09,331.5,255.0,1.0,0
667916331603547478,2026-10,333.46,255.0,1.0,0
672395092310587076,2025-10,97.85,76.0,0.4,3
672395092310587076,2025-11,79.42,76.0,0.43,17
672395092310587076,2025-12,78.94,76.0,0.13,27
672395092310587076,2026-01,67.73,76.0,0.0,31
672395092310587076,2026-02,67.37,76.0,0.0,28
672395092310587076,2026-03,67.1,76.0,0.0,31
672395092310587076,2026-04,79.04,76.0,0.0,30
672395092310587076,2026-05,79.68,76.0,0.13,27
672395092310587076,2026-06,79.04,76.0,0.0,30
672395092310587076,2026-07,79.31,76.0,0.0,31
672395092310587076,2026-08,99.14,76.0,0.0,31
672395092310587076,2026-09,98.8,76.0,0.0,30
672395092310587076,2026-10,99.38,76.0,0.0,26
672408896670880634,2025-10,103.0,80.0,0.2,4
672408896670880634,2025-11,83.6,80.0,0.07,28
672408896670880634,2025-12,83.1,80.0,0.0,31
672408896670880634,2026-01,71.29,80.0,0.0,31
672408896670880634,2026-02,70.91,80.0,0.0,28
672408896670880634,2026-03,70.63,80.0,0.0,31
672408896670880634,2026-04,83.2,80.0,0.0,30
672408896670880634,2026-05,83.87,80.0,0.13,27
672408896670880634,2026-06,83.2,80.0,0.0,30
672408896670880634,2026-07,83.48,80.0,0.0,31
672408896670880634,2026-08,104.35,80.0,0.0,31
672408896670880634,2026-09,104.0,80.0,0.0,30
672408896670880634,2026-10,104.62,80.0,0.0,26
672424199078979058,2025-10,128.75,100.0,0.2,4
672424199078979058,2025-11,104.5,100.0,0.0,30
672424199078979058,2025-12,103.87,100.0,0.0,31
672424199078979058,2026-01,89.11,100.0,0.0,31
672424199078979058,2026-02,88.64,100.0,0.0,28
672424199078979058,2026-03,88.29,100.0,0.0,31
672424199078979058,2026-04,104.0,100.0,0.0,30
672424199078979058,2026-05,104.84,100.0,0.0,31
672424199078979058,2026-06,104.0,100.0,0.0,30
672424199078979058,2026-07,104.35,100.0,0.0,31
672424199078979058,2026-08,130.44,100.0,0.0,31
672424199078979058,2026-09,130.0,100.0,0.0,30
672424199078979058,2026-10,130.77,100.0,0.0,26
674615442959778417,2025-10,226.6,176.0,0.0,5
674615442959778417,2025-11,183.92,176.0,0.0,30
674615442959778417,2025-12,182.81,176.0,0.0,31
674615442959778417,2026-01,156.84,176.0,0.23,24
674615442959778417,2026-02,156.01,176.0,1.0,0
674615442959778417,2026-03,155.39,176.0,1.0,0
674615442959778417,2026-04,183.04,176.0,1.0,0
674615442959778417,2026-05,184.52,176.0,1.0,0
674615442959778417,2026-06,183.04,176.0,1.0,0
674615442959778417,2026-07,183.66,176.0,1.0,0
674615442959778417,2026-08,229.58,176.0,1.0,0
674615442959778417,2026-09,228.8,176.0,1.0,0
674615442959778417,2026-10,230.15,176.0,1.0,0
675553502700674379,2025-10,301.27,234.0,0.4,3
675553502700674379,2025-11,244.53,234.0,0.03,29
675553502700674379,2025-12,243.06,234.0,0.0,31
675553502700674379,2026-01,208.52,234.0,0.0,31
675553502700674379,2026-02,207.42,234.0,0.0,28
675553502700674379,2026-03,206.6,234.0,0.0,31
675553502700674379,2026-04,243.36,234.0,0.0,30
675553502700674379,2026-05,245.32,234.0,0.0,31
675553502700674379,2026-06,243.36,234.0,0.0,30
675553502700674379,2026-07,244.19,234.0,0.0,31
675553502700674379,2026-08,305.24,234.0,0.0,31
675553502700674379,2026-09,304.2,234.0,0.0,30
675553502700674379,2026-10,306.0,234.0,0.0,26
676178386682975853,2025-10,292.26,227.0,0.4,3
676178386682975853,2025-11,237.22,227.0,0.13,26
676178386682975853,2025-12,235.79,227.0,0.19,25
676178386682975853,2026-01,202.29,227.0,0.0,31
676178386682975853,2026-02,201.22,227.0,0.0,28
676178386682975853,2026-03,200.42,227.0,0.0,31
676178386682975853,2026-04,236.08,227.0,0.0,30
676178386682975853,2026-05,237.98,227.0,0.0,31
676178386682975853,2026-06,236.08,227.0,0.0,30
676178386682975853,2026-07,236.89,227.0,0.26,23
676178386682975853,2026-08,296.11,227.0,1.0,0
676178386682975853,2026-09,295.1,227.0,1.0,0
676178386682975853,2026-10,296.85,227.0,1.0,0
678084458659069087,2025-10,112.01,87.0,0.2,4
678084458659069087,2025-11,90.92,87.0,0.5,15
678084458659069087,2025-12,90.37,87.0,0.0,31
678084458659069087,2026-01,77.53,87.0,0.0,31
678084458659069087,2026-02,77.12,87.0,0.0,28
678084458659069087,2026-03,76.81,87.0,0.0,31
678084458659069087,2026-04,90.48,87.0,0.0,30
678084458659069087,2026-05,91.21,87.0,0.0,31
678084458659069087,2026-06,90.48,87.0,0.0,30
678084458659069087,2026-07,90.79,87.0,0.0,31
678084458659069087,2026-08,113.49,87.0,0.0,31
678084458659069087,2026-09,113.1,87.0,0.0,30
678084458659069087,2026-10,113.77,87.0,0.0,26
680412672834772685,2025-10,253.64,197.0,1.0,0
680412672834772685,2025-11,205.86,197.0,1.0,0
680412672834772685,2025-12,204.63,197.0,1.0,0
680412672834772685,2026-01,175.55,197.0,1.0,0
680412672834772685,2026-02,174.63,197.0,0.61,11
680412672834772685,2026-03,173.93,197.0,1.0,0
680412672834772685,2026-04,204.88,197.0,1.0,0
680412672834772685,2026-05,206.53,197.0,1.0,0
680412672834772685,2026-06,204.88,197.0,1.0,0
680412672834772685,2026-07,205.58,197.0,1.0,0
680412672834772685,2026-08,256.97,197.0,1.0,0
680412672834772685,2026-09,256.1,197.0,1.0,0
680412672834772685,2026-10,257.62,197.0,1.0,0
681831656966209058,2025-10,128.75,100.0,0.6,2
681831656966209058,2025-11,104.5,100.0,0.63,11
681831656966209058,2025-12,103.87,100.0,0.32,21
681831656966209058,2026-01,89.11,100.0,0.0,31
681831656966209058,2026-02,88.64,100.0,0.5,14
681831656966209058,2026-03,88.29,100.0,0.06,29
681831656966209058,2026-04,104.0,100.0,0.0,30
681831656966209058,2026-05,104.84,100.0,0.16,26
681831656966209058,2026-06,104.0,100.0,0.0,30
681831656966209058,2026-07,104.35,100.0,0.0,31
681831656966209058,2026-08,130.44,100.0,0.0,31
681831656966209058,2026-09,130.0,100.0,0.0,30
681831656966209058,2026-10,130.77,100.0,0.0,26
683371223046852696,2025-10,146.78,114.0,1.0,0
683371223046852696,2025-11,119.13,114.0,1.0,0
683371223046852696,2025-12,118.41,114.0,0.39,19
683371223046852696,2026-01,101.59,114.0,0.26,23
683371223046852696,2026-02,101.05,114.0,0.54,13
683371223046852696,2026-03,100.65,114.0,1.0,0
683371223046852696,2026-04,118.56,114.0,0.87,4
683371223046852696,2026-05,119.52,114.0,0.1,28
683371223046852696,2026-06,118.56,114.0,0.0,30
683371223046852696,2026-07,118.96,114.0,0.0,31
683371223046852696,2026-08,148.71,114.0,0.0,31
683371223046852696,2026-09,148.2,114.0,0.0,30
683371223046852696,2026-10,149.08,114.0,0.0,26
691818767352863752,2025-10,,,0.0,5
691818767352863752,2025-11,,,0.0,30
691818767352863752,2025-12,,,0.0,31
691818767352863752,2026-01,,,0.0,31
691818767352863752,2026-02,,,0.0,28
691818767352863752,2026-03,,,0.0,31
691818767352863752,2026-04,,,0.0,30
691818767352863752,2026-05,,,0.0,31
691818767352863752,2026-06,,,0.0,30
691818767352863752,2026-07,,,0.0,31
691818767352863752,2026-08,,,0.0,31
691818767352863752,2026-09,,,0.0,30
691818767352863752,2026-10,,,0.0,26
691890262272030729,2025-10,225.31,175.0,0.2,4
691890262272030729,2025-11,182.88,175.0,0.17,25
691890262272030729,2025-12,181.77,175.0,0.03,30
691890262272030729,2026-01,155.95,175.0,0.0,31
691890262272030729,2026-02,155.12,175.0,1.0,0
691890262272030729,2026-03,154.51,175.0,1.0,0
691890262272030729,2026-04,182.0,175.0,1.0,0
691890262272030729,2026-05,183.47,175.0,1.0,0
691890262272030729,2026-06,182.0,175.0,1.0,0
691890262272030729,2026-07,182.62,175.0,0.0,31
691890262272030729,2026-08,228.28,175.0,0.0,31
691890262272030729,2026-09,227.5,175.0,0.0,30
691890262272030729,2026-10,228.85,175.0,0.0,26
692222165549304856,2025-10,45.06,35.0,1.0,0
692222165549304856,2025-11,36.58,35.0,0.03,29
692222165549304856,2025-12,36.35,35.0,0.0,31
692222165549304856,2026-01,31.19,35.0,0.0,31
692222165549304856,2026-02,31.02,35.0,0.0,28
692222165549304856,2026-03,30.9,35.0,0.0,31
692222165549304856,2026-04,36.4,35.0,0.0,30
692222165549304856,2026-05,36.69,35.0,0.0,31
692222165549304856,2026-06,36.4,35.0,0.0,30
692222165549304856,2026-07,36.52,35.0,0.0,31
692222165549304856,2026-08,45.65,35.0,0.0,31
692222165549304856,2026-09,45.5,35.0,0.0,30
692222165549304856,2026-10,45.77,35.0,0.0,26
692763629267422223,2025-10,131.32,102.0,0.6,2
692763629267422223,2025-11,106.59,102.0,0.47,16
692763629267422223,2025-12,105.95,102.0,0.26,23
692763629267422223,2026-01,90.89,102.0,0.06,29
692763629267422223,2026-02,90.41,102.0,0.0,28
692763629267422223,2026-03,90.05,102.0,0.13,27
692763629267422223,2026-04,106.08,102.0,0.0,30
692763629267422223,2026-05,106.94,102.0,0.19,25
692763629267422223,2026-06,106.08,102.0,0.0,30
692763629267422223,2026-07,106.44,102.0,0.0,31
692763629267422223,2026-08,133.05,102.0,0.0,31
692763629267422223,2026-09,132.6,102.0,0.0,30
692763629267422223,2026-10,133.38,102.0,0.0,26
693482271388454910,2025-10,234.32,182.0,1.0,0
693482271388454910,2025-11,190.19,182.0,1.0,0
693482271388454910,2025-12,189.05,182.0,1.0,0
693482271388454910,2026-01,162.18,182.0,0.23,24
693482271388454910,2026-02,161.33,182.0,1.0,0
693482271388454910,2026-03,160.69,182.0,1.0,0
693482271388454910,2026-04,189.28,182.0,1.0,0
693482271388454910,2026-05,190.81,182.0,1.0,0
693482271388454910,2026-06,189.28,182.0,1.0,0
693482271388454910,2026-07,189.93,182.0,1.0,0
693482271388454910,2026-08,237.41,182.0,1.0,0
693482271388454910,2026-09,236.6,182.0,1.0,0
693482271388454910,2026-10,238.0,182.0,1.0,0
693984606686520289,2025-10,239.48,186.0,1.0,0
693984606686520289,2025-11,194.37,186.0,1.0,0
693984606686520289,2025-12,193.2,186.0,0.68,10
693984606686520289,2026-01,165.75,186.0,0.0,31
693984606686520289,2026-02,164.87,186.0,1.0,0
693984606686520289,2026-03,164.22,186.0,1.0,0
693984606686520289,2026-04,193.44,186.0,1.0,0
693984606686520289,2026-05,195.0,186.0,1.0,0
693984606686520289,2026-06,193.44,186.0,1.0,0
693984606686520289,2026-07,194.1,186.0,1.0,0
693984606686520289,2026-08,242.63,186.0,0.9,3
693984606686520289,2026-09,241.8,186.0,0.0,30
693984606686520289,2026-10,243.23,186.0,0.0,26
697998579956270189,2025-10,,,1.0,0
697998579956270189,2025-11,,,1.0,0
697998579956270189,2025-12,,,1.0,0
697998579956270189,2026-01,,,1.0,0
697998579956270189,2026-02,,,1.0,0
697998579956270189,2026-03,,,1.0,0
697998579956270189,2026-04,,,1.0,0
697998579956270189,2026-05,,,1.0,0
697998579956270189,2026-06,,,1.0,0
697998579956270189,2026-07,,,1.0,0
697998579956270189,2026-08,,,1.0,0
697998579956270189,2026-09,,,1.0,0
697998579956270189,2026-10,,,1.0,0
698835052575361711,2025-10,,,1.0,0
698835052575361711,2025-11,,,1.0,0
698835052575361711,2025-12,,,1.0,0
698835052575361711,2026-01,,,1.0,0
698835052575361711,2026-02,,,1.0,0
698835052575361711,2026-03,,,1.0,0
698835052575361711,2026-04,,,1.0,0
698835052575361711,2026-05,,,1.0,0
698835052575361711,2026-06,,,1.0,0
698835052575361711,2026-07,,,1.0,0
698835052575361711,2026-08,,,1.0,0
698835052575361711,2026-09,,,1.0,0
698835052575361711,2026-10,,,1.0,0
699769468679045439,2025-10,453.2,352.0,0.8,1
699769468679045439,2025-11,367.84,352.0,0.5,15
699769468679045439,2025-12,365.63,352.0,0.23,24
699769468679045439,2026-01,313.68,352.0,0.0,31
699769468679045439,2026-02,312.02,352.0,0.79,6
699769468679045439,2026-03,310.78,352.0,1.0,0
699769468679045439,2026-04,366.08,352.0,1.0,0
699769468679045439,2026-05,369.03,352.0,1.0,0
699769468679045439,2026-06,366.08,352.0,0.17,25
699769468679045439,2026-07,367.33,352.0,0.48,16
699769468679045439,2026-08,459.16,352.0,1.0,0
699769468679045439,2026-09,457.6,352.0,1.0,0
699769468679045439,2026-10,460.31,352.0,1.0,0
700134050078462931,2025-10,34.76,27.0,1.0,0
700134050078462931,2025-11,28.22,27.0,0.77,7
700134050078462931,2025-12,28.05,27.0,0.0,31
700134050078462931,2026-01,24.06,27.0,0.0,31
700134050078462931,2026-02,23.93,27.0,0.0,28
700134050078462931,2026-03,23.84,27.0,0.0,31
700134050078462931,2026-04,28.08,27.0,0.0,30
700134050078462931,2026-05,28.31,27.0,0.0,31
700134050078462931,2026-06,28.08,27.0,0.0,30
700134050078462931,2026-07,28.18,27.0,0.0,31
700134050078462931,2026-08,35.22,27.0,0.0,31
700134050078462931,2026-09,35.1,27.0,0.0,30
700134050078462931,2026-10,35.31,27.0,0.0,26
701682774187992478,2025-10,105.58,82.0,1.0,0
701682774187992478,2025-11,85.69,82.0,0.0,30
701682774187992478,2025-12,85.17,82.0,0.06,29
701682774187992478,2026-01,73.07,82.0,0.0,31
701682774187992478,2026-02,72.69,82.0,0.0,28
701682774187992478,2026-03,72.4,82.0,0.0,31
701682774187992478,2026-04,85.28,82.0,0.0,30
701682774187992478,2026-05,85.97,82.0,0.0,31
701682774187992478,2026-06,85.28,82.0,0.0,30
701682774187992478,2026-07,85.57,82.0,0.0,31
701682774187992478,2026-08,106.97,82.0,0.0,31
701682774187992478,2026-09,106.6,82.0,0.0,30
701682774187992478,2026-10,107.23,82.0,0.0,26
704253661892246703,2025-10,233.04,181.0,0.2,4
704253661892246703,2025-11,189.14,181.0,0.23,23
704253661892246703,2025-12,188.01,181.0,0.0,31
704253661892246703,2026-01,161.3,181.0,0.23,24
704253661892246703,2026-02,160.44,181.0,1.0,0
704253661892246703,2026-03,159.81,181.0,1.0,0
704253661892246703,2026-04,188.24,181.0,1.0,0
704253661892246703,2026-05,189.76,181.0,1.0,0
704253661892246703,2026-06,188.24,181.0,1.0,0
704253661892246703,2026-07,188.88,181.0,1.0,0
704253661892246703,2026-08,236.1,181.0,1.0,0
704253661892246703,2026-09,235.3,181.0,1.0,0
704253661892246703,2026-10,236.69,181.0,1.0,0
704578174750941326,2025-10,104.29,81.0,0.8,1
704578174750941326,2025-11,84.64,81.0,0.43,17
704578174750941326,2025-12,84.14,81.0,0.16,26
704578174750941326,2026-01,72.18,81.0,0.0,31
704578174750941326,2026-02,71.8,81.0,0.0,28
704578174750941326,2026-03,71.52,81.0,0.0,31
704578174750941326,2026-04,84.24,81.0,0.0,30
704578174750941326,2026-05,84.92,81.0,0.0,31
704578174750941326,2026-06,84.24,81.0,0.0,30
704578174750941326,2026-07,84.53,81.0,0.0,31
704578174750941326,2026-08,105.66,81.0,0.0,31
704578174750941326,2026-09,105.3,81.0,0.0,30
704578174750941326,2026-10,105.92,81.0,0.0,26
705218857764853615,2025-10,185.4,144.0,0.2,4
705218857764853615,2025-11,150.48,144.0,0.13,26
705218857764853615,2025-12,149.57,144.0,0.0,31
705218857764853615,2026-01,128.32,144.0,0.0,31
705218857764853615,2026-02,127.65,144.0,0.0,28
705218857764853615,2026-03,127.14,144.0,0.0,31
705218857764853615,2026-04,149.76,144.0,0.0,30
705218857764853615,2026-05,150.97,144.0,0.0,31
705218857764853615,2026-06,149.76,144.0,0.0,30
705218857764853615,2026-07,150.27,144.0,0.26,23
705218857764853615,2026-08,187.84,144.0,1.0,0
705218857764853615,2026-09,187.2,144.0,1.0,0
705218857764853615,2026-10,188.31,144.0,1.0,0
705231419137959747,2025-10,160.94,125.0,1.0,0
705231419137959747,2025-11,130.62,125.0,0.37,19
705231419137959747,2025-12,129.84,125.0,0.1,28
705231419137959747,2026-01,111.39,125.0,0.0,31
705231419137959747,2026-02,110.8,125.0,0.0,28
705231419137959747,2026-03,110.36,125.0,0.0,31
705231419137959747,2026-04,130.0,125.0,0.0,30
705231419137959747,2026-05,131.05,125.0,0.0,31
705231419137959747,2026-06,130.0,125.0,0.0,30
705231419137959747,2026-07,130.44,125.0,0.0,31
705231419137959747,2026-08,163.06,125.0,0.0,31
705231419137959747,2026-09,162.5,125.0,0.0,30
705231419137959747,2026-10,163.46,125.0,0.0,26
708167512277976844,2025-10,34.76,27.0,1.0,0
708167512277976844,2025-11,28.22,27.0,0.07,28
708167512277976844,2025-12,28.05,27.0,0.0,31
708167512277976844,2026-01,24.06,27.0,0.0,31
708167512277976844,2026-02,23.93,27.0,0.0,28
708167512277976844,2026-03,23.84,27.0,0.0,31
708167512277976844,2026-04,28.08,27.0,0.0,30
708167512277976844,2026-05,28.31,27.0,0.0,31
708167512277976844,2026-06,28.08,27.0,0.0,30
708167512277976844,2026-07,28.18,27.0,0.0,31
708167512277976844,2026-08,35.22,27.0,0.0,31
708167512277976844,2026-09,35.1,27.0,0.0,30
708167512277976844,2026-10,35.31,27.0,0.0,26
710815562656596296,2025-10,158.36,123.0,1.0,0
710815562656596296,2025-11,128.54,123.0,1.0,0
710815562656596296,2025-12,127.76,123.0,1.0,0
710815562656596296,2026-01,109.61,123.0,0.26,23
710815562656596296,2026-02,109.03,123.0,0.0,28
710815562656596296,2026-03,108.6,123.0,0.0,31
710815562656596296,2026-04,127.92,123.0,0.0,30
710815562656596296,2026-05,128.95,123.0,0.0,31
710815562656596296,2026-06,127.92,123.0,0.0,30
710815562656596296,2026-07,128.36,123.0,0.0,31
710815562656596296,2026-08,160.44,123.0,0.0,31
710815562656596296,2026-09,159.9,123.0,0.0,30
710815562656596296,2026-10,160.85,123.0,0.0,26
713843963296750916,2025-10,45.06,35.0,1.0,0
713843963296750916,2025-11,36.58,35.0,0.0,30
713843963296750916,2025-12,36.35,35.0,0.29,22
713843963296750916,2026-01,31.19,35.0,0.06,29
713843963296750916,2026-02,31.02,35.0,0.0,28
713843963296750916,2026-03,30.9,35.0,0.0,31
713843963296750916,2026-04,36.4,35.0,0.0,30
713843963296750916,2026-05,36.69,35.0,0.0,31
713843963296750916,2026-06,36.4,35.0,0.0,30
713843963296750916,2026-07,36.52,35.0,0.0,31
713843963296750916,2026-08,45.65,35.0,0.0,31
713843963296750916,2026-09,45.5,35.0,0.0,30
713843963296750916,2026-10,45.77,35.0,0.0,26
716837882022091186,2025-10,52.79,41.0,1.0,0
716837882022091186,2025-11,42.84,41.0,0.4,18
716837882022091186,2025-12,42.59,41.0,0.0,31
716837882022091186,2026-01,36.54,41.0,0.0,31
716837882022091186,2026-02,36.34,41.0,0.0,28
716837882022091186,2026-03,36.2,41.0,0.0,31
716837882022091186,2026-04,42.64,41.0,0.0,30
716837882022091186,2026-05,42.98,41.0,0.0,31
716837882022091186,2026-06,42.64,41.0,0.0,30
716837882022091186,2026-07,42.79,41.0,0.0,31
716837882022091186,2026-08,53.48,41.0,0.0,31
716837882022091186,2026-09,53.3,41.0,0.0,30
716837882022091186,2026-10,53.62,41.0,0.0,26
718082872937132717,2025-10,330.89,257.0,0.0,5
718082872937132717,2025-11,268.56,257.0,0.27,22
718082872937132717,2025-12,266.95,257.0,0.42,18
718082872937132717,2026-01,229.02,257.0,0.0,31
718082872937132717,2026-02,227.81,257.0,0.0,28
718082872937132717,2026-03,226.91,257.0,0.0,31
718082872937132717,2026-04,267.28,257.0,0.0,30
718082872937132717,2026-05,269.44,257.0,0.23,24
718082872937132717,2026-06,267.28,257.0,0.0,30
718082872937132717,2026-07,268.19,257.0,0.26,23
718082872937132717,2026-08,335.24,257.0,1.0,0
718082872937132717,2026-09,334.1,257.0,1.0,0
718082872937132717,2026-10,336.08,257.0,1.0,0
718635489025046769,2025-10,45.06,35.0,0.6,2
718635489025046769,2025-11,36.58,35.0,0.0,30
718635489025046769,2025-12,36.35,35.0,0.13,27
718635489025046769,2026-01,31.19,35.0,0.0,31
718635489025046769,2026-02,31.02,35.0,0.0,28
718635489025046769,2026-03,30.9,35.0,0.0,31
718635489025046769,2026-04,36.4,35.0,0.0,30
718635489025046769,2026-05,36.69,35.0,0.0,31
718635489025046769,2026-06,36.4,35.0,0.0,30
718635489025046769,2026-07,36.52,35.0,0.0,31
718635489025046769,2026-08,45.65,35.0,0.0,31
718635489025046769,2026-09,45.5,35.0,0.0,30
718635489025046769,2026-10,45.77,35.0,0.0,26
718792758959657917,2025-10,,,1.0,0
718792758959657917,2025-11,,,1.0,0
718792758959657917,2025-12,,,1.0,0
718792758959657917,2026-01,,,1.0,0
718792758959657917,2026-02,,,1.0,0
718792758959657917,2026-03,,,1.0,0
718792758959657917,2026-04,,,1.0,0
718792758959657917,2026-05,,,1.0,0
718792758959657917,2026-06,,,0.57,13
718792758959657917,2026-07,,,0.26,23
718792758959657917,2026-08,,,1.0,0
718792758959657917,2026-09,,,1.0,0
718792758959657917,2026-10,,,1.0,0
722560935685131912,2025-10,51.5,40.0,1.0,0
722560935685131912,2025-11,41.8,40.0,0.0,30
722560935685131912,2025-12,41.55,40.0,0.0,31
722560935685131912,2026-01,35.65,40.0,0.23,24
722560935685131912,2026-02,35.46,40.0,1.0,0
722560935685131912,2026-03,35.32,40.0,1.0,0
722560935685131912,2026-04,41.6,40.0,1.0,0
722560935685131912,2026-05,41.94,40.0,1.0,0
722560935685131912,2026-06,41.6,40.0,1.0,0
722560935685131912,2026-07,41.74,40.0,1.0,0
722560935685131912,2026-08,52.18,40.0,1.0,0
722560935685131912,2026-09,52.0,40.0,1.0,0
722560935685131912,2026-10,52.31,40.0,1.0,0
722575320096256921,2025-10,355.35,276.0,1.0,0
722575320096256921,2025-11,288.42,276.0,0.93,2
722575320096256921,2025-12,286.68,276.0,0.35,20
722575320096256921,2026-01,245.95,276.0,0.9,3
722575320096256921,2026-02,244.65,276.0,1.0,0
722575320096256921,2026-03,243.68,276.0,0.97,1
722575320096256921,2026-04,287.04,276.0,0.0,30
722575320096256921,2026-05,289.35,276.0,0.19,25
722575320096256921,2026-06,287.04,276.0,0.0,30
722575320096256921,2026-07,288.02,276.0,0.0,31
722575320096256921,2026-08,360.02,276.0,0.0,31
722575320096256921,2026-09,358.8,276.0,0.0,30
722575320096256921,2026-10,360.92,276.0,0.0,26
728505853718405886,2025-10,288.4,224.0,0.2,4
728505853718405886,2025-11,234.08,224.0,0.4,18
728505853718405886,2025-12,232.67,224.0,0.77,7
728505853718405886,2026-01,199.61,224.0,0.61,12
728505853718405886,2026-02,198.56,224.0,1.0,0
728505853718405886,2026-03,197.77,224.0,1.0,0
728505853718405886,2026-04,232.96,224.0,1.0,0
728505853718405886,2026-05,234.84,224.0,1.0,0
728505853718405886,2026-06,232.96,224.0,1.0,0
728505853718405886,2026-07,233.75,224.0,1.0,0
728505853718405886,2026-08,292.19,224.0,1.0,0
728505853718405886,2026-09,291.2,224.0,1.0,0
728505853718405886,2026-10,292.92,224.0,1.0,0
728664842022044065,2025-10,162.22,126.0,0.2,4
728664842022044065,2025-11,131.67,126.0,0.0,30
728664842022044065,2025-12,130.88,126.0,0.0,31
728664842022044065,2026-01,112.28,126.0,0.0,31
728664842022044065,2026-02,111.69,126.0,0.0,28
728664842022044065,2026-03,111.24,126.0,0.0,31
728664842022044065,2026-04,131.04,126.0,0.0,30
728664842022044065,2026-05,132.1,126.0,0.0,31
728664842022044065,2026-06,131.04,126.0,0.0,30
728664842022044065,2026-07,131.49,126.0,0.0,31
728664842022044065,2026-08,164.36,126.0,0.0,31
728664842022044065,2026-09,163.8,126.0,0.0,30
728664842022044065,2026-10,164.77,126.0,0.0,26
733169631870058190,2025-10,81.11,63.0,0.0,5
733169631870058190,2025-11,65.83,63.0,0.1,27
733169631870058190,2025-12,65.44,63.0,0.42,18
733169631870058190,2026-01,56.14,63.0,0.0,31
733169631870058190,2026-02,55.84,63.0,0.0,28
733169631870058190,2026-03,55.62,63.0,0.0,31
733169631870058190,2026-04,65.52,63.0,0.0,30
733169631870058190,2026-05,66.05,63.0,0.23,24
733169631870058190,2026-06,65.52,63.0,0.0,30
733169631870058190,2026-07,65.74,63.0,0.26,23
733169631870058190,2026-08,82.18,63.0,1.0,0
733169631870058190,2026-09,81.9,63.0,1.0,0
733169631870058190,2026-10,82.38,63.0,1.0,0
736672595994361273,2025-10,150.64,117.0,0.2,4
736672595994361273,2025-11,122.27,117.0,0.53,14
736672595994361273,2025-12,121.53,117.0,1.0,0
736672595994361273,2026-01,104.26,117.0,1.0,0
736672595994361273,2026-02,103.71,117.0,0.0,28
736672595994361273,2026-03,103.3,117.0,0.0,31
736672595994361273,2026-04,121.68,117.0,0.0,30
736672595994361273,2026-05,122.66,117.0,0.1,28
736672595994361273,2026-06,121.68,117.0,0.0,30
736672595994361273,2026-07,122.1,117.0,0.19,25
736672595994361273,2026-08,152.62,117.0,0.0,31
736672595994361273,2026-09,152.1,117.0,0.0,30
736672595994361273,2026-10,153.0,117.0,0.0,26
739040623480612523,2025-10,65.66,51.0,0.0,5
739040623480612523,2025-11,53.29,51.0,0.1,27
739040623480612523,2025-12,52.97,51.0,0.42,18
739040623480612523,2026-01,45.45,51.0,0.0,31
739040623480612523,2026-02,45.21,51.0,0.0,28
739040623480612523,2026-03,45.03,51.0,0.0,31
739040623480612523,2026-04,53.04,51.0,0.0,30
739040623480612523,2026-05,53.47,51.0,0.23,24
739040623480612523,2026-06,53.04,51.0,0.0,30
739040623480612523,2026-07,53.22,51.0,0.26,23
739040623480612523,2026-08,66.53,51.0,1.0,0
739040623480612523,2026-09,66.3,51.0,1.0,0
739040623480612523,2026-10,66.69,51.0,1.0,0
743259048234909769,2025-10,65.66,51.0,0.0,5
743259048234909769,2025-11,53.29,51.0,0.27,22
743259048234909769,2025-12,52.97,51.0,0.42,18
743259048234909769,2026-01,45.45,51.0,0.0,31
743259048234909769,2026-02,45.21,51.0,0.0,28
743259048234909769,2026-03,45.03,51.0,0.0,31
743259048234909769,2026-04,53.04,51.0,0.0,30
743259048234909769,2026-05,53.47,51.0,0.23,24
743259048234909769,2026-06,53.04,51.0,0.0,30
743259048234909769,2026-07,53.22,51.0,0.26,23
743259048234909769,2026-08,66.53,51.0,1.0,0
743259048234909769,2026-09,66.3,51.0,1.0,0
743259048234909769,2026-10,66.69,51.0,1.0,0
743266679530556298,2025-10,65.66,51.0,0.0,5
743266679530556298,2025-11,53.29,51.0,0.1,27
743266679530556298,2025-12,52.97,51.0,0.42,18
743266679530556298,2026-01,45.45,51.0,0.0,31
743266679530556298,2026-02,45.21,51.0,0.0,28
743266679530556298,2026-03,45.03,51.0,0.0,31
743266679530556298,2026-04,53.04,51.0,0.0,30
743266679530556298,2026-05,53.47,51.0,0.23,24
743266679530556298,2026-06,53.04,51.0,0.0,30
743266679530556298,2026-07,53.22,51.0,0.26,23
743266679530556298,2026-08,66.53,51.0,1.0,0
743266679530556298,2026-09,66.3,51.0,1.0,0
743266679530556298,2026-10,66.69,51.0,1.0,0
744355182532038443,2025-10,137.76,107.0,0.0,5
744355182532038443,2025-11,111.82,107.0,0.0,30
744355182532038443,2025-12,111.14,107.0,0.0,31
744355182532038443,2026-01,95.35,107.0,0.23,24
744355182532038443,2026-02,94.85,107.0,1.0,0
744355182532038443,2026-03,94.47,107.0,1.0,0
744355182532038443,2026-04,111.28,107.0,1.0,0
744355182532038443,2026-05,112.18,107.0,1.0,0
744355182532038443,2026-06,111.28,107.0,1.0,0
744355182532038443,2026-07,111.66,107.0,1.0,0
744355182532038443,2026-08,139.57,107.0,1.0,0
744355182532038443,2026-09,139.1,107.0,1.0,0
744355182532038443,2026-10,139.92,107.0,1.0,0
745385249194642394,2025-10,136.48,106.0,0.4,3
745385249194642394,2025-11,110.77,106.0,0.7,9
745385249194642394,2025-12,110.1,106.0,1.0,0
745385249194642394,2026-01,94.46,106.0,1.0,0
745385249194642394,2026-02,93.96,106.0,1.0,0
745385249194642394,2026-03,93.59,106.0,1.0,0
745385249194642394,2026-04,110.24,106.0,1.0,0
745385249194642394,2026-05,111.13,106.0,1.0,0
745385249194642394,2026-06,110.24,106.0,1.0,0
745385249194642394,2026-07,110.62,106.0,1.0,0
745385249194642394,2026-08,138.27,106.0,1.0,0
745385249194642394,2026-09,137.8,106.0,0.7,9
745385249194642394,2026-10,138.62,106.0,1.0,0
745761053004825188,2025-10,320.59,249.0,0.0,5
745761053004825188,2025-11,260.21,249.0,0.0,30
745761053004825188,2025-12,258.64,249.0,0.0,31
745761053004825188,2026-01,221.89,249.0,0.23,24
745761053004825188,2026-02,220.72,249.0,1.0,0
745761053004825188,2026-03,219.84,249.0,1.0,0
745761053004825188,2026-04,258.96,249.0,1.0,0
745761053004825188,2026-05,261.05,249.0,1.0,0
745761053004825188,2026-06,258.96,249.0,1.0,0
745761053004825188,2026-07,259.84,249.0,1.0,0
745761053004825188,2026-08,324.81,249.0,1.0,0
745761053004825188,2026-09,323.7,249.0,1.0,0
745761053004825188,2026-10,325.62,249.0,1.0,0
747725763686301815,2025-10,186.69,145.0,0.8,1
747725763686301815,2025-11,151.52,145.0,0.47,16
747725763686301815,2025-12,150.61,145.0,0.0,31
747725763686301815,2026-01,129.21,145.0,0.0,31
747725763686301815,2026-02,128.53,145.0,0.0,28
747725763686301815,2026-03,128.02,145.0,0.97,1
747725763686301815,2026-04,150.8,145.0,1.0,0
747725763686301815,2026-05,152.02,145.0,1.0,0
747725763686301815,2026-06,150.8,145.0,1.0,0
747725763686301815,2026-07,151.31,145.0,1.0,0
747725763686301815,2026-08,189.14,145.0,1.0,0
747725763686301815,2026-09,188.5,145.0,1.0,0
747725763686301815,2026-10,189.62,145.0,1.0,0
750852759968378767,2025-10,193.12,150.0,0.0,5
750852759968378767,2025-11,156.75,150.0,0.2,24
750852759968378767,2025-12,155.81,150.0,0.0,31
750852759968378767,2026-01,133.67,150.0,0.0,31
750852759968378767,2026-02,132.96,150.0,0.0,28
750852759968378767,2026-03,132.43,150.0,0.0,31
750852759968378767,2026-04,156.0,150.0,0.0,30
750852759968378767,2026-05,157.26,150.0,0.0,31
750852759968378767,2026-06,156.0,150.0,0.0,30
750852759968378767,2026-07,156.53,150.0,0.0,31
750852759968378767,2026-08,195.66,150.0,0.0,31
750852759968378767,2026-09,195.0,150.0,0.0,30
750852759968378767,2026-10,196.15,150.0,0.0,26
751978123762895803,2025-10,112.01,87.0,1.0,0
751978123762895803,2025-11,90.92,87.0,1.0,0
751978123762895803,2025-12,90.37,87.0,1.0,0
751978123762895803,2026-01,77.53,87.0,1.0,0
751978123762895803,2026-02,77.12,87.0,1.0,0
751978123762895803,2026-03,76.81,87.0,0.0,31
751978123762895803,2026-04,90.48,87.0,0.0,30
751978123762895803,2026-05,91.21,87.0,0.0,31
751978123762895803,2026-06,90.48,87.0,0.0,30
751978123762895803,2026-07,90.79,87.0,0.0,31
751978123762895803,2026-08,113.49,87.0,0.0,31
751978123762895803,2026-09,113.1,87.0,0.0,30
751978123762895803,2026-10,113.77,87.0,0.0,26
752207606454252833,2025-10,73.39,57.0,1.0,0
752207606454252833,2025-11,59.57,57.0,0.2,24
752207606454252833,2025-12,59.21,57.0,0.1,28
752207606454252833,2026-01,50.8,57.0,0.0,31
752207606454252833,2026-02,50.53,57.0,0.0,28
752207606454252833,2026-03,50.33,57.0,0.0,31
752207606454252833,2026-04,59.28,57.0,0.0,30
752207606454252833,2026-05,59.76,57.0,0.0,31
752207606454252833,2026-06,59.28,57.0,0.0,30
752207606454252833,2026-07,59.48,57.0,0.26,23
752207606454252833,2026-08,74.35,57.0,1.0,0
752207606454252833,2026-09,74.1,57.0,1.0,0
752207606454252833,2026-10,74.54,57.0,1.0,0
752280799408374452,2025-10,84.97,66.0,0.4,3
752280799408374452,2025-11,68.97,66.0,0.0,30
752280799408374452,2025-12,68.55,66.0,0.0,31
752280799408374452,2026-01,58.81,66.0,0.0,31
752280799408374452,2026-02,58.5,66.0,0.0,28
752280799408374452,2026-03,58.27,66.0,0.0,31
752280799408374452,2026-04,68.64,66.0,0.0,30
752280799408374452,2026-05,69.19,66.0,0.0,31
752280799408374452,2026-06,68.64,66.0,0.0,30
752280799408374452,2026-07,68.87,66.0,0.26,23
752280799408374452,2026-08,86.09,66.0,1.0,0
752280799408374452,2026-09,85.8,66.0,1.0,0
752280799408374452,2026-10,86.31,66.0,1.0,0
755018311401521263,2025-10,211.15,164.0,0.2,4
755018311401521263,2025-11,171.38,164.0,0.3,21
755018311401521263,2025-12,170.35,164.0,0.42,18
755018311401521263,2026-01,146.15,164.0,0.03,30
755018311401521263,2026-02,145.37,164.0,0.0,28
755018311401521263,2026-03,144.8,164.0,0.0,31
755018311401521263,2026-04,170.56,164.0,0.0,30
755018311401521263,2026-05,171.94,164.0,0.0,31
755018311401521263,2026-06,170.56,164.0,0.0,30
755018311401521263,2026-07,171.14,164.0,0.0,31
755018311401521263,2026-08,213.93,164.0,0.0,31
755018311401521263,2026-09,213.2,164.0,0.0,30
755018311401521263,2026-10,214.46,164.0,0.0,26
756448628560286574,2025-10,87.55,68.0,0.8,1
756448628560286574,2025-11,71.06,68.0,0.0,30
756448628560286574,2025-12,70.63,68.0,0.0,31
756448628560286574,2026-01,60.6,68.0,0.0,31
756448628560286574,2026-02,60.28,68.0,0.0,28
756448628560286574,2026-03,60.04,68.0,0.0,31
756448628560286574,2026-04,70.72,68.0,0.0,30
756448628560286574,2026-05,71.29,68.0,0.0,31
756448628560286574,2026-06,70.72,68.0,0.0,30
756448628560286574,2026-07,70.96,68.0,0.0,31
756448628560286574,2026-08,88.7,68.0,0.0,31
756448628560286574,2026-09,88.4,68.0,0.0,30
756448628560286574,2026-10,88.92,68.0,0.0,26
756640068626360567,2025-10,118.45,92.0,0.4,3
756640068626360567,2025-11,96.14,92.0,0.0,30
756640068626360567,2025-12,95.56,92.0,0.0,31
756640068626360567,2026-01,81.98,92.0,0.0,31
756640068626360567,2026-02,81.55,92.0,0.0,28
756640068626360567,2026-03,81.23,92.0,0.0,31
756640068626360567,2026-04,95.68,92.0,0.0,30
756640068626360567,2026-05,96.45,92.0,0.0,31
756640068626360567,2026-06,95.68,92.0,0.0,30
756640068626360567,2026-07,96.01,92.0,0.26,23
756640068626360567,2026-08,120.01,92.0,1.0,0
756640068626360567,2026-09,119.6,92.0,1.0,0
756640068626360567,2026-10,120.31,92.0,1.0,0
757179507726971109,2025-10,101.71,79.0,0.0,5
757179507726971109,2025-11,82.56,79.0,0.07,28
757179507726971109,2025-12,82.06,79.0,0.0,31
757179507726971109,2026-01,70.4,79.0,0.0,31
757179507726971109,2026-02,70.03,79.0,0.0,28
757179507726971109,2026-03,69.75,79.0,0.39,19
757179507726971109,2026-04,82.16,79.0,1.0,0
757179507726971109,2026-05,82.82,79.0,1.0,0
757179507726971109,2026-06,82.16,79.0,1.0,0
757179507726971109,2026-07,82.44,79.0,1.0,0
757179507726971109,2026-08,103.05,79.0,1.0,0
757179507726971109,2026-09,102.7,79.0,1.0,0
757179507726971109,2026-10,103.31,79.0,1.0,0
757873427199037600,2025-10,103.0,80.0,1.0,0
757873427199037600,2025-11,83.6,80.0,0.63,11
757873427199037600,2025-12,83.1,80.0,0.0,31
757873427199037600,2026-01,71.29,80.0,0.0,31
757873427199037600,2026-02,70.91,80.0,0.0,28
757873427199037600,2026-03,70.63,80.0,0.0,31
757873427199037600,2026-04,83.2,80.0,0.0,30
757873427199037600,2026-05,83.87,80.0,0.0,31
757873427199037600,2026-06,83.2,80.0,0.0,30
757873427199037600,2026-07,83.48,80.0,0.0,31
757873427199037600,2026-08,104.35,80.0,0.0,31
757873427199037600,2026-09,104.0,80.0,0.0,30
757873427199037600,2026-10,104.62,80.0,0.0,26
765389442159078908,2025-10,307.71,239.0,0.0,5
765389442159078908,2025-11,249.76,239.0,0.3,21
765389442159078908,2025-12,248.25,239.0,0.13,27
765389442159078908,2026-01,212.98,239.0,0.0,31
765389442159078908,2026-02,211.86,239.0,0.0,28
765389442159078908,2026-03,211.01,239.0,0.0,31
765389442159078908,2026-04,248.56,239.0,0.0,30
765389442159078908,2026-05,250.56,239.0,0.39,19
765389442159078908,2026-06,248.56,239.0,0.0,30
765389442159078908,2026-07,249.41,239.0,0.26,23
765389442159078908,2026-08,311.76,239.0,1.0,0
765389442159078908,2026-09,310.7,239.0,1.0,0
765389442159078908,2026-10,312.54,239.0,1.0,0
767528945730436669,2025-10,,,1.0,0
767528945730436669,2025-11,,,1.0,0
767528945730436669,2025-12,,,1.0,0
767528945730436669,2026-01,,,1.0,0
767528945730436669,2026-02,,,1.0,0
767528945730436669,2026-03,,,1.0,0
767528945730436669,2026-04,,,1.0,0
767528945730436669,2026-05,,,1.0,0
767528945730436669,2026-06,,,1.0,0
767528945730436669,2026-07,,,1.0,0
767528945730436669,2026-08,,,1.0,0
767528945730436669,2026-09,,,1.0,0
767528945730436669,2026-10,,,1.0,0
769653412811991689,2025-10,253.64,197.0,0.6,2
769653412811991689,2025-11,205.86,197.0,0.2,24
769653412811991689,2025-12,204.63,197.0,0.13,27
769653412811991689,2026-01,175.55,197.0,0.0,31
769653412811991689,2026-02,174.63,197.0,0.0,28
769653412811991689,2026-03,173.93,197.0,0.0,31
769653412811991689,2026-04,204.88,197.0,0.0,30
769653412811991689,2026-05,206.53,197.0,0.23,24
769653412811991689,2026-06,204.88,197.0,0.0,30
769653412811991689,2026-07,205.58,197.0,0.0,31
769653412811991689,2026-08,256.97,197.0,0.0,31
769653412811991689,2026-09,256.1,197.0,0.0,30
769653412811991689,2026-10,257.62,197.0,0.0,26
770360515790343973,2025-10,,,1.0,0
770360515790343973,2025-11,,,1.0,0
770360515790343973,2025-12,,,1.0,0
770360515790343973,2026-01,,,1.0,0
770360515790343973,2026-02,,,1.0,0
770360515790343973,2026-03,,,1.0,0
770360515790343973,2026-04,,,1.0,0
770360515790343973,2026-05,,,1.0,0
770360515790343973,2026-06,,,1.0,0
770360515790343973,2026-07,,,1.0,0
770360515790343973,2026-08,,,1.0,0
770360515790343973,2026-09,,,1.0,0
770360515790343973,2026-10,,,1.0,0
773441378432299610,2025-10,,,1.0,0
773441378432299610,2025-11,,,1.0,0
773441378432299610,2025-12,,,1.0,0
773441378432299610,2026-01,,,0.94,2
773441378432299610,2026-02,,,1.0,0
773441378432299610,2026-03,,,1.0,0
773441378432299610,2026-04,,,1.0,0
773441378432299610,2026-05,,,1.0,0
773441378432299610,2026-06,,,1.0,0
773441378432299610,2026-07,,,1.0,0
773441378432299610,2026-08,,,1.0,0
773441378432299610,2026-09,,,1.0,0
773441378432299610,2026-10,,,1.0,0
776789436189078587,2025-10,,,1.0,0
776789436189078587,2025-11,,,0.97,1
776789436189078587,2025-12,,,1.0,0
776789436189078587,2026-01,,,0.39,19
776789436189078587,2026-02,,,0.0,28
776789436189078587,2026-03,,,0.0,31
776789436189078587,2026-04,,,0.0,30
776789436189078587,2026-05,,,0.0,31
776789436189078587,2026-06,,,0.0,30
776789436189078587,2026-07,,,0.26,23
776789436189078587,2026-08,,,1.0,0
776789436189078587,2026-09,,,1.0,0
776789436189078587,2026-10,,,1.0,0
777209006396605363,2025-10,127.46,99.0,1.0,0
777209006396605363,2025-11,103.46,99.0,0.3,21
777209006396605363,2025-12,102.83,99.0,0.26,23
777209006396605363,2026-01,88.22,99.0,0.0,31
777209006396605363,2026-02,87.76,99.0,0.0,28
777209006396605363,2026-03,87.41,99.0,0.0,31
777209006396605363,2026-04,102.96,99.0,0.0,30
777209006396605363,2026-05,103.79,99.0,0.29,22
777209006396605363,2026-06,102.96,99.0,0.0,30
777209006396605363,2026-07,103.31,99.0,0.0,31
777209006396605363,2026-08,129.14,99.0,0.0,31
777209006396605363,2026-09,128.7,99.0,0.0,30
777209006396605363,2026-10,129.46,99.0,0.0,26
778903196159755683,2025-10,162.22,126.0,1.0,0
778903196159755683,2025-11,131.67,126.0,0.23,23
778903196159755683,2025-12,130.88,126.0,0.13,27
778903196159755683,2026-01,112.28,126.0,0.0,31
778903196159755683,2026-02,111.69,126.0,0.0,28
778903196159755683,2026-03,111.24,126.0,0.0,31
778903196159755683,2026-04,131.04,126.0,0.0,30
778903196159755683,2026-05,132.1,126.0,0.03,30
778903196159755683,2026-06,131.04,126.0,1.0,0
778903196159755683,2026-07,131.49,126.0,1.0,0
778903196159755683,2026-08,164.36,126.0,1.0,0
778903196159755683,2026-09,163.8,126.0,1.0,0
778903196159755683,2026-10,164.77,126.0,1.0,0
779979538074932538,2025-10,61.8,48.0,0.0,5
779979538074932538,2025-11,50.16,48.0,0.0,30
779979538074932538,2025-12,49.86,48.0,0.0,31
779979538074932538,2026-01,42.77,48.0,0.0,31
779979538074932538,2026-02,42.55,48.0,0.0,28
779979538074932538,2026-03,42.38,48.0,0.0,31
779979538074932538,2026-04,49.92,48.0,0.0,30
779979538074932538,2026-05,50.32,48.0,0.0,31
779979538074932538,2026-06,49.92,48.0,0.0,30
779979538074932538,2026-07,50.09,48.0,0.0,31
779979538074932538,2026-08,62.61,48.0,0.0,31
779979538074932538,2026-09,62.4,48.0,0.0,30
779979538074932538,2026-10,62.77,48.0,0.0,26
783431734002376742,2025-10,45.06,35.0,1.0,0
783431734002376742,2025-11,36.58,35.0,0.9,3
783431734002376742,2025-12,36.35,35.0,0.29,22
783431734002376742,2026-01,31.19,35.0,0.06,29
783431734002376742,2026-02,31.02,35.0,0.0,28
783431734002376742,2026-03,30.9,35.0,0.0,31
783431734002376742,2026-04,36.4,35.0,0.0,30
783431734002376742,2026-05,36.69,35.0,0.0,31
783431734002376742,2026-06,36.4,35.0,0.0,30
783431734002376742,2026-07,36.52,35.0,0.0,31
783431734002376742,2026-08,45.65,35.0,0.0,31
783431734002376742,2026-09,45.5,35.0,0.0,30
783431734002376742,2026-10,45.77,35.0,0.0,26
785755919729753096,2025-10,309.0,240.0,0.0,5
785755919729753096,2025-11,250.8,240.0,0.13,26
785755919729753096,2025-12,249.29,240.0,0.16,26
785755919729753096,2026-01,213.87,240.0,0.0,31
785755919729753096,2026-02,212.74,240.0,0.0,28
785755919729753096,2026-03,211.9,240.0,0.0,31
785755919729753096,2026-04,249.6,240.0,0.0,30
785755919729753096,2026-05,251.61,240.0,0.0,31
785755919729753096,2026-06,249.6,240.0,0.0,30
785755919729753096,2026-07,250.45,240.0,0.0,31
785755919729753096,2026-08,313.06,240.0,0.0,31
785755919729753096,2026-09,312.0,240.0,0.0,30
785755919729753096,2026-10,313.85,240.0,0.0,26
787930932893070551,2025-10,87.55,68.0,1.0,0
787930932893070551,2025-11,71.06,68.0,0.97,1
787930932893070551,2025-12,70.63,68.0,1.0,0
787930932893070551,2026-01,60.6,68.0,0.1,28
787930932893070551,2026-02,60.28,68.0,0.0,28
787930932893070551,2026-03,60.04,68.0,0.0,31
787930932893070551,2026-04,70.72,68.0,0.2,24
787930932893070551,2026-05,71.29,68.0,1.0,0
787930932893070551,2026-06,70.72,68.0,1.0,0
787930932893070551,2026-07,70.96,68.0,1.0,0
787930932893070551,2026-08,88.7,68.0,1.0,0
787930932893070551,2026-09,88.4,68.0,1.0,0
787930932893070551,2026-10,88.92,68.0,1.0,0
791206741963915976,2025-10,162.22,126.0,0.8,1
791206741963915976,2025-11,131.67,126.0,0.23,23
791206741963915976,2025-12,130.88,126.0,0.13,27
791206741963915976,2026-01,112.28,126.0,0.0,31
791206741963915976,2026-02,111.69,126.0,0.0,28
791206741963915976,2026-03,111.24,126.0,0.0,31
791206741963915976,2026-04,131.04,126.0,0.0,30
791206741963915976,2026-05,132.1,126.0,0.1,28
791206741963915976,2026-06,131.04,126.0,0.0,30
791206741963915976,2026-07,131.49,126.0,0.0,31
791206741963915976,2026-08,164.36,126.0,0.0,31
791206741963915976,2026-09,163.8,126.0,0.0,30
791206741963915976,2026-10,164.77,126.0,0.0,26
795650940576597608,2025-10,110.72,86.0,0.2,4
795650940576597608,2025-11,89.87,86.0,0.0,30
795650940576597608,2025-12,89.33,86.0,0.0,31
795650940576597608,2026-01,76.64,86.0,0.23,24
795650940576597608,2026-02,76.23,86.0,1.0,0
795650940576597608,2026-03,75.93,86.0,1.0,0
795650940576597608,2026-04,89.44,86.0,1.0,0
795650940576597608,2026-05,90.16,86.0,1.0,0
795650940576597608,2026-06,89.44,86.0,1.0,0
795650940576597608,2026-07,89.75,86.0,1.0,0
795650940576597608,2026-08,112.18,86.0,1.0,0
795650940576597608,2026-09,111.8,86.0,1.0,0
795650940576597608,2026-10,112.46,86.0,1.0,0
797291312412532495,2025-10,110.72,86.0,1.0,0
797291312412532495,2025-11,89.87,86.0,0.33,20
797291312412532495,2025-12,89.33,86.0,0.0,31
797291312412532495,2026-01,76.64,86.0,0.0,31
797291312412532495,2026-02,76.23,86.0,0.0,28
797291312412532495,2026-03,75.93,86.0,0.0,31
797291312412532495,2026-04,89.44,86.0,1.0,0
797291312412532495,2026-05,90.16,86.0,0.68,10
797291312412532495,2026-06,89.44,86.0,0.0,30
797291312412532495,2026-07,89.75,86.0,0.13,27
797291312412532495,2026-08,112.18,86.0,1.0,0
797291312412532495,2026-09,111.8,86.0,1.0,0
797291312412532495,2026-10,112.46,86.0,1.0,0
798618165648526816,2025-10,96.56,75.0,1.0,0
798618165648526816,2025-11,78.38,75.0,0.3,21
798618165648526816,2025-12,77.9,75.0,0.9,3
798618165648526816,2026-01,66.83,75.0,0.0,31
798618165648526816,2026-02,66.48,75.0,0.0,28
798618165648526816,2026-03,66.22,75.0,0.0,31
798618165648526816,2026-04,78.0,75.0,0.0,30
798618165648526816,2026-05,78.63,75.0,0.0,31
798618165648526816,2026-06,78.0,75.0,0.0,30
798618165648526816,2026-07,78.27,75.0,0.0,31
798618165648526816,2026-08,97.83,75.0,0.0,31
798618165648526816,2026-09,97.5,75.0,0.0,30
798618165648526816,2026-10,98.08,75.0,0.0,26
799515493783525274,2025-10,270.37,210.0,0.0,5
799515493783525274,2025-11,219.45,210.0,0.17,25
799515493783525274,2025-12,218.13,210.0,0.0,31
799515493783525274,2026-01,187.14,210.0,0.0,31
799515493783525274,2026-02,186.15,210.0,0.0,28
799515493783525274,2026-03,185.41,210.0,0.0,31
799515493783525274,2026-04,218.4,210.0,0.0,30
799515493783525274,2026-05,220.16,210.0,0.16,26
799515493783525274,2026-06,218.4,210.0,0.0,30
799515493783525274,2026-07,219.15,210.0,0.26,23
799515493783525274,2026-08,273.93,210.0,1.0,0
799515493783525274,2026-09,273.0,210.0,1.0,0
799515493783525274,2026-10,274.61,210.0,1.0,0
799547154124017065,2025-10,221.45,172.0,1.0,0
799547154124017065,2025-11,179.74,172.0,0.97,1
799547154124017065,2025-12,178.66,172.0,0.13,27
799547154124017065,2026-01,153.27,172.0,1.0,0
799547154124017065,2026-02,152.47,172.0,1.0,0
799547154124017065,2026-03,151.86,172.0,1.0,0
799547154124017065,2026-04,178.88,172.0,1.0,0
799547154124017065,2026-05,180.32,172.0,1.0,0
799547154124017065,2026-06,178.88,172.0,1.0,0
799547154124017065,2026-07,179.49,172.0,1.0,0
799547154124017065,2026-08,224.36,172.0,1.0,0
799547154124017065,2026-09,223.6,172.0,1.0,0
799547154124017065,2026-10,224.92,172.0,1.0,0
799547356571701257,2025-10,130.04,101.0,0.0,5
799547356571701257,2025-11,105.54,101.0,0.03,29
799547356571701257,2025-12,104.91,101.0,0.0,31
799547356571701257,2026-01,90.0,101.0,1.0,0
799547356571701257,2026-02,89.53,101.0,1.0,0
799547356571701257,2026-03,89.17,101.0,1.0,0
799547356571701257,2026-04,105.04,101.0,1.0,0
799547356571701257,2026-05,105.89,101.0,1.0,0
799547356571701257,2026-06,105.04,101.0,1.0,0
799547356571701257,2026-07,105.4,101.0,1.0,0
799547356571701257,2026-08,131.75,101.0,1.0,0
799547356571701257,2026-09,131.3,101.0,1.0,0
799547356571701257,2026-10,132.08,101.0,1.0,0
802221688442211411,2025-10,588.39,457.0,0.2,4
802221688442211411,2025-11,477.56,457.0,0.33,20
802221688442211411,2025-12,474.69,457.0,0.23,24
802221688442211411,2026-01,407.25,457.0,0.0,31
802221688442211411,2026-02,405.1,457.0,0.0,28
802221688442211411,2026-03,403.49,457.0,0.0,31
802221688442211411,2026-04,475.28,457.0,0.0,30
802221688442211411,2026-05,479.11,457.0,0.13,27
802221688442211411,2026-06,475.28,457.0,0.2,24
802221688442211411,2026-07,476.9,457.0,0.06,29
802221688442211411,2026-08,596.13,457.0,0.0,31
802221688442211411,2026-09,594.1,457.0,0.0,30
802221688442211411,2026-10,597.62,457.0,0.23,20
806418530281303037,2025-10,175.1,136.0,1.0,0
806418530281303037,2025-11,142.12,136.0,1.0,0
806418530281303037,2025-12,141.26,136.0,0.77,7
806418530281303037,2026-01,121.19,136.0,0.0,31
806418530281303037,2026-02,120.55,136.0,0.0,28
806418530281303037,2026-03,120.07,136.0,0.0,31
806418530281303037,2026-04,141.44,136.0,0.0,30
806418530281303037,2026-05,142.58,136.0,0.0,31
806418530281303037,2026-06,141.44,136.0,0.0,30
806418530281303037,2026-07,141.92,136.0,0.0,31
806418530281303037,2026-08,177.4,136.0,0.0,31
806418530281303037,2026-09,176.8,136.0,0.0,30
806418530281303037,2026-10,177.85,136.0,0.0,26
809678798551062333,2025-10,137.76,107.0,0.2,4
809678798551062333,2025-11,111.82,107.0,0.0,30
809678798551062333,2025-12,111.14,107.0,0.16,26
809678798551062333,2026-01,95.35,107.0,0.0,31
809678798551062333,2026-02,94.85,107.0,0.0,28
809678798551062333,2026-03,94.47,107.0,0.0,31
809678798551062333,2026-04,111.28,107.0,0.2,24
809678798551062333,2026-05,112.18,107.0,1.0,0
809678798551062333,2026-06,111.28,107.0,1.0,0
809678798551062333,2026-07,111.66,107.0,1.0,0
809678798551062333,2026-08,139.57,107.0,1.0,0
809678798551062333,2026-09,139.1,107.0,1.0,0
809678798551062333,2026-10,139.92,107.0,1.0,0
811484575948098997,2025-10,287.11,223.0,0.8,1
811484575948098997,2025-11,233.04,223.0,0.27,22
811484575948098997,2025-12,231.63,223.0,0.0,31
811484575948098997,2026-01,198.72,223.0,0.87,4
811484575948098997,2026-02,197.67,223.0,1.0,0
811484575948098997,2026-03,196.89,223.0,1.0,0
811484575948098997,2026-04,231.92,223.0,0.13,26
811484575948098997,2026-05,233.79,223.0,0.16,26
811484575948098997,2026-06,231.92,223.0,0.0,30
811484575948098997,2026-07,232.71,223.0,0.0,31
811484575948098997,2026-08,290.89,223.0,0.0,31
811484575948098997,2026-09,289.9,223.0,0.0,30
811484575948098997,2026-10,291.61,223.0,0.0,26
811547681524864922,2025-10,198.28,154.0,0.2,4
811547681524864922,2025-11,160.93,154.0,0.2,24
811547681524864922,2025-12,159.96,154.0,0.26,23
811547681524864922,2026-01,137.23,154.0,0.0,31
811547681524864922,2026-02,136.51,154.0,0.0,28
811547681524864922,2026-03,135.97,154.0,0.0,31
811547681524864922,2026-04,160.16,154.0,0.0,30
811547681524864922,2026-05,161.45,154.0,0.1,28
811547681524864922,2026-06,160.16,154.0,0.0,30
811547681524864922,2026-07,160.71,154.0,0.0,31
811547681524864922,2026-08,200.88,154.0,0.0,31
811547681524864922,2026-09,200.2,154.0,0.0,30
811547681524864922,2026-10,201.39,154.0,0.0,26
823810836627309586,2025-10,,,0.4,3
823810836627309586,2025-11,,,0.0,30
823810836627309586,2025-12,,,0.0,31
823810836627309586,2026-01,,,0.0,31
823810836627309586,2026-02,,,0.0,28
823810836627309586,2026-03,,,0.0,31
823810836627309586,2026-04,,,0.2,24
823810836627309586,2026-05,,,1.0,0
823810836627309586,2026-06,,,1.0,0
823810836627309586,2026-07,,,1.0,0
823810836627309586,2026-08,,,1.0,0
823810836627309586,2026-09,,,1.0,0
823810836627309586,2026-10,,,1.0,0
824696057635471357,2025-10,289.69,225.0,0.0,5
824696057635471357,2025-11,235.12,225.0,0.2,24
824696057635471357,2025-12,233.71,225.0,0.0,31
824696057635471357,2026-01,200.5,225.0,0.0,31
824696057635471357,2026-02,199.45,225.0,0.0,28
824696057635471357,2026-03,198.65,225.0,0.0,31
824696057635471357,2026-04,234.0,225.0,0.0,30
824696057635471357,2026-05,235.89,225.0,0.35,20
824696057635471357,2026-06,234.0,225.0,0.0,30
824696057635471357,2026-07,234.8,225.0,0.26,23
824696057635471357,2026-08,293.5,225.0,1.0,0
824696057635471357,2026-09,292.5,225.0,1.0,0
824696057635471357,2026-10,294.23,225.0,1.0,0
827198436730767781,2025-10,508.56,395.0,0.2,4
827198436730767781,2025-11,412.78,395.0,0.0,30
827198436730767781,2025-12,410.29,395.0,0.0,31
827198436730767781,2026-01,352.0,395.0,0.0,31
827198436730767781,2026-02,350.14,395.0,0.0,28
827198436730767781,2026-03,348.75,395.0,0.0,31
827198436730767781,2026-04,410.8,395.0,0.0,30
827198436730767781,2026-05,414.11,395.0,0.0,31
827198436730767781,2026-06,410.8,395.0,0.0,30
827198436730767781,2026-07,412.2,395.0,0.0,31
827198436730767781,2026-08,515.25,395.0,0.0,31
827198436730767781,2026-09,513.5,395.0,0.0,30
827198436730767781,2026-10,516.54,395.0,0.0,26
827791445027934321,2025-10,97.85,76.0,0.0,5
827791445027934321,2025-11,79.42,76.0,0.0,30
827791445027934321,2025-12,78.94,76.0,0.0,31
827791445027934321,2026-01,67.73,76.0,0.0,31
827791445027934321,2026-02,67.37,76.0,0.0,28
827791445027934321,2026-03,67.1,76.0,0.0,31
827791445027934321,2026-04,79.04,76.0,0.2,24
827791445027934321,2026-05,79.68,76.0,1.0,0
827791445027934321,2026-06,79.04,76.0,1.0,0
827791445027934321,2026-07,79.31,76.0,1.0,0
827791445027934321,2026-08,99.14,76.0,1.0,0
827791445027934321,2026-09,98.8,76.0,1.0,0
827791445027934321,2026-10,99.38,76.0,1.0,0
827801209117928115,2025-10,123.6,96.0,0.2,4
827801209117928115,2025-11,100.32,96.0,0.17,25
827801209117928115,2025-12,99.72,96.0,0.1,28
827801209117928115,2026-01,85.55,96.0,0.0,31
827801209117928115,2026-02,85.1,96.0,0.0,28
827801209117928115,2026-03,84.76,96.0,0.0,31
827801209117928115,2026-04,99.84,96.0,0.0,30
827801209117928115,2026-05,100.65,96.0,0.1,28
827801209117928115,2026-06,99.84,96.0,0.0,30
827801209117928115,2026-07,100.18,96.0,0.0,31
827801209117928115,2026-08,125.23,96.0,0.0,31
827801209117928115,2026-09,124.8,96.0,0.0,30
827801209117928115,2026-10,125.54,96.0,0.0,26
827805373728010190,2025-10,106.86,83.0,1.0,0
827805373728010190,2025-11,86.74,83.0,1.0,0
827805373728010190,2025-12,86.21,83.0,1.0,0
827805373728010190,2026-01,73.96,83.0,0.16,26
827805373728010190,2026-02,73.57,83.0,0.0,28
827805373728010190,2026-03,73.28,83.0,0.0,31
827805373728010190,2026-04,86.32,83.0,0.0,30
827805373728010190,2026-05,87.02,83.0,0.0,31
827805373728010190,2026-06,86.32,83.0,0.0,30
827805373728010190,2026-07,86.61,83.0,0.0,31
827805373728010190,2026-08,108.27,83.0,0.0,31
827805373728010190,2026-09,107.9,83.0,0.0,30
827805373728010190,2026-10,108.54,83.0,0.0,26
827806392328599374,2025-10,106.86,83.0,0.8,1
827806392328599374,2025-11,86.74,83.0,1.0,0
827806392328599374,2025-12,86.21,83.0,1.0,0
827806392328599374,2026-01,73.96,83.0,0.97,1
827806392328599374,2026-02,73.57,83.0,0.0,28
827806392328599374,2026-03,73.28,83.0,0.0,31
827806392328599374,2026-04,86.32,83.0,0.0,30
827806392328599374,2026-05,87.02,83.0,0.1,28
827806392328599374,2026-06,86.32,83.0,0.0,30
827806392328599374,2026-07,86.61,83.0,0.0,31
827806392328599374,2026-08,108.27,83.0,0.0,31
827806392328599374,2026-09,107.9,83.0,0.0,30
827806392328599374,2026-10,108.54,83.0,0.0,26
827808457975407038,2025-10,,,1.0,0
827808457975407038,2025-11,,,1.0,0
827808457975407038,2025-12,,,1.0,0
827808457975407038,2026-01,,,1.0,0
827808457975407038,2026-02,,,1.0,0
827808457975407038,2026-03,,,1.0,0
827808457975407038,2026-04,,,1.0,0
827808457975407038,2026-05,,,0.68,10
827808457975407038,2026-06,,,0.0,30
827808457975407038,2026-07,,,0.0,31
827808457975407038,2026-08,,,0.0,31
827808457975407038,2026-09,,,0.0,30
827808457975407038,2026-10,,,0.0,26
828232657977870293,2025-10,247.2,192.0,0.8,1
828232657977870293,2025-11,200.64,192.0,0.23,23
828232657977870293,2025-12,199.43,192.0,0.23,24
828232657977870293,2026-01,171.1,192.0,0.0,31
828232657977870293,2026-02,170.19,192.0,0.0,28
828232657977870293,2026-03,169.52,192.0,0.0,31
828232657977870293,2026-04,199.68,192.0,0.0,30
828232657977870293,2026-05,201.29,192.0,0.32,21
828232657977870293,2026-06,199.68,192.0,0.57,13
828232657977870293,2026-07,200.36,192.0,0.61,12
828232657977870293,2026-08,250.45,192.0,0.0,31
828232657977870293,2026-09,249.6,192.0,0.0,30
828232657977870293,2026-10,251.08,192.0,0.0,26
828300108102248357,2025-10,112.01,87.0,0.0,5
828300108102248357,2025-11,90.92,87.0,0.0,30
828300108102248357,2025-12,90.37,87.0,0.0,31
828300108102248357,2026-01,77.53,87.0,0.0,31
828300108102248357,2026-02,77.12,87.0,0.0,28
828300108102248357,2026-03,76.81,87.0,0.0,31
828300108102248357,2026-04,90.48,87.0,0.2,24
828300108102248357,2026-05,91.21,87.0,1.0,0
828300108102248357,2026-06,90.48,87.0,1.0,0
828300108102248357,2026-07,90.79,87.0,1.0,0
828300108102248357,2026-08,113.49,87.0,1.0,0
828300108102248357,2026-09,113.1,87.0,1.0,0
828300108102248357,2026-10,113.77,87.0,1.0,0
829129267210283087,2025-10,148.06,115.0,0.0,5
829129267210283087,2025-11,120.18,115.0,0.0,30
829129267210283087,2025-12,119.45,115.0,0.0,31
829129267210283087,2026-01,102.48,115.0,0.0,31
829129267210283087,2026-02,101.94,115.0,0.0,28
829129267210283087,2026-03,101.53,115.0,0.0,31
829129267210283087,2026-04,119.6,115.0,0.2,24
829129267210283087,2026-05,120.56,115.0,1.0,0
829129267210283087,2026-06,119.6,115.0,1.0,0
829129267210283087,2026-07,120.01,115.0,1.0,0
829129267210283087,2026-08,150.01,115.0,1.0,0
829129267210283087,2026-09,149.5,115.0,1.0,0
829129267210283087,2026-10,150.38,115.0,1.0,0
829201935100198803,2025-10,88.84,69.0,0.6,2
829201935100198803,2025-11,72.1,69.0,0.0,30
829201935100198803,2025-12,71.67,69.0,0.0,31
829201935100198803,2026-01,61.49,69.0,0.0,31
829201935100198803,2026-02,61.16,69.0,0.0,28
829201935100198803,2026-03,60.92,69.0,0.0,31
829201935100198803,2026-04,71.76,69.0,0.2,24
829201935100198803,2026-05,72.34,69.0,1.0,0
829201935100198803,2026-06,71.76,69.0,1.0,0
829201935100198803,2026-07,72.0,69.0,1.0,0
829201935100198803,2026-08,90.01,69.0,1.0,0
829201935100198803,2026-09,89.7,69.0,1.0,0
829201935100198803,2026-10,90.23,69.0,1.0,0
829230504669792389,2025-10,119.74,93.0,1.0,0
829230504669792389,2025-11,97.18,93.0,0.47,16
829230504669792389,2025-12,96.6,93.0,0.0,31
829230504669792389,2026-01,82.88,93.0,0.0,31
829230504669792389,2026-02,82.44,93.0,0.0,28
829230504669792389,2026-03,82.11,93.0,0.0,31
829230504669792389,2026-04,96.72,93.0,0.2,24
829230504669792389,2026-05,97.5,93.0,1.0,0
829230504669792389,2026-06,96.72,93.0,1.0,0
829230504669792389,2026-07,97.05,93.0,1.0,0
829230504669792389,2026-08,121.31,93.0,1.0,0
829230504669792389,2026-09,120.9,93.0,1.0,0
829230504669792389,2026-10,121.62,93.0,1.0,0
831297838040006529,2025-10,162.22,126.0,0.2,4
831297838040006529,2025-11,131.67,126.0,0.0,30
831297838040006529,2025-12,130.88,126.0,0.0,31
831297838040006529,2026-01,112.28,126.0,0.1,28
831297838040006529,2026-02,111.69,126.0,0.0,28
831297838040006529,2026-03,111.24,126.0,0.0,31
831297838040006529,2026-04,131.04,126.0,0.2,24
831297838040006529,2026-05,132.1,126.0,1.0,0
831297838040006529,2026-06,131.04,126.0,1.0,0
831297838040006529,2026-07,131.49,126.0,1.0,0
831297838040006529,2026-08,164.36,126.0,1.0,0
831297838040006529,2026-09,163.8,126.0,1.0,0
831297838040006529,2026-10,164.77,126.0,1.0,0
834223580560535923,2025-10,114.59,89.0,0.0,5
834223580560535923,2025-11,93.01,89.0,0.0,30
834223580560535923,2025-12,92.45,89.0,0.0,31
834223580560535923,2026-01,79.31,89.0,0.23,24
834223580560535923,2026-02,78.89,89.0,1.0,0
834223580560535923,2026-03,78.58,89.0,1.0,0
834223580560535923,2026-04,92.56,89.0,1.0,0
834223580560535923,2026-05,93.31,89.0,1.0,0
834223580560535923,2026-06,92.56,89.0,1.0,0
834223580560535923,2026-07,92.88,89.0,1.0,0
834223580560535923,2026-08,116.1,89.0,1.0,0
834223580560535923,2026-09,115.7,89.0,1.0,0
834223580560535923,2026-10,116.39,89.0,1.0,0
836127702807756580,2025-10,249.78,194.0,1.0,0
836127702807756580,2025-11,202.73,194.0,0.63,11
836127702807756580,2025-12,201.51,194.0,0.23,24
836127702807756580,2026-01,172.88,194.0,0.16,26
836127702807756580,2026-02,171.97,194.0,0.0,28
836127702807756580,2026-03,171.28,194.0,0.0,31
836127702807756580,2026-04,201.76,194.0,0.0,30
836127702807756580,2026-05,203.39,194.0,1.0,0
836127702807756580,2026-06,201.76,194.0,1.0,0
836127702807756580,2026-07,202.45,194.0,1.0,0
836127702807756580,2026-08,253.06,194.0,0.0,31
836127702807756580,2026-09,252.2,194.0,1.0,0
836127702807756580,2026-10,253.69,194.0,1.0,0
836341995473193316,2025-10,178.96,139.0,1.0,0
836341995473193316,2025-11,145.26,139.0,1.0,0
836341995473193316,2025-12,144.38,139.0,0.77,7
836341995473193316,2026-01,123.87,139.0,0.03,30
836341995473193316,2026-02,123.21,139.0,0.0,28
836341995473193316,2026-03,122.72,139.0,0.0,31
836341995473193316,2026-04,144.56,139.0,0.2,24
836341995473193316,2026-05,145.73,139.0,1.0,0
836341995473193316,2026-06,144.56,139.0,1.0,0
836341995473193316,2026-07,145.05,139.0,1.0,0
836341995473193316,2026-08,181.32,139.0,1.0,0
836341995473193316,2026-09,180.7,139.0,1.0,0
836341995473193316,2026-10,181.77,139.0,1.0,0
837073329150295884,2025-10,106.86,83.0,0.2,4
837073329150295884,2025-11,86.74,83.0,0.0,30
837073329150295884,2025-12,86.21,83.0,0.0,31
837073329150295884,2026-01,73.96,83.0,0.0,31
837073329150295884,2026-02,73.57,83.0,0.0,28
837073329150295884,2026-03,73.28,83.0,0.0,31
837073329150295884,2026-04,86.32,83.0,0.0,30
837073329150295884,2026-05,87.02,83.0,0.0,31
837073329150295884,2026-06,86.32,83.0,0.0,30
837073329150295884,2026-07,86.61,83.0,0.0,31
837073329150295884,2026-08,108.27,83.0,0.0,31
837073329150295884,2026-09,107.9,83.0,0.0,30
837073329150295884,2026-10,108.54,83.0,0.0,26
837073482565131041,2025-10,140.34,109.0,1.0,0
837073482565131041,2025-11,113.9,109.0,1.0,0
837073482565131041,2025-12,113.22,109.0,1.0,0
837073482565131041,2026-01,97.13,109.0,0.06,29
837073482565131041,2026-02,96.62,109.0,0.0,28
837073482565131041,2026-03,96.24,109.0,0.0,31
837073482565131041,2026-04,113.36,109.0,0.0,30
837073482565131041,2026-05,114.27,109.0,0.0,31
837073482565131041,2026-06,113.36,109.0,0.0,30
837073482565131041,2026-07,113.75,109.0,0.0,31
837073482565131041,2026-08,142.18,109.0,0.0,31
837073482565131041,2026-09,141.7,109.0,0.0,30
837073482565131041,2026-10,142.54,109.0,0.0,26
837073826506450725,2025-10,68.24,53.0,1.0,0
837073826506450725,2025-11,55.38,53.0,1.0,0
837073826506450725,2025-12,55.05,53.0,1.0,0
837073826506450725,2026-01,47.23,53.0,1.0,0
837073826506450725,2026-02,46.98,53.0,1.0,0
837073826506450725,2026-03,46.79,53.0,1.0,0
837073826506450725,2026-04,55.12,53.0,1.0,0
837073826506450725,2026-05,55.56,53.0,1.0,0
837073826506450725,2026-06,55.12,53.0,0.0,30
837073826506450725,2026-07,55.31,53.0,0.0,31
837073826506450725,2026-08,69.14,53.0,0.0,31
837073826506450725,2026-09,68.9,53.0,0.0,30
837073826506450725,2026-10,69.31,53.0,0.0,26
837193191967200570,2025-10,,,1.0,0
837193191967200570,2025-11,,,1.0,0
837193191967200570,2025-12,,,1.0,0
837193191967200570,2026-01,,,0.16,26
837193191967200570,2026-02,,,0.0,28
837193191967200570,2026-03,,,0.0,31
837193191967200570,2026-04,,,0.0,30
837193191967200570,2026-05,,,0.0,31
837193191967200570,2026-06,,,0.0,30
837193191967200570,2026-07,,,0.0,31
837193191967200570,2026-08,,,0.0,31
837193191967200570,2026-09,,,0.0,30
837193191967200570,2026-10,,,0.0,26
839707915579374279,2025-10,141.62,110.0,0.4,3
839707915579374279,2025-11,114.95,110.0,0.0,30
839707915579374279,2025-12,114.26,110.0,0.0,31
839707915579374279,2026-01,98.02,110.0,0.0,31
839707915579374279,2026-02,97.51,110.0,0.0,28
839707915579374279,2026-03,97.12,110.0,0.0,31
839707915579374279,2026-04,114.4,110.0,0.0,30
839707915579374279,2026-05,115.32,110.0,0.0,31
839707915579374279,2026-06,114.4,110.0,0.13,26
839707915579374279,2026-07,114.79,110.0,0.0,31
839707915579374279,2026-08,143.49,110.0,0.0,31
839707915579374279,2026-09,143.0,110.0,0.0,30
839707915579374279,2026-10,143.84,110.0,0.0,26
842596412087849937,2025-10,552.34,429.0,0.2,4
842596412087849937,2025-11,448.3,429.0,0.1,27
842596412087849937,2025-12,445.61,429.0,0.0,31
842596412087849937,2026-01,382.3,429.0,0.0,31
842596412087849937,2026-02,380.28,429.0,0.0,28
842596412087849937,2026-03,378.77,429.0,0.0,31
842596412087849937,2026-04,446.16,429.0,0.0,30
842596412087849937,2026-05,449.76,429.0,0.0,31
842596412087849937,2026-06,446.16,429.0,0.0,30
842596412087849937,2026-07,447.68,429.0,0.0,31
842596412087849937,2026-08,559.6,429.0,0.0,31
842596412087849937,2026-09,557.7,429.0,0.0,30
842596412087849937,2026-10,561.0,429.0,0.0,26
842626243641773578,2025-10,240.76,187.0,0.0,5
842626243641773578,2025-11,195.42,187.0,0.4,18
842626243641773578,2025-12,194.24,187.0,0.06,29
842626243641773578,2026-01,166.64,187.0,0.0,31
842626243641773578,2026-02,165.76,187.0,0.0,28
842626243641773578,2026-03,165.1,187.0,0.0,31
842626243641773578,2026-04,194.48,187.0,0.0,30
842626243641773578,2026-05,196.05,187.0,0.19,25
842626243641773578,2026-06,194.48,187.0,0.2,24
842626243641773578,2026-07,195.14,187.0,0.0,31
842626243641773578,2026-08,243.93,187.0,0.0,31
842626243641773578,2026-09,243.1,187.0,0.0,30
842626243641773578,2026-10,244.54,187.0,0.0,26
843474403200283460,2025-10,29.61,23.0,1.0,0
843474403200283460,2025-11,24.04,23.0,0.2,24
843474403200283460,2025-12,23.89,23.0,0.0,31
843474403200283460,2026-01,20.5,23.0,0.0,31
843474403200283460,2026-02,20.39,23.0,0.0,28
843474403200283460,2026-03,20.31,23.0,0.0,31
843474403200283460,2026-04,23.92,23.0,0.2,24
843474403200283460,2026-05,24.11,23.0,1.0,0
843474403200283460,2026-06,23.92,23.0,1.0,0
843474403200283460,2026-07,24.0,23.0,1.0,0
843474403200283460,2026-08,30.0,23.0,1.0,0
843474403200283460,2026-09,29.9,23.0,1.0,0
843474403200283460,2026-10,30.08,23.0,1.0,0
844146397031324702,2025-10,50.21,39.0,1.0,0
844146397031324702,2025-11,40.76,39.0,0.0,30
844146397031324702,2025-12,40.51,39.0,0.0,31
844146397031324702,2026-01,34.75,39.0,0.23,24
844146397031324702,2026-02,34.57,39.0,1.0,0
844146397031324702,2026-03,34.43,39.0,1.0,0
844146397031324702,2026-04,40.56,39.0,1.0,0
844146397031324702,2026-05,40.89,39.0,1.0,0
844146397031324702,2026-06,40.56,39.0,1.0,0
844146397031324702,2026-07,40.7,39.0,1.0,0
844146397031324702,2026-08,50.87,39.0,1.0,0
844146397031324702,2026-09,50.7,39.0,1.0,0
844146397031324702,2026-10,51.0,39.0,1.0,0
844289940133915503,2025-10,,,0.0,5
844289940133915503,2025-11,,,0.0,30
844289940133915503,2025-12,,,0.0,31
844289940133915503,2026-01,,,0.0,31
844289940133915503,2026-02,,,0.0,28
844289940133915503,2026-03,,,0.0,31
844289940133915503,2026-04,,,0.0,30
844289940133915503,2026-05,,,0.0,31
844289940133915503,2026-06,,,0.0,30
844289940133915503,2026-07,,,0.0,31
844289940133915503,2026-08,,,0.0,31
844289940133915503,2026-09,,,0.0,30
844289940133915503,2026-10,,,0.0,26
844718466529231180,2025-10,,,1.0,0
844718466529231180,2025-11,,,1.0,0
844718466529231180,2025-12,,,1.0,0
844718466529231180,2026-01,,,1.0,0
844718466529231180,2026-02,,,1.0,0
844718466529231180,2026-03,,,0.97,1
844718466529231180,2026-04,,,0.0,30
844718466529231180,2026-05,,,0.0,31
844718466529231180,2026-06,,,0.0,30
844718466529231180,2026-07,,,0.26,23
844718466529231180,2026-08,,,1.0,0
844718466529231180,2026-09,,,1.0,0
844718466529231180,2026-10,,,1.0,0
846396694662598522,2025-10,204.71,159.0,0.6,2
846396694662598522,2025-11,166.16,159.0,0.2,24
846396694662598522,2025-12,165.15,159.0,0.0,31
846396694662598522,2026-01,141.69,159.0,0.0,31
846396694662598522,2026-02,140.94,159.0,0.0,28
846396694662598522,2026-03,140.38,159.0,0.0,31
846396694662598522,2026-04,165.36,159.0,0.0,30
846396694662598522,2026-05,166.69,159.0,0.0,31
846396694662598522,2026-06,165.36,159.0,0.0,30
846396694662598522,2026-07,165.92,159.0,0.26,23
846396694662598522,2026-08,207.4,159.0,1.0,0
846396694662598522,2026-09,206.7,159.0,1.0,0
846396694662598522,2026-10,207.92,159.0,1.0,0
847164207750845476,2025-10,346.34,269.0,1.0,0
847164207750845476,2025-11,281.1,269.0,0.97,1
847164207750845476,2025-12,279.41,269.0,0.61,12
847164207750845476,2026-01,239.71,269.0,0.0,31
847164207750845476,2026-02,238.45,269.0,0.0,28
847164207750845476,2026-03,237.5,269.0,0.0,31
847164207750845476,2026-04,279.76,269.0,0.0,30
847164207750845476,2026-05,282.02,269.0,0.0,31
847164207750845476,2026-06,279.76,269.0,0.0,30
847164207750845476,2026-07,280.71,269.0,0.26,23
847164207750845476,2026-08,350.89,269.0,1.0,0
847164207750845476,2026-09,349.7,269.0,1.0,0
847164207750845476,2026-10,351.77,269.0,1.0,0
848529333460997273,2025-10,48.92,38.0,0.2,4
848529333460997273,2025-11,39.71,38.0,0.0,30
848529333460997273,2025-12,39.47,38.0,0.0,31
848529333460997273,2026-01,33.86,38.0,0.0,31
848529333460997273,2026-02,33.68,38.0,0.0,28
848529333460997273,2026-03,33.55,38.0,0.0,31
848529333460997273,2026-04,39.52,38.0,0.0,30
848529333460997273,2026-05,39.84,38.0,0.0,31
848529333460997273,2026-06,39.52,38.0,0.0,30
848529333460997273,2026-07,39.65,38.0,0.0,31
848529333460997273,2026-08,49.57,38.0,0.0,31
848529333460997273,2026-09,49.4,38.0,0.0,30
848529333460997273,2026-10,49.69,38.0,0.0,26
849340104589638519,2025-10,148.06,115.0,0.0,5
849340104589638519,2025-11,120.18,115.0,0.33,20
849340104589638519,2025-12,119.45,115.0,0.0,31
849340104589638519,2026-01,102.48,115.0,0.0,31
849340104589638519,2026-02,101.94,115.0,0.0,28
849340104589638519,2026-03,101.53,115.0,0.0,31
849340104589638519,2026-04,119.6,115.0,0.0,30
849340104589638519,2026-05,120.56,115.0,0.0,31
849340104589638519,2026-06,119.6,115.0,0.0,30
849340104589638519,2026-07,120.01,115.0,0.26,23
849340104589638519,2026-08,150.01,115.0,1.0,0
849340104589638519,2026-09,149.5,115.0,1.0,0
849340104589638519,2026-10,150.38,115.0,1.0,0
853742200082892937,2025-10,,,0.4,3
853742200082892937,2025-11,,,0.5,15
853742200082892937,2025-12,,,0.26,23
853742200082892937,2026-01,,,0.0,31
853742200082892937,2026-02,,,0.0,28
853742200082892937,2026-03,,,0.0,31
853742200082892937,2026-04,,,0.0,30
853742200082892937,2026-05,,,0.0,31
853742200082892937,2026-06,,,0.0,30
853742200082892937,2026-07,,,0.0,31
853742200082892937,2026-08,,,0.0,31
853742200082892937,2026-09,,,0.0,30
853742200082892937,2026-10,,,0.0,26
855855725789352027,2025-10,281.96,219.0,0.6,2
855855725789352027,2025-11,228.86,219.0,0.53,14
855855725789352027,2025-12,227.48,219.0,0.26,23
855855725789352027,2026-01,195.16,219.0,0.1,28
855855725789352027,2026-02,194.13,219.0,0.0,28
855855725789352027,2026-03,193.36,219.0,0.0,31
855855725789352027,2026-04,227.76,219.0,0.0,30
855855725789352027,2026-05,229.6,219.0,0.16,26
855855725789352027,2026-06,227.76,219.0,0.0,30
855855725789352027,2026-07,228.54,219.0,0.0,31
855855725789352027,2026-08,285.67,219.0,0.06,29
855855725789352027,2026-09,284.7,219.0,0.0,30
855855725789352027,2026-10,286.38,219.0,0.08,24
858149717467037356,2025-10,173.81,135.0,1.0,0
858149717467037356,2025-11,141.07,135.0,0.97,1
858149717467037356,2025-12,140.23,135.0,0.0,31
858149717467037356,2026-01,120.3,135.0,0.0,31
858149717467037356,2026-02,119.67,135.0,0.0,28
858149717467037356,2026-03,119.19,135.0,0.0,31
858149717467037356,2026-04,140.4,135.0,0.2,24
858149717467037356,2026-05,141.53,135.0,1.0,0
858149717467037356,2026-06,140.4,135.0,1.0,0
858149717467037356,2026-07,140.88,135.0,1.0,0
858149717467037356,2026-08,176.1,135.0,1.0,0
858149717467037356,2026-09,175.5,135.0,1.0,0
858149717467037356,2026-10,176.54,135.0,1.0,0
860456157306742203,2025-10,262.65,204.0,1.0,0
860456157306742203,2025-11,213.18,204.0,0.3,21
860456157306742203,2025-12,211.9,204.0,0.0,31
860456157306742203,2026-01,181.79,204.0,0.0,31
860456157306742203,2026-02,180.83,204.0,0.0,28
860456157306742203,2026-03,180.11,204.0,0.0,31
860456157306742203,2026-04,212.16,204.0,0.2,24
860456157306742203,2026-05,213.87,204.0,1.0,0
860456157306742203,2026-06,212.16,204.0,1.0,0
860456157306742203,2026-07,212.88,204.0,1.0,0
860456157306742203,2026-08,266.1,204.0,1.0,0
860456157306742203,2026-09,265.2,204.0,1.0,0
860456157306742203,2026-10,266.77,204.0,1.0,0
861537570036120212,2025-10,,,1.0,0
861537570036120212,2025-11,,,1.0,0
861537570036120212,2025-12,,,1.0,0
861537570036120212,2026-01,,,1.0,0
861537570036120212,2026-02,,,1.0,0
861537570036120212,2026-03,,,1.0,0
861537570036120212,2026-04,,,1.0,0
861537570036120212,2026-05,,,1.0,0
861537570036120212,2026-06,,,1.0,0
861537570036120212,2026-07,,,1.0,0
861537570036120212,2026-08,,,1.0,0
861537570036120212,2026-09,,,1.0,0
861537570036120212,2026-10,,,1.0,0
861546093197749397,2025-10,,,1.0,0
861546093197749397,2025-11,,,1.0,0
861546093197749397,2025-12,,,1.0,0
861546093197749397,2026-01,,,1.0,0
861546093197749397,2026-02,,,1.0,0
861546093197749397,2026-03,,,1.0,0
861546093197749397,2026-04,,,1.0,0
861546093197749397,2026-05,,,1.0,0
861546093197749397,2026-06,,,1.0,0
861546093197749397,2026-07,,,1.0,0
861546093197749397,2026-08,,,1.0,0
861546093197749397,2026-09,,,1.0,0
861546093197749397,2026-10,,,1.0,0
862937433041930349,2025-10,,,1.0,0
862937433041930349,2025-11,,,1.0,0
862937433041930349,2025-12,,,1.0,0
862937433041930349,2026-01,,,1.0,0
862937433041930349,2026-02,,,1.0,0
862937433041930349,2026-03,,,1.0,0
862937433041930349,2026-04,,,1.0,0
862937433041930349,2026-05,,,1.0,0
862937433041930349,2026-06,,,1.0,0
862937433041930349,2026-07,,,1.0,0
862937433041930349,2026-08,,,1.0,0
862937433041930349,2026-09,,,1.0,0
862937433041930349,2026-10,,,1.0,0
863844892970037489,2025-10,46.35,36.0,0.6,2
863844892970037489,2025-11,37.62,36.0,0.07,28
863844892970037489,2025-12,37.39,36.0,0.0,31
863844892970037489,2026-01,32.08,36.0,0.0,31
863844892970037489,2026-02,31.91,36.0,0.0,28
863844892970037489,2026-03,31.78,36.0,0.0,31
863844892970037489,2026-04,37.44,36.0,0.0,30
863844892970037489,2026-05,37.74,36.0,0.0,31
863844892970037489,2026-06,37.44,36.0,0.0,30
863844892970037489,2026-07,37.57,36.0,0.26,23
863844892970037489,2026-08,46.96,36.0,1.0,0
863844892970037489,2026-09,46.8,36.0,1.0,0
863844892970037489,2026-10,47.08,36.0,1.0,0
864626553512085398,2025-10,43.77,34.0,1.0,0
864626553512085398,2025-11,35.53,34.0,0.97,1
864626553512085398,2025-12,35.32,34.0,0.0,31
864626553512085398,2026-01,30.3,34.0,0.0,31
864626553512085398,2026-02,30.14,34.0,0.0,28
864626553512085398,2026-03,30.02,34.0,0.0,31
864626553512085398,2026-04,35.36,34.0,0.0,30
864626553512085398,2026-05,35.65,34.0,0.0,31
864626553512085398,2026-06,35.36,34.0,0.0,30
864626553512085398,2026-07,35.48,34.0,0.26,23
864626553512085398,2026-08,44.35,34.0,1.0,0
864626553512085398,2026-09,44.2,34.0,1.0,0
864626553512085398,2026-10,44.46,34.0,1.0,0
865239004844679725,2025-10,177.68,138.0,1.0,0
865239004844679725,2025-11,144.21,138.0,0.97,1
865239004844679725,2025-12,143.34,138.0,0.0,31
865239004844679725,2026-01,122.97,138.0,0.23,24
865239004844679725,2026-02,122.33,138.0,1.0,0
865239004844679725,2026-03,121.84,138.0,1.0,0
865239004844679725,2026-04,143.52,138.0,1.0,0
865239004844679725,2026-05,144.68,138.0,1.0,0
865239004844679725,2026-06,143.52,138.0,1.0,0
865239004844679725,2026-07,144.01,138.0,1.0,0
865239004844679725,2026-08,180.01,138.0,1.0,0
865239004844679725,2026-09,179.4,138.0,1.0,0
865239004844679725,2026-10,180.46,138.0,1.0,0
865274341140619490,2025-10,131.32,102.0,0.8,1
865274341140619490,2025-11,106.59,102.0,0.43,17
865274341140619490,2025-12,105.95,102.0,0.0,31
865274341140619490,2026-01,90.89,102.0,0.0,31
865274341140619490,2026-02,90.41,102.0,0.0,28
865274341140619490,2026-03,90.05,102.0,0.0,31
865274341140619490,2026-04,106.08,102.0,0.2,24
865274341140619490,2026-05,106.94,102.0,1.0,0
865274341140619490,2026-06,106.08,102.0,1.0,0
865274341140619490,2026-07,106.44,102.0,1.0,0
865274341140619490,2026-08,133.05,102.0,1.0,0
865274341140619490,2026-09,132.6,102.0,1.0,0
865274341140619490,2026-10,133.38,102.0,1.0,0
866865651885840484,2025-10,115.87,90.0,1.0,0
866865651885840484,2025-11,94.05,90.0,0.43,17
866865651885840484,2025-12,93.48,90.0,0.0,31
866865651885840484,2026-01,80.2,90.0,0.23,24
866865651885840484,2026-02,79.78,90.0,1.0,0
866865651885840484,2026-03,79.46,90.0,1.0,0
866865651885840484,2026-04,93.6,90.0,1.0,0
866865651885840484,2026-05,94.35,90.0,1.0,0
866865651885840484,2026-06,93.6,90.0,1.0,0
866865651885840484,2026-07,93.92,90.0,1.0,0
866865651885840484,2026-08,117.4,90.0,1.0,0
866865651885840484,2026-09,117.0,90.0,1.0,0
866865651885840484,2026-10,117.69,90.0,1.0,0
867352724831329943,2025-10,,,0.2,4
867352724831329943,2025-11,,,0.0,30
867352724831329943,2025-12,,,0.0,31
867352724831329943,2026-01,,,0.0,31
867352724831329943,2026-02,,,0.0,28
867352724831329943,2026-03,,,0.0,31
867352724831329943,2026-04,,,0.0,30
867352724831329943,2026-05,,,0.0,31
867352724831329943,2026-06,,,0.0,30
867352724831329943,2026-07,,,0.0,31
867352724831329943,2026-08,,,0.0,31
867352724831329943,2026-09,,,0.0,30
867352724831329943,2026-10,,,0.0,26
868745501396089089,2025-10,1931.25,1500.0,0.4,3
868745501396089089,2025-11,1567.5,1500.0,0.0,30
868745501396089089,2025-12,1558.06,1500.0,0.0,31
868745501396089089,2026-01,1336.69,1500.0,0.0,31
868745501396089089,2026-02,1329.64,1500.0,0.0,28
868745501396089089,2026-03,1324.35,1500.0,0.0,31
868745501396089089,2026-04,1560.0,1500.0,0.0,30
868745501396089089,2026-05,1572.58,1500.0,0.0,31
868745501396089089,2026-06,1560.0,1500.0,0.0,30
868745501396089089,2026-07,1565.32,1500.0,0.0,31
868745501396089089,2026-08,1956.65,1500.0,0.0,31
868745501396089089,2026-09,1950.0,1500.0,0.0,30
868745501396089089,2026-10,1961.54,1500.0,0.0,26
869072730009058199,2025-10,,,1.0,0
869072730009058199,2025-11,,,1.0,0
869072730009058199,2025-12,,,1.0,0
869072730009058199,2026-01,,,1.0,0
869072730009058199,2026-02,,,1.0,0
869072730009058199,2026-03,,,1.0,0
869072730009058199,2026-04,,,1.0,0
869072730009058199,2026-05,,,1.0,0
869072730009058199,2026-06,,,1.0,0
869072730009058199,2026-07,,,1.0,0
869072730009058199,2026-08,,,1.0,0
869072730009058199,2026-09,,,1.0,0
869072730009058199,2026-10,,,1.0,0
876333522175705558,2025-10,204.71,159.0,1.0,0
876333522175705558,2025-11,166.16,159.0,0.7,9
876333522175705558,2025-12,165.15,159.0,0.03,30
876333522175705558,2026-01,141.69,159.0,0.0,31
876333522175705558,2026-02,140.94,159.0,0.0,28
876333522175705558,2026-03,140.38,159.0,0.0,31
876333522175705558,2026-04,165.36,159.0,0.0,30
876333522175705558,2026-05,166.69,159.0,0.0,31
876333522175705558,2026-06,165.36,159.0,0.0,30
876333522175705558,2026-07,165.92,159.0,0.0,31
876333522175705558,2026-08,207.4,159.0,0.0,31
876333522175705558,2026-09,206.7,159.0,0.3,21
876333522175705558,2026-10,207.92,159.0,1.0,0
876697884979775209,2025-10,110.72,86.0,0.2,4
876697884979775209,2025-11,89.87,86.0,0.33,20
876697884979775209,2025-12,89.33,86.0,0.0,31
876697884979775209,2026-01,76.64,86.0,0.23,24
876697884979775209,2026-02,76.23,86.0,1.0,0
876697884979775209,2026-03,75.93,86.0,1.0,0
876697884979775209,2026-04,89.44,86.0,1.0,0
876697884979775209,2026-05,90.16,86.0,1.0,0
876697884979775209,2026-06,89.44,86.0,1.0,0
876697884979775209,2026-07,89.75,86.0,1.0,0
876697884979775209,2026-08,112.18,86.0,1.0,0
876697884979775209,2026-09,111.8,86.0,1.0,0
876697884979775209,2026-10,112.46,86.0,1.0,0
876722369052154787,2025-10,234.32,182.0,0.0,5
876722369052154787,2025-11,190.19,182.0,0.47,16
876722369052154787,2025-12,189.05,182.0,0.19,25
876722369052154787,2026-01,162.18,182.0,0.45,17
876722369052154787,2026-02,161.33,182.0,0.82,5
876722369052154787,2026-03,160.69,182.0,0.0,31
876722369052154787,2026-04,189.28,182.0,0.0,30
876722369052154787,2026-05,190.81,182.0,0.0,31
876722369052154787,2026-06,189.28,182.0,0.17,25
876722369052154787,2026-07,189.93,182.0,0.26,23
876722369052154787,2026-08,237.41,182.0,1.0,0
876722369052154787,2026-09,236.6,182.0,1.0,0
876722369052154787,2026-10,238.0,182.0,1.0,0
878370121733995990,2025-10,489.25,380.0,0.0,5
878370121733995990,2025-11,397.1,380.0,0.0,30
878370121733995990,2025-12,394.71,380.0,0.0,31
878370121733995990,2026-01,338.63,380.0,0.0,31
878370121733995990,2026-02,336.84,380.0,0.0,28
878370121733995990,2026-03,335.5,380.0,0.0,31
878370121733995990,2026-04,395.2,380.0,0.2,24
878370121733995990,2026-05,398.39,380.0,1.0,0
878370121733995990,2026-06,395.2,380.0,1.0,0
878370121733995990,2026-07,396.55,380.0,1.0,0
878370121733995990,2026-08,495.69,380.0,1.0,0
878370121733995990,2026-09,494.0,380.0,1.0,0
878370121733995990,2026-10,496.92,380.0,1.0,0
878862056333914551,2025-10,57.94,45.0,0.0,5
878862056333914551,2025-11,47.02,45.0,0.0,30
878862056333914551,2025-12,46.74,45.0,0.0,31
878862056333914551,2026-01,40.1,45.0,0.0,31
878862056333914551,2026-02,39.89,45.0,0.0,28
878862056333914551,2026-03,39.73,45.0,0.0,31
878862056333914551,2026-04,46.8,45.0,0.0,30
878862056333914551,2026-05,47.18,45.0,0.0,31
878862056333914551,2026-06,46.8,45.0,0.0,30
878862056333914551,2026-07,46.96,45.0,0.0,31
878862056333914551,2026-08,58.7,45.0,0.0,31
878862056333914551,2026-09,58.5,45.0,0.0,30
878862056333914551,2026-10,58.85,45.0,0.0,26
879196265859564176,2025-10,159.65,124.0,1.0,0
879196265859564176,2025-11,129.58,124.0,0.27,22
879196265859564176,2025-12,128.8,124.0,0.19,25
879196265859564176,2026-01,110.5,124.0,0.0,31
879196265859564176,2026-02,109.92,124.0,0.5,14
879196265859564176,2026-03,109.48,124.0,0.06,29
879196265859564176,2026-04,128.96,124.0,0.0,30
879196265859564176,2026-05,130.0,124.0,0.0,31
879196265859564176,2026-06,128.96,124.0,0.0,30
879196265859564176,2026-07,129.4,124.0,0.0,31
879196265859564176,2026-08,161.75,124.0,0.0,31
879196265859564176,2026-09,161.2,124.0,0.0,30
879196265859564176,2026-10,162.15,124.0,0.0,26
879436538715595294,2025-10,157.07,122.0,1.0,0
879436538715595294,2025-11,127.49,122.0,1.0,0
879436538715595294,2025-12,126.72,122.0,0.0,31
879436538715595294,2026-01,108.72,122.0,0.0,31
879436538715595294,2026-02,108.14,122.0,0.0,28
879436538715595294,2026-03,107.71,122.0,0.0,31
879436538715595294,2026-04,126.88,122.0,0.0,30
879436538715595294,2026-05,127.9,122.0,0.0,31
879436538715595294,2026-06,126.88,122.0,0.0,30
879436538715595294,2026-07,127.31,122.0,0.0,31
879436538715595294,2026-08,159.14,122.0,0.0,31
879436538715595294,2026-09,158.6,122.0,0.0,30
879436538715595294,2026-10,159.54,122.0,0.0,26
882118553188194767,2025-10,,,1.0,0
882118553188194767,2025-11,,,1.0,0
882118553188194767,2025-12,,,1.0,0
882118553188194767,2026-01,,,1.0,0
882118553188194767,2026-02,,,1.0,0
882118553188194767,2026-03,,,1.0,0
882118553188194767,2026-04,,,1.0,0
882118553188194767,2026-05,,,1.0,0
882118553188194767,2026-06,,,1.0,0
882118553188194767,2026-07,,,1.0,0
882118553188194767,2026-08,,,1.0,0
882118553188194767,2026-09,,,1.0,0
882118553188194767,2026-10,,,1.0,0
882456132890457853,2025-10,73.39,57.0,0.4,3
882456132890457853,2025-11,59.57,57.0,0.27,22
882456132890457853,2025-12,59.21,57.0,0.23,24
882456132890457853,2026-01,50.8,57.0,0.23,24
882456132890457853,2026-02,50.53,57.0,0.0,28
882456132890457853,2026-03,50.33,57.0,0.0,31
882456132890457853,2026-04,59.28,57.0,0.0,30
882456132890457853,2026-05,59.76,57.0,0.0,31
882456132890457853,2026-06,59.28,57.0,0.0,30
882456132890457853,2026-07,59.48,57.0,0.0,31
882456132890457853,2026-08,74.35,57.0,0.0,31
882456132890457853,2026-09,74.1,57.0,0.0,30
882456132890457853,2026-10,74.54,57.0,0.0,26
882867563553553192,2025-10,93.99,73.0,0.8,1
882867563553553192,2025-11,76.29,73.0,0.2,24
882867563553553192,2025-12,75.83,73.0,0.0,31
882867563553553192,2026-01,65.05,73.0,0.23,24
882867563553553192,2026-02,64.71,73.0,1.0,0
882867563553553192,2026-03,64.45,73.0,1.0,0
882867563553553192,2026-04,75.92,73.0,1.0,0
882867563553553192,2026-05,76.53,73.0,1.0,0
882867563553553192,2026-06,75.92,73.0,1.0,0
882867563553553192,2026-07,76.18,73.0,1.0,0
882867563553553192,2026-08,95.22,73.0,1.0,0
882867563553553192,2026-09,94.9,73.0,1.0,0
882867563553553192,2026-10,95.46,73.0,1.0,0
882998998415627066,2025-10,51.5,40.0,0.0,5
882998998415627066,2025-11,41.8,40.0,0.0,30
882998998415627066,2025-12,41.55,40.0,0.0,31
882998998415627066,2026-01,35.65,40.0,0.0,31
882998998415627066,2026-02,35.46,40.0,0.0,28
882998998415627066,2026-03,35.32,40.0,0.0,31
882998998415627066,2026-04,41.6,40.0,0.0,30
882998998415627066,2026-05,41.94,40.0,0.0,31
882998998415627066,2026-06,41.6,40.0,0.0,30
882998998415627066,2026-07,41.74,40.0,0.26,23
882998998415627066,2026-08,52.18,40.0,1.0,0
882998998415627066,2026-09,52.0,40.0,1.0,0
882998998415627066,2026-10,52.31,40.0,1.0,0
884648655759559552,2025-10,881.94,685.0,0.2,4
884648655759559552,2025-11,715.82,685.0,0.0,30
884648655759559552,2025-12,711.52,685.0,0.0,31
884648655759559552,2026-01,610.42,685.0,0.23,24
884648655759559552,2026-02,607.2,685.0,1.0,0
884648655759559552,2026-03,604.79,685.0,1.0,0
884648655759559552,2026-04,712.4,685.0,1.0,0
884648655759559552,2026-05,718.15,685.0,1.0,0
884648655759559552,2026-06,712.4,685.0,1.0,0
884648655759559552,2026-07,714.83,685.0,1.0,0
884648655759559552,2026-08,893.54,685.0,1.0,0
884648655759559552,2026-09,890.5,685.0,1.0,0
884648655759559552,2026-10,895.77,685.0,1.0,0
884768768221411340,2025-10,164.8,128.0,0.8,1
884768768221411340,2025-11,133.76,128.0,0.27,22
884768768221411340,2025-12,132.95,128.0,0.35,20
884768768221411340,2026-01,114.06,128.0,0.0,31
884768768221411340,2026-02,113.46,128.0,0.0,28
884768768221411340,2026-03,113.01,128.0,0.0,31
884768768221411340,2026-04,133.12,128.0,0.0,30
884768768221411340,2026-05,134.19,128.0,0.0,31
884768768221411340,2026-06,133.12,128.0,0.0,30
884768768221411340,2026-07,133.57,128.0,0.0,31
884768768221411340,2026-08,166.97,128.0,0.0,31
884768768221411340,2026-09,166.4,128.0,0.0,30
884768768221411340,2026-10,167.38,128.0,0.0,26
886298263356849808,2025-10,95.28,74.0,0.2,4
886298263356849808,2025-11,77.33,74.0,0.0,30
886298263356849808,2025-12,76.86,74.0,0.0,31
886298263356849808,2026-01,65.94,74.0,0.0,31
886298263356849808,2026-02,65.59,74.0,0.0,28
886298263356849808,2026-03,65.33,74.0,0.0,31
886298263356849808,2026-04,76.96,74.0,0.0,30
886298263356849808,2026-05,77.58,74.0,0.0,31
886298263356849808,2026-06,76.96,74.0,0.0,30
886298263356849808,2026-07,77.22,74.0,0.0,31
886298263356849808,2026-08,96.53,74.0,0.0,31
886298263356849808,2026-09,96.2,74.0,0.0,30
886298263356849808,2026-10,96.77,74.0,0.0,26
887470269766818112,2025-10,30.9,24.0,1.0,0
887470269766818112,2025-11,25.08,24.0,1.0,0
887470269766818112,2025-12,24.93,24.0,1.0,0
887470269766818112,2026-01,21.39,24.0,0.03,30
887470269766818112,2026-02,21.27,24.0,0.0,28
887470269766818112,2026-03,21.19,24.0,0.0,31
887470269766818112,2026-04,24.96,24.0,0.0,30
887470269766818112,2026-05,25.16,24.0,0.0,31
887470269766818112,2026-06,24.96,24.0,0.0,30
887470269766818112,2026-07,25.05,24.0,0.0,31
887470269766818112,2026-08,31.31,24.0,0.0,31
887470269766818112,2026-09,31.2,24.0,0.0,30
887470269766818112,2026-10,31.38,24.0,0.0,26
888285808816805700,2025-10,172.52,134.0,0.0,5
888285808816805700,2025-11,140.03,134.0,0.0,30
888285808816805700,2025-12,139.19,134.0,0.0,31
888285808816805700,2026-01,119.41,134.0,0.0,31
888285808816805700,2026-02,118.78,134.0,0.0,28
888285808816805700,2026-03,118.31,134.0,0.0,31
888285808816805700,2026-04,139.36,134.0,0.0,30
888285808816805700,2026-05,140.48,134.0,0.0,31
888285808816805700,2026-06,139.36,134.0,0.0,30
888285808816805700,2026-07,139.84,134.0,0.26,23
888285808816805700,2026-08,174.79,134.0,1.0,0
888285808816805700,2026-09,174.2,134.0,1.0,0
888285808816805700,2026-10,175.23,134.0,1.0,0
888641457568207656,2025-10,160.94,125.0,1.0,0
888641457568207656,2025-11,130.62,125.0,0.6,12
888641457568207656,2025-12,129.84,125.0,0.55,14
888641457568207656,2026-01,111.39,125.0,0.32,21
888641457568207656,2026-02,110.8,125.0,0.0,28
888641457568207656,2026-03,110.36,125.0,0.23,24
888641457568207656,2026-04,130.0,125.0,0.0,30
888641457568207656,2026-05,131.05,125.0,0.0,31
888641457568207656,2026-06,130.0,125.0,0.0,30
888641457568207656,2026-07,130.44,125.0,0.0,31
888641457568207656,2026-08,163.06,125.0,0.0,31
888641457568207656,2026-09,162.5,125.0,0.0,30
888641457568207656,2026-10,163.46,125.0,0.0,26
889177047370607043,2025-10,252.35,196.0,0.0,5
889177047370607043,2025-11,204.82,196.0,0.23,23
889177047370607043,2025-12,203.59,196.0,0.0,31
889177047370607043,2026-01,174.66,196.0,0.0,31
889177047370607043,2026-02,173.74,196.0,0.0,28
889177047370607043,2026-03,173.05,196.0,0.0,31
889177047370607043,2026-04,203.84,196.0,0.0,30
889177047370607043,2026-05,205.48,196.0,0.23,24
889177047370607043,2026-06,203.84,196.0,0.0,30
889177047370607043,2026-07,204.54,196.0,0.26,23
889177047370607043,2026-08,255.67,196.0,1.0,0
889177047370607043,2026-09,254.8,196.0,1.0,0
889177047370607043,2026-10,256.31,196.0,1.0,0
891948760545234302,2025-10,200.85,156.0,1.0,0
891948760545234302,2025-11,163.02,156.0,0.97,1
891948760545234302,2025-12,162.04,156.0,0.0,31
891948760545234302,2026-01,139.02,156.0,0.9,3
891948760545234302,2026-02,138.28,156.0,1.0,0
891948760545234302,2026-03,137.73,156.0,1.0,0
891948760545234302,2026-04,162.24,156.0,1.0,0
891948760545234302,2026-05,163.55,156.0,1.0,0
891948760545234302,2026-06,162.24,156.0,0.9,3
891948760545234302,2026-07,162.79,156.0,0.0,31
891948760545234302,2026-08,203.49,156.0,0.0,31
891948760545234302,2026-09,202.8,156.0,0.0,30
891948760545234302,2026-10,204.0,156.0,0.0,26
892213765539832900,2025-10,370.8,288.0,0.0,5
892213765539832900,2025-11,300.96,288.0,0.47,16
892213765539832900,2025-12,299.15,288.0,0.32,21
892213765539832900,2026-01,256.65,288.0,0.0,31
892213765539832900,2026-02,255.29,288.0,0.0,28
892213765539832900,2026-03,254.28,288.0,1.0,0
892213765539832900,2026-04,299.52,288.0,1.0,0
892213765539832900,2026-05,301.94,288.0,1.0,0
892213765539832900,2026-06,299.52,288.0,1.0,0
892213765539832900,2026-07,300.54,288.0,1.0,0
892213765539832900,2026-08,375.68,288.0,1.0,0
892213765539832900,2026-09,374.4,288.0,1.0,0
892213765539832900,2026-10,376.62,288.0,1.0,0
893351845697959822,2025-10,,,1.0,0
893351845697959822,2025-11,,,1.0,0
893351845697959822,2025-12,,,1.0,0
893351845697959822,2026-01,,,1.0,0
893351845697959822,2026-02,,,1.0,0
893351845697959822,2026-03,,,1.0,0
893351845697959822,2026-04,,,1.0,0
893351845697959822,2026-05,,,1.0,0
893351845697959822,2026-06,,,1.0,0
893351845697959822,2026-07,,,1.0,0
893351845697959822,2026-08,,,1.0,0
893351845697959822,2026-09,,,1.0,0
893351845697959822,2026-10,,,1.0,0
893491971159406219,2025-10,51.5,40.0,0.0,5
893491971159406219,2025-11,41.8,40.0,0.0,30
893491971159406219,2025-12,41.55,40.0,0.0,31
893491971159406219,2026-01,35.65,40.0,0.0,31
893491971159406219,2026-02,35.46,40.0,0.0,28
893491971159406219,2026-03,35.32,40.0,0.0,31
893491971159406219,2026-04,41.6,40.0,0.0,30
893491971159406219,2026-05,41.94,40.0,0.0,31
893491971159406219,2026-06,41.6,40.0,0.0,30
893491971159406219,2026-07,41.74,40.0,0.0,31
893491971159406219,2026-08,52.18,40.0,0.0,31
893491971159406219,2026-09,52.0,40.0,0.0,30
893491971159406219,2026-10,52.31,40.0,0.0,26
893599743745825317,2025-10,57.94,45.0,0.0,5
893599743745825317,2025-11,47.02,45.0,0.0,30
893599743745825317,2025-12,46.74,45.0,0.0,31
893599743745825317,2026-01,40.1,45.0,0.0,31
893599743745825317,2026-02,39.89,45.0,0.0,28
893599743745825317,2026-03,39.73,45.0,0.0,31
893599743745825317,2026-04,46.8,45.0,0.0,30
893599743745825317,2026-05,47.18,45.0,0.0,31
893599743745825317,2026-06,46.8,45.0,0.0,30
893599743745825317,2026-07,46.96,45.0,0.0,31
893599743745825317,2026-08,58.7,45.0,0.0,31
893599743745825317,2026-09,58.5,45.0,0.0,30
893599743745825317,2026-10,58.85,45.0,0.0,26
897552551757178293,2025-10,37.34,29.0,1.0,0
897552551757178293,2025-11,30.3,29.0,1.0,0
897552551757178293,2025-12,30.12,29.0,0.0,31
897552551757178293,2026-01,25.84,29.0,0.0,31
897552551757178293,2026-02,25.71,29.0,0.0,28
897552551757178293,2026-03,25.6,29.0,0.0,31
897552551757178293,2026-04,30.16,29.0,0.0,30
897552551757178293,2026-05,30.4,29.0,0.0,31
897552551757178293,2026-06,30.16,29.0,0.0,30
897552551757178293,2026-07,30.26,29.0,0.0,31
897552551757178293,2026-08,37.83,29.0,0.0,31
897552551757178293,2026-09,37.7,29.0,0.0,30
897552551757178293,2026-10,37.92,29.0,0.0,26
897794135439663589,2025-10,30.9,24.0,1.0,0
897794135439663589,2025-11,25.08,24.0,0.53,14
897794135439663589,2025-12,24.93,24.0,0.0,31
897794135439663589,2026-01,21.39,24.0,0.0,31
897794135439663589,2026-02,21.27,24.0,0.0,28
897794135439663589,2026-03,21.19,24.0,0.0,31
897794135439663589,2026-04,24.96,24.0,0.0,30
897794135439663589,2026-05,25.16,24.0,0.0,31
897794135439663589,2026-06,24.96,24.0,0.0,30
897794135439663589,2026-07,25.05,24.0,0.0,31
897794135439663589,2026-08,31.31,24.0,0.0,31
897794135439663589,2026-09,31.2,24.0,0.0,30
897794135439663589,2026-10,31.38,24.0,0.0,26
898073583345842373,2025-10,173.81,135.0,1.0,0
898073583345842373,2025-11,141.07,135.0,0.9,3
898073583345842373,2025-12,140.23,135.0,1.0,0
898073583345842373,2026-01,120.3,135.0,1.0,0
898073583345842373,2026-02,119.67,135.0,1.0,0
898073583345842373,2026-03,119.19,135.0,1.0,0
898073583345842373,2026-04,140.4,135.0,0.0,30
898073583345842373,2026-05,141.53,135.0,0.0,31
898073583345842373,2026-06,140.4,135.0,0.23,23
898073583345842373,2026-07,140.88,135.0,0.97,1
898073583345842373,2026-08,176.1,135.0,0.0,31
898073583345842373,2026-09,175.5,135.0,0.0,30
898073583345842373,2026-10,176.54,135.0,0.0,26
900080541175587396,2025-10,,,0.2,4
900080541175587396,2025-11,,,0.0,30
900080541175587396,2025-12,,,0.0,31
900080541175587396,2026-01,,,0.23,24
900080541175587396,2026-02,,,1.0,0
900080541175587396,2026-03,,,1.0,0
900080541175587396,2026-04,,,1.0,0
900080541175587396,2026-05,,,1.0,0
900080541175587396,2026-06,,,1.0,0
900080541175587396,2026-07,,,1.0,0
900080541175587396,2026-08,,,1.0,0
900080541175587396,2026-09,,,1.0,0
900080541175587396,2026-10,,,1.0,0
902254525225596090,2025-10,139.05,108.0,1.0,0
902254525225596090,2025-11,112.86,108.0,0.77,7
902254525225596090,2025-12,112.18,108.0,0.32,21
902254525225596090,2026-01,96.24,108.0,0.06,29
902254525225596090,2026-02,95.73,108.0,0.0,28
902254525225596090,2026-03,95.35,108.0,0.13,27
902254525225596090,2026-04,112.32,108.0,0.0,30
902254525225596090,2026-05,113.23,108.0,0.32,21
902254525225596090,2026-06,112.32,108.0,0.0,30
902254525225596090,2026-07,112.7,108.0,0.26,23
902254525225596090,2026-08,140.88,108.0,1.0,0
902254525225596090,2026-09,140.4,108.0,1.0,0
902254525225596090,2026-10,141.23,108.0,1.0,0
903646421233879380,2025-10,140.34,109.0,0.8,1
903646421233879380,2025-11,113.9,109.0,0.7,9
903646421233879380,2025-12,113.22,109.0,0.16,26
903646421233879380,2026-01,97.13,109.0,0.0,31
903646421233879380,2026-02,96.62,109.0,0.0,28
903646421233879380,2026-03,96.24,109.0,0.0,31
903646421233879380,2026-04,113.36,109.0,0.1,27
903646421233879380,2026-05,114.27,109.0,0.16,26
903646421233879380,2026-06,113.36,109.0,0.07,28
903646421233879380,2026-07,113.75,109.0,0.1,28
903646421233879380,2026-08,142.18,109.0,0.0,31
903646421233879380,2026-09,141.7,109.0,0.0,30
903646421233879380,2026-10,142.54,109.0,0.08,24
905338962206083514,2025-10,187.97,146.0,1.0,0
905338962206083514,2025-11,152.57,146.0,0.47,16
905338962206083514,2025-12,151.65,146.0,0.0,31
905338962206083514,2026-01,130.1,146.0,0.23,24
905338962206083514,2026-02,129.42,146.0,0.0,28
905338962206083514,2026-03,128.9,146.0,0.0,31
905338962206083514,2026-04,151.84,146.0,0.0,30
905338962206083514,2026-05,153.06,146.0,0.0,31
905338962206083514,2026-06,151.84,146.0,0.0,30
905338962206083514,2026-07,152.36,146.0,0.13,27
905338962206083514,2026-08,190.45,146.0,1.0,0
905338962206083514,2026-09,189.8,146.0,1.0,0
905338962206083514,2026-10,190.92,146.0,1.0,0
907174850297531415,2025-10,,,1.0,0
907174850297531415,2025-11,,,0.73,8
907174850297531415,2025-12,,,0.0,31
907174850297531415,2026-01,,,0.0,31
907174850297531415,2026-02,,,0.0,28
907174850297531415,2026-03,,,0.0,31
907174850297531415,2026-04,,,0.0,30
907174850297531415,2026-05,,,0.0,31
907174850297531415,2026-06,,,0.0,30
907174850297531415,2026-07,,,0.0,31
907174850297531415,2026-08,,,0.0,31
907174850297531415,2026-09,,,0.0,30
907174850297531415,2026-10,,,0.0,26
907180103668747401,2025-10,50.21,39.0,1.0,0
907180103668747401,2025-11,40.76,39.0,1.0,0
907180103668747401,2025-12,40.51,39.0,0.0,31
907180103668747401,2026-01,34.75,39.0,0.0,31
907180103668747401,2026-02,34.57,39.0,0.0,28
907180103668747401,2026-03,34.43,39.0,0.0,31
907180103668747401,2026-04,40.56,39.0,0.0,30
907180103668747401,2026-05,40.89,39.0,0.0,31
907180103668747401,2026-06,40.56,39.0,0.0,30
907180103668747401,2026-07,40.7,39.0,0.0,31
907180103668747401,2026-08,50.87,39.0,0.0,31
907180103668747401,2026-09,50.7,39.0,0.0,30
907180103668747401,2026-10,51.0,39.0,0.0,26
907282313787617895,2025-10,,,1.0,0
907282313787617895,2025-11,,,1.0,0
907282313787617895,2025-12,,,1.0,0
907282313787617895,2026-01,,,1.0,0
907282313787617895,2026-02,,,1.0,0
907282313787617895,2026-03,,,1.0,0
907282313787617895,2026-04,,,1.0,0
907282313787617895,2026-05,,,1.0,0
907282313787617895,2026-06,,,1.0,0
907282313787617895,2026-07,,,1.0,0
907282313787617895,2026-08,,,1.0,0
907282313787617895,2026-09,,,1.0,0
907282313787617895,2026-10,,,1.0,0
909369994778752131,2025-10,167.38,130.0,1.0,0
909369994778752131,2025-11,135.85,130.0,0.37,19
909369994778752131,2025-12,135.03,130.0,0.42,18
909369994778752131,2026-01,115.85,130.0,0.19,25
909369994778752131,2026-02,115.24,130.0,0.0,28
909369994778752131,2026-03,114.78,130.0,0.0,31
909369994778752131,2026-04,135.2,130.0,0.1,27
909369994778752131,2026-05,136.29,130.0,0.16,26
909369994778752131,2026-06,135.2,130.0,0.0,30
909369994778752131,2026-07,135.66,130.0,0.0,31
909369994778752131,2026-08,169.58,130.0,0.0,31
909369994778752131,2026-09,169.0,130.0,0.0,30
909369994778752131,2026-10,170.0,130.0,0.12,23
911569360079657690,2025-10,164.8,128.0,1.0,0
911569360079657690,2025-11,133.76,128.0,1.0,0
911569360079657690,2025-12,132.95,128.0,1.0,0
911569360079657690,2026-01,114.06,128.0,0.97,1
911569360079657690,2026-02,113.46,128.0,1.0,0
911569360079657690,2026-03,113.01,128.0,1.0,0
911569360079657690,2026-04,133.12,128.0,1.0,0
911569360079657690,2026-05,134.19,128.0,1.0,0
911569360079657690,2026-06,133.12,128.0,0.9,3
911569360079657690,2026-07,133.57,128.0,0.0,31
911569360079657690,2026-08,166.97,128.0,0.0,31
911569360079657690,2026-09,166.4,128.0,0.0,30
911569360079657690,2026-10,167.38,128.0,0.0,26
913080674405185238,2025-10,,,1.0,0
913080674405185238,2025-11,,,1.0,0
913080674405185238,2025-12,,,1.0,0
913080674405185238,2026-01,,,1.0,0
913080674405185238,2026-02,,,1.0,0
913080674405185238,2026-03,,,1.0,0
913080674405185238,2026-04,,,1.0,0
913080674405185238,2026-05,,,1.0,0
913080674405185238,2026-06,,,1.0,0
913080674405185238,2026-07,,,1.0,0
913080674405185238,2026-08,,,1.0,0
913080674405185238,2026-09,,,1.0,0
913080674405185238,2026-10,,,1.0,0
918888170763302938,2025-10,70.81,55.0,1.0,0
918888170763302938,2025-11,57.48,55.0,1.0,0
918888170763302938,2025-12,57.13,55.0,0.35,20
918888170763302938,2026-01,49.01,55.0,0.0,31
918888170763302938,2026-02,48.75,55.0,0.0,28
918888170763302938,2026-03,48.56,55.0,0.0,31
918888170763302938,2026-04,57.2,55.0,0.2,24
918888170763302938,2026-05,57.66,55.0,1.0,0
918888170763302938,2026-06,57.2,55.0,1.0,0
918888170763302938,2026-07,57.4,55.0,1.0,0
918888170763302938,2026-08,71.74,55.0,1.0,0
918888170763302938,2026-09,71.5,55.0,1.0,0
918888170763302938,2026-10,71.92,55.0,1.0,0
918902583577731712,2025-10,48.92,38.0,0.0,5
918902583577731712,2025-11,39.71,38.0,0.0,30
918902583577731712,2025-12,39.47,38.0,0.0,31
918902583577731712,2026-01,33.86,38.0,0.0,31
918902583577731712,2026-02,33.68,38.0,0.0,28
918902583577731712,2026-03,33.55,38.0,0.0,31
918902583577731712,2026-04,39.52,38.0,0.2,24
918902583577731712,2026-05,39.84,38.0,1.0,0
918902583577731712,2026-06,39.52,38.0,1.0,0
918902583577731712,2026-07,39.65,38.0,1.0,0
918902583577731712,2026-08,49.57,38.0,1.0,0
918902583577731712,2026-09,49.4,38.0,1.0,0
918902583577731712,2026-10,49.69,38.0,1.0,0
918908760712923221,2025-10,56.65,44.0,1.0,0
918908760712923221,2025-11,45.98,44.0,1.0,0
918908760712923221,2025-12,45.7,44.0,1.0,0
918908760712923221,2026-01,39.21,44.0,0.55,14
918908760712923221,2026-02,39.0,44.0,0.0,28
918908760712923221,2026-03,38.85,44.0,0.0,31
918908760712923221,2026-04,45.76,44.0,0.2,24
918908760712923221,2026-05,46.13,44.0,1.0,0
918908760712923221,2026-06,45.76,44.0,1.0,0
918908760712923221,2026-07,45.92,44.0,1.0,0
918908760712923221,2026-08,57.4,44.0,1.0,0
918908760712923221,2026-09,57.2,44.0,1.0,0
918908760712923221,2026-10,57.54,44.0,1.0,0
919334265588428704,2025-10,352.77,274.0,0.4,3
919334265588428704,2025-11,286.33,274.0,0.9,3
919334265588428704,2025-12,284.61,274.0,0.48,16
919334265588428704,2026-01,244.17,274.0,0.0,31
919334265588428704,2026-02,242.88,274.0,0.0,28
919334265588428704,2026-03,241.91,274.0,0.0,31
919334265588428704,2026-04,284.96,274.0,0.2,24
919334265588428704,2026-05,287.26,274.0,1.0,0
919334265588428704,2026-06,284.96,274.0,1.0,0
919334265588428704,2026-07,285.93,274.0,1.0,0
919334265588428704,2026-08,357.41,274.0,1.0,0
919334265588428704,2026-09,356.2,274.0,1.0,0
919334265588428704,2026-10,358.31,274.0,1.0,0
920639768576772102,2025-10,220.16,171.0,0.6,2
920639768576772102,2025-11,178.7,171.0,1.0,0
920639768576772102,2025-12,177.62,171.0,0.87,4
920639768576772102,2026-01,152.38,171.0,0.0,31
920639768576772102,2026-02,151.58,171.0,0.0,28
920639768576772102,2026-03,150.98,171.0,0.0,31
920639768576772102,2026-04,177.84,171.0,0.2,24
920639768576772102,2026-05,179.27,171.0,1.0,0
920639768576772102,2026-06,177.84,171.0,1.0,0
920639768576772102,2026-07,178.45,171.0,1.0,0
920639768576772102,2026-08,223.06,171.0,1.0,0
920639768576772102,2026-09,222.3,171.0,1.0,0
920639768576772102,2026-10,223.61,171.0,1.0,0
920872270055080416,2025-10,191.84,149.0,0.2,4
920872270055080416,2025-11,155.7,149.0,0.0,30
920872270055080416,2025-12,154.77,149.0,0.0,31
920872270055080416,2026-01,132.78,149.0,0.0,31
920872270055080416,2026-02,132.08,149.0,0.0,28
920872270055080416,2026-03,131.55,149.0,0.0,31
920872270055080416,2026-04,154.96,149.0,0.0,30
920872270055080416,2026-05,156.21,149.0,0.0,31
920872270055080416,2026-06,154.96,149.0,0.0,30
920872270055080416,2026-07,155.49,149.0,0.0,31
920872270055080416,2026-08,194.36,149.0,0.0,31
920872270055080416,2026-09,193.7,149.0,0.0,30
920872270055080416,2026-10,194.85,149.0,0.0,26
923664929995259587,2025-10,45.06,35.0,0.4,3
923664929995259587,2025-11,36.58,35.0,0.3,21
923664929995259587,2025-12,36.35,35.0,0.0,31
923664929995259587,2026-01,31.19,35.0,0.0,31
923664929995259587,2026-02,31.02,35.0,0.0,28
923664929995259587,2026-03,30.9,35.0,0.0,31
923664929995259587,2026-04,36.4,35.0,0.0,30
923664929995259587,2026-05,36.69,35.0,0.0,31
923664929995259587,2026-06,36.4,35.0,0.0,30
923664929995259587,2026-07,36.52,35.0,0.26,23
923664929995259587,2026-08,45.65,35.0,1.0,0
923664929995259587,2026-09,45.5,35.0,1.0,0
923664929995259587,2026-10,45.77,35.0,1.0,0
923943257491159543,2025-10,56.65,44.0,1.0,0
923943257491159543,2025-11,45.98,44.0,0.57,13
923943257491159543,2025-12,45.7,44.0,0.0,31
923943257491159543,2026-01,39.21,44.0,0.0,31
923943257491159543,2026-02,39.0,44.0,0.0,28
923943257491159543,2026-03,38.85,44.0,0.0,31
923943257491159543,2026-04,45.76,44.0,0.0,30
923943257491159543,2026-05,46.13,44.0,0.0,31
923943257491159543,2026-06,45.76,44.0,0.0,30
923943257491159543,2026-07,45.92,44.0,0.26,23
923943257491159543,2026-08,57.4,44.0,1.0,0
923943257491159543,2026-09,57.2,44.0,1.0,0
923943257491159543,2026-10,57.54,44.0,1.0,0
928201618110152471,2025-10,131.32,102.0,1.0,0
928201618110152471,2025-11,106.59,102.0,0.5,15
928201618110152471,2025-12,105.95,102.0,0.26,23
928201618110152471,2026-01,90.89,102.0,0.23,24
928201618110152471,2026-02,90.41,102.0,1.0,0
928201618110152471,2026-03,90.05,102.0,1.0,0
928201618110152471,2026-04,106.08,102.0,1.0,0
928201618110152471,2026-05,106.94,102.0,1.0,0
928201618110152471,2026-06,106.08,102.0,1.0,0
928201618110152471,2026-07,106.44,102.0,1.0,0
928201618110152471,2026-08,133.05,102.0,1.0,0
928201618110152471,2026-09,132.6,102.0,1.0,0
928201618110152471,2026-10,133.38,102.0,1.0,0
928594772509581663,2025-10,168.66,131.0,0.4,3
928594772509581663,2025-11,136.9,131.0,0.0,30
928594772509581663,2025-12,136.07,131.0,0.0,31
928594772509581663,2026-01,116.74,131.0,0.0,31
928594772509581663,2026-02,116.12,131.0,0.0,28
928594772509581663,2026-03,115.66,131.0,0.0,31
928594772509581663,2026-04,136.24,131.0,0.0,30
928594772509581663,2026-05,137.34,131.0,0.0,31
928594772509581663,2026-06,136.24,131.0,0.0,30
928594772509581663,2026-07,136.7,131.0,0.0,31
928594772509581663,2026-08,170.88,131.0,0.0,31
928594772509581663,2026-09,170.3,131.0,0.0,30
928594772509581663,2026-10,171.31,131.0,0.0,26
933322894701477707,2025-10,57.94,45.0,1.0,0
933322894701477707,2025-11,47.02,45.0,1.0,0
933322894701477707,2025-12,46.74,45.0,1.0,0
933322894701477707,2026-01,40.1,45.0,1.0,0
933322894701477707,2026-02,39.89,45.0,1.0,0
933322894701477707,2026-03,39.73,45.0,1.0,0
933322894701477707,2026-04,46.8,45.0,1.0,0
933322894701477707,2026-05,47.18,45.0,0.71,9
933322894701477707,2026-06,46.8,45.0,0.0,30
933322894701477707,2026-07,46.96,45.0,0.0,31
933322894701477707,2026-08,58.7,45.0,0.0,31
933322894701477707,2026-09,58.5,45.0,0.0,30
933322894701477707,2026-10,58.85,45.0,0.0,26
936210303116832534,2025-10,208.57,162.0,0.2,4
936210303116832534,2025-11,169.29,162.0,0.0,30
936210303116832534,2025-12,168.27,162.0,0.0,31
936210303116832534,2026-01,144.36,162.0,0.0,31
936210303116832534,2026-02,143.6,162.0,0.0,28
936210303116832534,2026-03,143.03,162.0,0.0,31
936210303116832534,2026-04,168.48,162.0,0.0,30
936210303116832534,2026-05,169.84,162.0,0.0,31
936210303116832534,2026-06,168.48,162.0,0.0,30
936210303116832534,2026-07,169.05,162.0,0.0,31
936210303116832534,2026-08,211.32,162.0,0.0,31
936210303116832534,2026-09,210.6,162.0,0.0,30
936210303116832534,2026-10,211.84,162.0,0.0,26
936230623193697428,2025-10,146.78,114.0,0.0,5
936230623193697428,2025-11,119.13,114.0,0.73,8
936230623193697428,2025-12,118.41,114.0,0.35,20
936230623193697428,2026-01,101.59,114.0,0.0,31
936230623193697428,2026-02,101.05,114.0,0.0,28
936230623193697428,2026-03,100.65,114.0,0.0,31
936230623193697428,2026-04,118.56,114.0,0.0,30
936230623193697428,2026-05,119.52,114.0,0.0,31
936230623193697428,2026-06,118.56,114.0,0.0,30
936230623193697428,2026-07,118.96,114.0,0.0,31
936230623193697428,2026-08,148.71,114.0,0.29,22
936230623193697428,2026-09,148.2,114.0,1.0,0
936230623193697428,2026-10,149.08,114.0,1.0,0
936692401311410580,2025-10,56.65,44.0,1.0,0
936692401311410580,2025-11,45.98,44.0,1.0,0
936692401311410580,2025-12,45.7,44.0,1.0,0
936692401311410580,2026-01,39.21,44.0,0.87,4
936692401311410580,2026-02,39.0,44.0,0.0,28
936692401311410580,2026-03,38.85,44.0,0.0,31
936692401311410580,2026-04,45.76,44.0,0.0,30
936692401311410580,2026-05,46.13,44.0,0.0,31
936692401311410580,2026-06,45.76,44.0,0.0,30
936692401311410580,2026-07,45.92,44.0,0.26,23
936692401311410580,2026-08,57.4,44.0,1.0,0
936692401311410580,2026-09,57.2,44.0,1.0,0
936692401311410580,2026-10,57.54,44.0,1.0,0
936699896346050780,2025-10,64.37,50.0,1.0,0
936699896346050780,2025-11,52.25,50.0,1.0,0
936699896346050780,2025-12,51.94,50.0,0.61,12
936699896346050780,2026-01,44.55,50.0,0.0,31
936699896346050780,2026-02,44.32,50.0,0.0,28
936699896346050780,2026-03,44.14,50.0,0.0,31
936699896346050780,2026-04,52.0,50.0,0.0,30
936699896346050780,2026-05,52.42,50.0,0.0,31
936699896346050780,2026-06,52.0,50.0,0.0,30
936699896346050780,2026-07,52.18,50.0,0.26,23
936699896346050780,2026-08,65.22,50.0,1.0,0
936699896346050780,2026-09,65.0,50.0,1.0,0
936699896346050780,2026-10,65.38,50.0,1.0,0
936734976035587168,2025-10,63.09,49.0,0.6,2
936734976035587168,2025-11,51.21,49.0,0.0,30
936734976035587168,2025-12,50.9,49.0,0.0,31
936734976035587168,2026-01,43.67,49.0,0.0,31
936734976035587168,2026-02,43.44,49.0,0.0,28
936734976035587168,2026-03,43.26,49.0,0.0,31
936734976035587168,2026-04,50.96,49.0,0.0,30
936734976035587168,2026-05,51.37,49.0,0.0,31
936734976035587168,2026-06,50.96,49.0,0.0,30
936734976035587168,2026-07,51.13,49.0,0.0,31
936734976035587168,2026-08,63.92,49.0,0.0,31
936734976035587168,2026-09,63.7,49.0,0.0,30
936734976035587168,2026-10,64.08,49.0,0.0,26
939052533424632183,2025-10,68.24,53.0,1.0,0
939052533424632183,2025-11,55.38,53.0,0.2,24
939052533424632183,2025-12,55.05,53.0,0.0,31
939052533424632183,2026-01,47.23,53.0,0.0,31
939052533424632183,2026-02,46.98,53.0,0.0,28
939052533424632183,2026-03,46.79,53.0,0.0,31
939052533424632183,2026-04,55.12,53.0,0.2,24
939052533424632183,2026-05,55.56,53.0,1.0,0
939052533424632183,2026-06,55.12,53.0,1.0,0
939052533424632183,2026-07,55.31,53.0,1.0,0
939052533424632183,2026-08,69.14,53.0,1.0,0
939052533424632183,2026-09,68.9,53.0,1.0,0
939052533424632183,2026-10,69.31,53.0,1.0,0
941903118048235136,2025-10,100.42,78.0,1.0,0
941903118048235136,2025-11,81.51,78.0,1.0,0
941903118048235136,2025-12,81.02,78.0,1.0,0
941903118048235136,2026-01,69.51,78.0,0.0,31
941903118048235136,2026-02,69.14,78.0,0.0,28
941903118048235136,2026-03,68.87,78.0,0.0,31
941903118048235136,2026-04,81.12,78.0,0.2,24
941903118048235136,2026-05,81.77,78.0,1.0,0
941903118048235136,2026-06,81.12,78.0,1.0,0
941903118048235136,2026-07,81.4,78.0,1.0,0
941903118048235136,2026-08,101.74,78.0,1.0,0
941903118048235136,2026-09,101.4,78.0,1.0,0
941903118048235136,2026-10,102.0,78.0,1.0,0
942038518472959280,2025-10,202.14,157.0,0.2,4
942038518472959280,2025-11,164.06,157.0,0.47,16
942038518472959280,2025-12,163.08,157.0,0.1,28
942038518472959280,2026-01,139.91,157.0,0.0,31
942038518472959280,2026-02,139.17,157.0,0.0,28
942038518472959280,2026-03,138.62,157.0,0.0,31
942038518472959280,2026-04,163.28,157.0,0.0,30
942038518472959280,2026-05,164.6,157.0,0.35,20
942038518472959280,2026-06,163.28,157.0,0.0,30
942038518472959280,2026-07,163.84,157.0,0.26,23
942038518472959280,2026-08,204.8,157.0,1.0,0
942038518472959280,2026-09,204.1,157.0,1.0,0
942038518472959280,2026-10,205.31,157.0,1.0,0
943445885197344456,2025-10,155.79,121.0,0.4,3
943445885197344456,2025-11,126.44,121.0,0.1,27
943445885197344456,2025-12,125.68,121.0,0.0,31
943445885197344456,2026-01,107.83,121.0,0.0,31
943445885197344456,2026-02,107.26,121.0,0.0,28
943445885197344456,2026-03,106.83,121.0,0.0,31
943445885197344456,2026-04,125.84,121.0,0.0,30
943445885197344456,2026-05,126.85,121.0,0.0,31
943445885197344456,2026-06,125.84,121.0,0.0,30
943445885197344456,2026-07,126.27,121.0,0.0,31
943445885197344456,2026-08,157.84,121.0,0.0,31
943445885197344456,2026-09,157.3,121.0,0.0,30
943445885197344456,2026-10,158.23,121.0,0.0,26
946535662085780737,2025-10,133.9,104.0,1.0,0
946535662085780737,2025-11,108.68,104.0,0.67,10
946535662085780737,2025-12,108.03,104.0,0.32,21
946535662085780737,2026-01,92.68,104.0,0.0,31
946535662085780737,2026-02,92.19,104.0,0.0,28
946535662085780737,2026-03,91.82,104.0,0.0,31
946535662085780737,2026-04,108.16,104.0,0.0,30
946535662085780737,2026-05,109.03,104.0,0.0,31
946535662085780737,2026-06,108.16,104.0,0.0,30
946535662085780737,2026-07,108.53,104.0,0.0,31
946535662085780737,2026-08,135.66,104.0,0.0,31
946535662085780737,2026-09,135.2,104.0,0.0,30
946535662085780737,2026-10,136.0,104.0,0.0,26
949875417963432801,2025-10,139.05,108.0,1.0,0
949875417963432801,2025-11,112.86,108.0,0.3,21
949875417963432801,2025-12,112.18,108.0,0.0,31
949875417963432801,2026-01,96.24,108.0,0.23,24
949875417963432801,2026-02,95.73,108.0,1.0,0
949875417963432801,2026-03,95.35,108.0,1.0,0
949875417963432801,2026-04,112.32,108.0,1.0,0
949875417963432801,2026-05,113.23,108.0,1.0,0
949875417963432801,2026-06,112.32,108.0,1.0,0
949875417963432801,2026-07,112.7,108.0,1.0,0
949875417963432801,2026-08,140.88,108.0,1.0,0
949875417963432801,2026-09,140.4,108.0,1.0,0
949875417963432801,2026-10,141.23,108.0,1.0,0
950691856666093403,2025-10,212.44,165.0,1.0,0
950691856666093403,2025-11,172.42,165.0,0.57,13
950691856666093403,2025-12,171.39,165.0,0.0,31
950691856666093403,2026-01,147.04,165.0,0.23,24
950691856666093403,2026-02,146.26,165.0,1.0,0
950691856666093403,2026-03,145.68,165.0,1.0,0
950691856666093403,2026-04,171.6,165.0,1.0,0
950691856666093403,2026-05,172.98,165.0,1.0,0
950691856666093403,2026-06,171.6,165.0,1.0,0
950691856666093403,2026-07,172.19,165.0,1.0,0
950691856666093403,2026-08,215.23,165.0,1.0,0
950691856666093403,2026-09,214.5,165.0,1.0,0
950691856666093403,2026-10,215.77,165.0,1.0,0
952923821273909537,2025-10,240.76,187.0,0.0,5
952923821273909537,2025-11,195.42,187.0,0.0,30
952923821273909537,2025-12,194.24,187.0,0.0,31
952923821273909537,2026-01,166.64,187.0,0.0,31
952923821273909537,2026-02,165.76,187.0,0.0,28
952923821273909537,2026-03,165.1,187.0,0.0,31
952923821273909537,2026-04,194.48,187.0,0.0,30
952923821273909537,2026-05,196.05,187.0,0.0,31
952923821273909537,2026-06,194.48,187.0,0.0,30
952923821273909537,2026-07,195.14,187.0,0.0,31
952923821273909537,2026-08,243.93,187.0,0.0,31
952923821273909537,2026-09,243.1,187.0,0.0,30
952923821273909537,2026-10,244.54,187.0,0.0,26
953581550038507834,2025-10,177.68,138.0,1.0,0
953581550038507834,2025-11,144.21,138.0,1.0,0
953581550038507834,2025-12,143.34,138.0,0.71,9
953581550038507834,2026-01,122.97,138.0,0.0,31
953581550038507834,2026-02,122.33,138.0,0.0,28
953581550038507834,2026-03,121.84,138.0,0.0,31
953581550038507834,2026-04,143.52,138.0,1.0,0
953581550038507834,2026-05,144.68,138.0,1.0,0
953581550038507834,2026-06,143.52,138.0,1.0,0
953581550038507834,2026-07,144.01,138.0,1.0,0
953581550038507834,2026-08,180.01,138.0,1.0,0
953581550038507834,2026-09,179.4,138.0,1.0,0
953581550038507834,2026-10,180.46,138.0,1.0,0
954293128029557493,2025-10,83.69,65.0,0.6,2
954293128029557493,2025-11,67.92,65.0,0.7,9
954293128029557493,2025-12,67.52,65.0,0.19,25
954293128029557493,2026-01,57.92,65.0,0.0,31
954293128029557493,2026-02,57.62,65.0,0.0,28
954293128029557493,2026-03,57.39,65.0,0.0,31
954293128029557493,2026-04,67.6,65.0,0.0,30
954293128029557493,2026-05,68.15,65.0,0.0,31
954293128029557493,2026-06,67.6,65.0,0.0,30
954293128029557493,2026-07,67.83,65.0,0.26,23
954293128029557493,2026-08,84.79,65.0,1.0,0
954293128029557493,2026-09,84.5,65.0,1.0,0
954293128029557493,2026-10,85.0,65.0,1.0,0
958073554329598064,2025-10,244.62,190.0,1.0,0
958073554329598064,2025-11,198.55,190.0,0.37,19
958073554329598064,2025-12,197.35,190.0,0.42,18
958073554329598064,2026-01,169.31,190.0,0.39,19
958073554329598064,2026-02,168.42,190.0,0.0,28
958073554329598064,2026-03,167.75,190.0,0.0,31
958073554329598064,2026-04,197.6,190.0,0.0,30
958073554329598064,2026-05,199.19,190.0,0.1,28
958073554329598064,2026-06,197.6,190.0,0.0,30
958073554329598064,2026-07,198.27,190.0,0.26,23
958073554329598064,2026-08,247.84,190.0,1.0,0
958073554329598064,2026-09,247.0,190.0,1.0,0
958073554329598064,2026-10,248.46,190.0,1.0,0
958725448030434195,2025-10,167.38,130.0,0.6,2
958725448030434195,2025-11,135.85,130.0,0.27,22
958725448030434195,2025-12,135.03,130.0,0.0,31
958725448030434195,2026-01,115.85,130.0,0.23,24
958725448030434195,2026-02,115.24,130.0,1.0,0
958725448030434195,2026-03,114.78,130.0,1.0,0
958725448030434195,2026-04,135.2,130.0,1.0,0
958725448030434195,2026-05,136.29,130.0,1.0,0
958725448030434195,2026-06,135.2,130.0,1.0,0
958725448030434195,2026-07,135.66,130.0,1.0,0
958725448030434195,2026-08,169.58,130.0,1.0,0
958725448030434195,2026-09,169.0,130.0,1.0,0
958725448030434195,2026-10,170.0,130.0,1.0,0
958845821843195570,2025-10,,,0.0,5
958845821843195570,2025-11,,,0.0,30
958845821843195570,2025-12,,,0.0,31
958845821843195570,2026-01,,,0.0,31
958845821843195570,2026-02,,,0.0,28
958845821843195570,2026-03,,,0.0,31
958845821843195570,2026-04,,,0.0,30
958845821843195570,2026-05,,,0.0,31
958845821843195570,2026-06,,,0.0,30
958845821843195570,2026-07,,,0.26,23
958845821843195570,2026-08,,,1.0,0
958845821843195570,2026-09,,,1.0,0
958845821843195570,2026-10,,,1.0,0
960160007267227808,2025-10,124.89,97.0,0.4,3
960160007267227808,2025-11,101.36,97.0,0.0,30
960160007267227808,2025-12,100.75,97.0,0.0,31
960160007267227808,2026-01,86.44,97.0,0.0,31
960160007267227808,2026-02,85.98,97.0,0.0,28
960160007267227808,2026-03,85.64,97.0,0.0,31
960160007267227808,2026-04,100.88,97.0,0.2,24
960160007267227808,2026-05,101.69,97.0,1.0,0
960160007267227808,2026-06,100.88,97.0,1.0,0
960160007267227808,2026-07,101.22,97.0,1.0,0
960160007267227808,2026-08,126.53,97.0,1.0,0
960160007267227808,2026-09,126.1,97.0,1.0,0
960160007267227808,2026-10,126.85,97.0,1.0,0
960937430625605760,2025-10,64.37,50.0,0.2,4
960937430625605760,2025-11,52.25,50.0,0.0,30
960937430625605760,2025-12,51.94,50.0,0.0,31
960937430625605760,2026-01,44.55,50.0,0.0,31
960937430625605760,2026-02,44.32,50.0,0.0,28
960937430625605760,2026-03,44.14,50.0,0.0,31
960937430625605760,2026-04,52.0,50.0,0.0,30
960937430625605760,2026-05,52.42,50.0,0.0,31
960937430625605760,2026-06,52.0,50.0,0.0,30
960937430625605760,2026-07,52.18,50.0,0.26,23
960937430625605760,2026-08,65.22,50.0,1.0,0
960937430625605760,2026-09,65.0,50.0,1.0,0
960937430625605760,2026-10,65.38,50.0,1.0,0
961600985879599973,2025-10,126.18,98.0,1.0,0
961600985879599973,2025-11,102.41,98.0,0.83,5
961600985879599973,2025-12,101.79,98.0,0.39,19
961600985879599973,2026-01,87.33,98.0,0.0,31
961600985879599973,2026-02,86.87,98.0,0.0,28
961600985879599973,2026-03,86.52,98.0,0.0,31
961600985879599973,2026-04,101.92,98.0,0.0,30
961600985879599973,2026-05,102.74,98.0,0.0,31
961600985879599973,2026-06,101.92,98.0,0.0,30
961600985879599973,2026-07,102.27,98.0,0.0,31
961600985879599973,2026-08,127.84,98.0,0.0,31
961600985879599973,2026-09,127.4,98.0,0.0,30
961600985879599973,2026-10,128.16,98.0,0.0,26
962948269319766445,2025-10,128.75,100.0,1.0,0
962948269319766445,2025-11,104.5,100.0,0.07,28
962948269319766445,2025-12,103.87,100.0,0.0,31
962948269319766445,2026-01,89.11,100.0,0.23,24
962948269319766445,2026-02,88.64,100.0,1.0,0
962948269319766445,2026-03,88.29,100.0,1.0,0
962948269319766445,2026-04,104.0,100.0,1.0,0
962948269319766445,2026-05,104.84,100.0,1.0,0
962948269319766445,2026-06,104.0,100.0,1.0,0
962948269319766445,2026-07,104.35,100.0,1.0,0
962948269319766445,2026-08,130.44,100.0,1.0,0
962948269319766445,2026-09,130.0,100.0,1.0,0
962948269319766445,2026-10,130.77,100.0,1.0,0
963870937141586181,2025-10,106.86,83.0,0.0,5
963870937141586181,2025-11,86.74,83.0,0.0,30
963870937141586181,2025-12,86.21,83.0,0.0,31
963870937141586181,2026-01,73.96,83.0,0.0,31
963870937141586181,2026-02,73.57,83.0,0.0,28
963870937141586181,2026-03,73.28,83.0,0.0,31
963870937141586181,2026-04,86.32,83.0,0.0,30
963870937141586181,2026-05,87.02,83.0,0.0,31
963870937141586181,2026-06,86.32,83.0,0.0,30
963870937141586181,2026-07,86.61,83.0,0.0,31
963870937141586181,2026-08,108.27,83.0,0.0,31
963870937141586181,2026-09,107.9,83.0,0.0,30
963870937141586181,2026-10,108.54,83.0,0.0,26
965404068406656596,2025-10,185.4,144.0,1.0,0
965404068406656596,2025-11,150.48,144.0,1.0,0
965404068406656596,2025-12,149.57,144.0,1.0,0
965404068406656596,2026-01,128.32,144.0,1.0,0
965404068406656596,2026-02,127.65,144.0,0.0,28
965404068406656596,2026-03,127.14,144.0,0.0,31
965404068406656596,2026-04,149.76,144.0,0.0,30
965404068406656596,2026-05,150.97,144.0,0.0,31
965404068406656596,2026-06,149.76,144.0,0.0,30
965404068406656596,2026-07,150.27,144.0,0.26,23
965404068406656596,2026-08,187.84,144.0,1.0,0
965404068406656596,2026-09,187.2,144.0,1.0,0
965404068406656596,2026-10,188.31,144.0,1.0,0
966802576909857119,2025-10,231.75,180.0,1.0,0
966802576909857119,2025-11,188.1,180.0,0.23,23
966802576909857119,2025-12,186.97,180.0,0.06,29
966802576909857119,2026-01,160.4,180.0,1.0,0
966802576909857119,2026-02,159.56,180.0,1.0,0
966802576909857119,2026-03,158.92,180.0,1.0,0
966802576909857119,2026-04,187.2,180.0,1.0,0
966802576909857119,2026-05,188.71,180.0,1.0,0
966802576909857119,2026-06,187.2,180.0,1.0,0
966802576909857119,2026-07,187.84,180.0,1.0,0
966802576909857119,2026-08,234.8,180.0,1.0,0
966802576909857119,2026-09,234.0,180.0,1.0,0
966802576909857119,2026-10,235.38,180.0,1.0,0
970306411933487925,2025-10,39.91,31.0,0.4,3
970306411933487925,2025-11,32.4,31.0,0.47,16
970306411933487925,2025-12,32.2,31.0,0.0,31
970306411933487925,2026-01,27.62,31.0,0.0,31
970306411933487925,2026-02,27.48,31.0,0.0,28
970306411933487925,2026-03,27.37,31.0,0.0,31
970306411933487925,2026-04,32.24,31.0,0.0,30
970306411933487925,2026-05,32.5,31.0,0.0,31
970306411933487925,2026-06,32.24,31.0,0.0,30
970306411933487925,2026-07,32.35,31.0,0.26,23
970306411933487925,2026-08,40.44,31.0,1.0,0
970306411933487925,2026-09,40.3,31.0,1.0,0
970306411933487925,2026-10,40.54,31.0,1.0,0
971170715056061139,2025-10,342.48,266.0,0.0,5
971170715056061139,2025-11,277.97,266.0,1.0,0
971170715056061139,2025-12,276.3,266.0,1.0,0
971170715056061139,2026-01,237.04,266.0,1.0,0
971170715056061139,2026-02,235.79,266.0,1.0,0
971170715056061139,2026-03,234.85,266.0,1.0,0
971170715056061139,2026-04,276.64,266.0,1.0,0
971170715056061139,2026-05,278.87,266.0,1.0,0
971170715056061139,2026-06,276.64,266.0,1.0,0
971170715056061139,2026-07,277.58,266.0,1.0,0
971170715056061139,2026-08,346.98,266.0,1.0,0
971170715056061139,2026-09,345.8,266.0,1.0,0
971170715056061139,2026-10,347.85,266.0,1.0,0
973446512456911547,2025-10,51.5,40.0,1.0,0
973446512456911547,2025-11,41.8,40.0,1.0,0
973446512456911547,2025-12,41.55,40.0,1.0,0
973446512456911547,2026-01,35.65,40.0,0.16,26
973446512456911547,2026-02,35.46,40.0,0.0,28
973446512456911547,2026-03,35.32,40.0,0.0,31
973446512456911547,2026-04,41.6,40.0,0.0,30
973446512456911547,2026-05,41.94,40.0,0.0,31
973446512456911547,2026-06,41.6,40.0,0.0,30
973446512456911547,2026-07,41.74,40.0,0.26,23
973446512456911547,2026-08,52.18,40.0,1.0,0
973446512456911547,2026-09,52.0,40.0,1.0,0
973446512456911547,2026-10,52.31,40.0,1.0,0
973796043058439911,2025-10,48.92,38.0,0.6,2
973796043058439911,2025-11,39.71,38.0,0.0,30
973796043058439911,2025-12,39.47,38.0,0.0,31
973796043058439911,2026-01,33.86,38.0,0.0,31
973796043058439911,2026-02,33.68,38.0,0.0,28
973796043058439911,2026-03,33.55,38.0,0.0,31
973796043058439911,2026-04,39.52,38.0,0.0,30
973796043058439911,2026-05,39.84,38.0,0.0,31
973796043058439911,2026-06,39.52,38.0,0.0,30
973796043058439911,2026-07,39.65,38.0,0.26,23
973796043058439911,2026-08,49.57,38.0,1.0,0
973796043058439911,2026-09,49.4,38.0,1.0,0
973796043058439911,2026-10,49.69,38.0,1.0,0
975577238632512707,2025-10,,,1.0,0
975577238632512707,2025-11,,,1.0,0
975577238632512707,2025-12,,,1.0,0
975577238632512707,2026-01,,,1.0,0
975577238632512707,2026-02,,,1.0,0
975577238632512707,2026-03,,,1.0,0
975577238632512707,2026-04,,,1.0,0
975577238632512707,2026-05,,,1.0,0
975577238632512707,2026-06,,,1.0,0
975577238632512707,2026-07,,,1.0,0
975577238632512707,2026-08,,,1.0,0
975577238632512707,2026-09,,,1.0,0
975577238632512707,2026-10,,,1.0,0
977682067754714618,2025-10,191.84,149.0,0.4,3
977682067754714618,2025-11,155.7,149.0,0.33,20
977682067754714618,2025-12,154.77,149.0,0.16,26
977682067754714618,2026-01,132.78,149.0,0.0,31
977682067754714618,2026-02,132.08,149.0,0.0,28
977682067754714618,2026-03,131.55,149.0,0.0,31
977682067754714618,2026-04,154.96,149.0,0.0,30
977682067754714618,2026-05,156.21,149.0,0.32,21
977682067754714618,2026-06,154.96,149.0,0.0,30
977682067754714618,2026-07,155.49,149.0,0.26,23
977682067754714618,2026-08,194.36,149.0,1.0,0
977682067754714618,2026-09,193.7,149.0,1.0,0
977682067754714618,2026-10,194.85,149.0,1.0,0
978206671266426615,2025-10,126.18,98.0,0.8,1
978206671266426615,2025-11,102.41,98.0,0.0,30
978206671266426615,2025-12,101.79,98.0,0.0,31
978206671266426615,2026-01,87.33,98.0,0.0,31
978206671266426615,2026-02,86.87,98.0,0.0,28
978206671266426615,2026-03,86.52,98.0,0.0,31
978206671266426615,2026-04,101.92,98.0,0.2,24
978206671266426615,2026-05,102.74,98.0,1.0,0
978206671266426615,2026-06,101.92,98.0,1.0,0
978206671266426615,2026-07,102.27,98.0,1.0,0
978206671266426615,2026-08,127.84,98.0,1.0,0
978206671266426615,2026-09,127.4,98.0,1.0,0
978206671266426615,2026-10,128.16,98.0,1.0,0
978395722573450577,2025-10,,,0.2,4
978395722573450577,2025-11,,,0.0,30
978395722573450577,2025-12,,,0.0,31
978395722573450577,2026-01,,,0.0,31
978395722573450577,2026-02,,,0.0,28
978395722573450577,2026-03,,,0.0,31
978395722573450577,2026-04,,,0.0,30
978395722573450577,2026-05,,,0.0,31
978395722573450577,2026-06,,,0.0,30
978395722573450577,2026-07,,,0.26,23
978395722573450577,2026-08,,,1.0,0
978395722573450577,2026-09,,,1.0,0
978395722573450577,2026-10,,,1.0,0
979850008423853738,2025-10,106.86,83.0,0.2,4
979850008423853738,2025-11,86.74,83.0,0.0,30
979850008423853738,2025-12,86.21,83.0,0.0,31
979850008423853738,2026-01,73.96,83.0,0.0,31
979850008423853738,2026-02,73.57,83.0,0.0,28
979850008423853738,2026-03,73.28,83.0,0.0,31
979850008423853738,2026-04,86.32,83.0,0.0,30
979850008423853738,2026-05,87.02,83.0,0.0,31
979850008423853738,2026-06,86.32,83.0,0.0,30
979850008423853738,2026-07,86.61,83.0,0.0,31
979850008423853738,2026-08,108.27,83.0,0.0,31
979850008423853738,2026-09,107.9,83.0,0.0,30
979850008423853738,2026-10,108.54,83.0,0.0,26
981859093182421242,2025-10,46.35,36.0,1.0,0
981859093182421242,2025-11,37.62,36.0,0.23,23
981859093182421242,2025-12,37.39,36.0,0.0,31
981859093182421242,2026-01,32.08,36.0,0.0,31
981859093182421242,2026-02,31.91,36.0,0.0,28
981859093182421242,2026-03,31.78,36.0,1.0,0
981859093182421242,2026-04,37.44,36.0,1.0,0
981859093182421242,2026-05,37.74,36.0,1.0,0
981859093182421242,2026-06,37.44,36.0,1.0,0
981859093182421242,2026-07,37.57,36.0,1.0,0
981859093182421242,2026-08,46.96,36.0,1.0,0
981859093182421242,2026-09,46.8,36.0,1.0,0
981859093182421242,2026-10,47.08,36.0,1.0,0
983221259360518570,2025-10,91.41,71.0,0.0,5
983221259360518570,2025-11,74.19,71.0,0.03,29
983221259360518570,2025-12,73.75,71.0,0.0,31
983221259360518570,2026-01,63.27,71.0,0.0,31
983221259360518570,2026-02,62.94,71.0,0.0,28
983221259360518570,2026-03,62.69,71.0,0.0,31
983221259360518570,2026-04,73.84,71.0,0.0,30
983221259360518570,2026-05,74.44,71.0,0.0,31
983221259360518570,2026-06,73.84,71.0,0.0,30
983221259360518570,2026-07,74.09,71.0,0.0,31
983221259360518570,2026-08,92.61,71.0,0.0,31
983221259360518570,2026-09,92.3,71.0,0.0,30
983221259360518570,2026-10,92.85,71.0,0.0,26
983286738805956848,2025-10,36.05,28.0,0.2,4
983286738805956848,2025-11,29.26,28.0,0.0,30
983286738805956848,2025-12,29.08,28.0,0.0,31
983286738805956848,2026-01,24.95,28.0,0.0,31
983286738805956848,2026-02,24.82,28.0,0.0,28
983286738805956848,2026-03,24.72,28.0,0.0,31
983286738805956848,2026-04,29.12,28.0,0.0,30
983286738805956848,2026-05,29.35,28.0,0.0,31
983286738805956848,2026-06,29.12,28.0,0.0,30
983286738805956848,2026-07,29.22,28.0,0.26,23
983286738805956848,2026-08,36.52,28.0,1.0,0
983286738805956848,2026-09,36.4,28.0,1.0,0
983286738805956848,2026-10,36.62,28.0,1.0,0
983295773848200302,2025-10,38.62,30.0,1.0,0
983295773848200302,2025-11,31.35,30.0,1.0,0
983295773848200302,2025-12,31.16,30.0,0.0,31
983295773848200302,2026-01,26.73,30.0,0.0,31
983295773848200302,2026-02,26.59,30.0,0.0,28
983295773848200302,2026-03,26.49,30.0,0.0,31
983295773848200302,2026-04,31.2,30.0,0.0,30
983295773848200302,2026-05,31.45,30.0,0.0,31
983295773848200302,2026-06,31.2,30.0,0.0,30
983295773848200302,2026-07,31.31,30.0,0.26,23
983295773848200302,2026-08,39.13,30.0,1.0,0
983295773848200302,2026-09,39.0,30.0,1.0,0
983295773848200302,2026-10,39.23,30.0,1.0,0
983320635438521773,2025-10,38.62,30.0,1.0,0
983320635438521773,2025-11,31.35,30.0,0.0,30
983320635438521773,2025-12,31.16,30.0,0.0,31
983320635438521773,2026-01,26.73,30.0,0.0,31
983320635438521773,2026-02,26.59,30.0,0.0,28
983320635438521773,2026-03,26.49,30.0,0.0,31
983320635438521773,2026-04,31.2,30.0,0.0,30
983320635438521773,2026-05,31.45,30.0,0.0,31
983320635438521773,2026-06,31.2,30.0,0.0,30
983320635438521773,2026-07,31.31,30.0,0.26,23
983320635438521773,2026-08,39.13,30.0,1.0,0
983320635438521773,2026-09,39.0,30.0,1.0,0
983320635438521773,2026-10,39.23,30.0,1.0,0
983464931174368560,2025-10,,,1.0,0
983464931174368560,2025-11,,,1.0,0
983464931174368560,2025-12,,,1.0,0
983464931174368560,2026-01,,,1.0,0
983464931174368560,2026-02,,,1.0,0
983464931174368560,2026-03,,,1.0,0
983464931174368560,2026-04,,,1.0,0
983464931174368560,2026-05,,,1.0,0
983464931174368560,2026-06,,,1.0,0
983464931174368560,2026-07,,,1.0,0
983464931174368560,2026-08,,,1.0,0
983464931174368560,2026-09,,,1.0,0
983464931174368560,2026-10,,,1.0,0
984772731511902830,2025-10,46.35,36.0,1.0,0
984772731511902830,2025-11,37.62,36.0,0.37,19
984772731511902830,2025-12,37.39,36.0,0.0,31
984772731511902830,2026-01,32.08,36.0,1.0,0
984772731511902830,2026-02,31.91,36.0,1.0,0
984772731511902830,2026-03,31.78,36.0,1.0,0
984772731511902830,2026-04,37.44,36.0,1.0,0
984772731511902830,2026-05,37.74,36.0,1.0,0
984772731511902830,2026-06,37.44,36.0,1.0,0
984772731511902830,2026-07,37.57,36.0,1.0,0
984772731511902830,2026-08,46.96,36.0,1.0,0
984772731511902830,2026-09,46.8,36.0,1.0,0
984772731511902830,2026-10,47.08,36.0,1.0,0
985664413664267369,2025-10,64.37,50.0,0.2,4
985664413664267369,2025-11,52.25,50.0,0.0,30
985664413664267369,2025-12,51.94,50.0,0.0,31
985664413664267369,2026-01,44.55,50.0,0.0,31
985664413664267369,2026-02,44.32,50.0,0.0,28
985664413664267369,2026-03,44.14,50.0,0.0,31
985664413664267369,2026-04,52.0,50.0,0.0,30
985664413664267369,2026-05,52.42,50.0,0.0,31
985664413664267369,2026-06,52.0,50.0,0.0,30
985664413664267369,2026-07,52.18,50.0,1.0,0
985664413664267369,2026-08,65.22,50.0,1.0,0
985664413664267369,2026-09,65.0,50.0,1.0,0
985664413664267369,2026-10,65.38,50.0,1.0,0
985718722089423910,2025-10,46.35,36.0,1.0,0
985718722089423910,2025-11,37.62,36.0,1.0,0
985718722089423910,2025-12,37.39,36.0,1.0,0
985718722089423910,2026-01,32.08,36.0,0.0,31
985718722089423910,2026-02,31.91,36.0,1.0,0
985718722089423910,2026-03,31.78,36.0,1.0,0
985718722089423910,2026-04,37.44,36.0,1.0,0
985718722089423910,2026-05,37.74,36.0,1.0,0
985718722089423910,2026-06,37.44,36.0,1.0,0
985718722089423910,2026-07,37.57,36.0,0.97,1
985718722089423910,2026-08,46.96,36.0,1.0,0
985718722089423910,2026-09,46.8,36.0,1.0,0
985718722089423910,2026-10,47.08,36.0,1.0,0
988525985627729557,2025-10,117.16,91.0,0.6,2
988525985627729557,2025-11,95.1,91.0,0.73,8
988525985627729557,2025-12,94.52,91.0,0.13,27
988525985627729557,2026-01,81.09,91.0,0.0,31
988525985627729557,2026-02,80.66,91.0,0.0,28
988525985627729557,2026-03,80.34,91.0,0.0,31
988525985627729557,2026-04,94.64,91.0,0.0,30
988525985627729557,2026-05,95.4,91.0,0.0,31
988525985627729557,2026-06,94.64,91.0,0.0,30
988525985627729557,2026-07,94.96,91.0,0.0,31
988525985627729557,2026-08,118.7,91.0,0.0,31
988525985627729557,2026-09,118.3,91.0,0.0,30
988525985627729557,2026-10,119.0,91.0,0.0,26
988703394001603578,2025-10,113.3,88.0,1.0,0
988703394001603578,2025-11,91.96,88.0,1.0,0
988703394001603578,2025-12,91.41,88.0,0.42,18
988703394001603578,2026-01,78.42,88.0,0.0,31
988703394001603578,2026-02,78.01,88.0,0.0,28
988703394001603578,2026-03,77.7,88.0,0.0,31
988703394001603578,2026-04,91.52,88.0,0.0,30
988703394001603578,2026-05,92.26,88.0,0.0,31
988703394001603578,2026-06,91.52,88.0,0.0,30
988703394001603578,2026-07,91.83,88.0,0.0,31
988703394001603578,2026-08,114.79,88.0,0.0,31
988703394001603578,2026-09,114.4,88.0,0.0,30
988703394001603578,2026-10,115.08,88.0,0.0,26
989119431117046480,2025-10,46.35,36.0,1.0,0
989119431117046480,2025-11,37.62,36.0,1.0,0
989119431117046480,2025-12,37.39,36.0,1.0,0
989119431117046480,2026-01,32.08,36.0,0.65,11
989119431117046480,2026-02,31.91,36.0,0.0,28
989119431117046480,2026-03,31.78,36.0,0.0,31
989119431117046480,2026-04,37.44,36.0,0.2,24
989119431117046480,2026-05,37.74,36.0,1.0,0
989119431117046480,2026-06,37.44,36.0,1.0,0
989119431117046480,2026-07,37.57,36.0,1.0,0
989119431117046480,2026-08,46.96,36.0,1.0,0
989119431117046480,2026-09,46.8,36.0,1.0,0
989119431117046480,2026-10,47.08,36.0,1.0,0
990635109306791934,2025-10,57.94,45.0,1.0,0
990635109306791934,2025-11,47.02,45.0,1.0,0
990635109306791934,2025-12,46.74,45.0,1.0,0
990635109306791934,2026-01,40.1,45.0,0.32,21
990635109306791934,2026-02,39.89,45.0,0.0,28
990635109306791934,2026-03,39.73,45.0,0.0,31
990635109306791934,2026-04,46.8,45.0,0.0,30
990635109306791934,2026-05,47.18,45.0,0.0,31
990635109306791934,2026-06,46.8,45.0,0.0,30
990635109306791934,2026-07,46.96,45.0,0.0,31
990635109306791934,2026-08,58.7,45.0,0.0,31
990635109306791934,2026-09,58.5,45.0,0.0,30
990635109306791934,2026-10,58.85,45.0,0.0,26
992242130876943271,2025-10,52.79,41.0,1.0,0
992242130876943271,2025-11,42.84,41.0,0.27,22
992242130876943271,2025-12,42.59,41.0,0.84,5
992242130876943271,2026-01,36.54,41.0,0.06,29
992242130876943271,2026-02,36.34,41.0,0.0,28
992242130876943271,2026-03,36.2,41.0,0.0,31
992242130876943271,2026-04,42.64,41.0,0.2,24
992242130876943271,2026-05,42.98,41.0,1.0,0
992242130876943271,2026-06,42.64,41.0,1.0,0
992242130876943271,2026-07,42.79,41.0,1.0,0
992242130876943271,2026-08,53.48,41.0,1.0,0
992242130876943271,2026-09,53.3,41.0,1.0,0
992242130876943271,2026-10,53.62,41.0,1.0,0
993514516160436935,2025-10,112.01,87.0,1.0,0
993514516160436935,2025-11,90.92,87.0,1.0,0
993514516160436935,2025-12,90.37,87.0,0.45,17
993514516160436935,2026-01,77.53,87.0,0.16,26
993514516160436935,2026-02,77.12,87.0,0.61,11
993514516160436935,2026-03,76.81,87.0,0.0,31
993514516160436935,2026-04,90.48,87.0,0.0,30
993514516160436935,2026-05,91.21,87.0,0.32,21
993514516160436935,2026-06,90.48,87.0,0.0,30
993514516160436935,2026-07,90.79,87.0,0.0,31
993514516160436935,2026-08,113.49,87.0,0.0,31
993514516160436935,2026-09,113.1,87.0,0.0,30
993514516160436935,2026-10,113.77,87.0,0.0,26
993565960157061550,2025-10,100.42,78.0,0.2,4
993565960157061550,2025-11,81.51,78.0,0.1,27
993565960157061550,2025-12,81.02,78.0,0.0,31
993565960157061550,2026-01,69.51,78.0,0.0,31
993565960157061550,2026-02,69.14,78.0,0.0,28
993565960157061550,2026-03,68.87,78.0,0.0,31
993565960157061550,2026-04,81.12,78.0,0.0,30
993565960157061550,2026-05,81.77,78.0,0.0,31
993565960157061550,2026-06,81.12,78.0,0.0,30
993565960157061550,2026-07,81.4,78.0,0.0,31
993565960157061550,2026-08,101.74,78.0,0.0,31
993565960157061550,2026-09,101.4,78.0,0.0,30
993565960157061550,2026-10,102.0,78.0,0.0,26
994393687182619815,2025-10,163.51,127.0,1.0,0
994393687182619815,2025-11,132.72,127.0,1.0,0
994393687182619815,2025-12,131.92,127.0,0.77,7
994393687182619815,2026-01,113.17,127.0,0.0,31
994393687182619815,2026-02,112.58,127.0,0.0,28
994393687182619815,2026-03,112.13,127.0,0.0,31
994393687182619815,2026-04,132.08,127.0,0.0,30
994393687182619815,2026-05,133.15,127.0,0.97,1
994393687182619815,2026-06,132.08,127.0,1.0,0
994393687182619815,2026-07,132.53,127.0,1.0,0
994393687182619815,2026-08,165.66,127.0,1.0,0
994393687182619815,2026-09,165.1,127.0,1.0,0
994393687182619815,2026-10,166.08,127.0,1.0,0
995923407058735923,2025-10,99.14,77.0,1.0,0
995923407058735923,2025-11,80.46,77.0,1.0,0
995923407058735923,2025-12,79.98,77.0,1.0,0
995923407058735923,2026-01,68.62,77.0,0.0,31
995923407058735923,2026-02,68.26,77.0,0.0,28
995923407058735923,2026-03,67.98,77.0,0.0,31
995923407058735923,2026-04,80.08,77.0,0.0,30
995923407058735923,2026-05,80.73,77.0,0.0,31
995923407058735923,2026-06,80.08,77.0,0.0,30
995923407058735923,2026-07,80.35,77.0,0.0,31
995923407058735923,2026-08,100.44,77.0,0.0,31
995923407058735923,2026-09,100.1,77.0,0.0,30
995923407058735923,2026-10,100.69,77.0,0.0,26
996677384265283457,2025-10,99.14,77.0,1.0,0
996677384265283457,2025-11,80.46,77.0,1.0,0
996677384265283457,2025-12,79.98,77.0,1.0,0
996677384265283457,2026-01,68.62,77.0,0.0,31
996677384265283457,2026-02,68.26,77.0,0.0,28
996677384265283457,2026-03,67.98,77.0,0.0,31
996677384265283457,2026-04,80.08,77.0,0.0,30
996677384265283457,2026-05,80.73,77.0,0.0,31
996677384265283457,2026-06,80.08,77.0,0.0,30
996677384265283457,2026-07,80.35,77.0,0.0,31
996677384265283457,2026-08,100.44,77.0,0.0,31
996677384265283457,2026-09,100.1,77.0,0.0,30
996677384265283457,2026-10,100.69,77.0,0.0,26
998536599926251072,2025-10,,,1.0,0
998536599926251072,2025-11,,,1.0,0
998536599926251072,2025-12,,,1.0,0
998536599926251072,2026-01,,,1.0,0
998536599926251072,2026-02,,,1.0,0
998536599926251072,2026-03,,,1.0,0
998536599926251072,2026-04,,,1.0,0
998536599926251072,2026-05,,,1.0,0
998536599926251072,2026-06,,,1.0,0
998536599926251072,2026-07,,,1.0,0
998536599926251072,2026-08,,,1.0,0
998536599926251072,2026-09,,,1.0,0
998536599926251072,2026-10,,,1.0,0
1000093048917476351,2025-10,,,1.0,0
1000093048917476351,2025-11,,,1.0,0
1000093048917476351,2025-12,,,1.0,0
1000093048917476351,2026-01,,,1.0,0
1000093048917476351,2026-02,,,1.0,0
1000093048917476351,2026-03,,,1.0,0
1000093048917476351,2026-04,,,1.0,0
1000093048917476351,2026-05,,,1.0,0
1000093048917476351,2026-06,,,1.0,0
1000093048917476351,2026-07,,,1.0,0
1000093048917476351,2026-08,,,1.0,0
1000093048917476351,2026-09,,,1.0,0
1000093048917476351,2026-10,,,1.0,0
1000187339554229800,2025-10,92.7,72.0,0.2,4
1000187339554229800,2025-11,75.24,72.0,0.17,25
1000187339554229800,2025-12,74.79,72.0,1.0,0
1000187339554229800,2026-01,64.16,72.0,1.0,0
1000187339554229800,2026-02,63.82,72.0,1.0,0
1000187339554229800,2026-03,63.57,72.0,0.0,31
1000187339554229800,2026-04,74.88,72.0,0.0,30
1000187339554229800,2026-05,75.48,72.0,0.0,31
1000187339554229800,2026-06,74.88,72.0,0.0,30
1000187339554229800,2026-07,75.14,72.0,0.0,31
1000187339554229800,2026-08,93.92,72.0,0.0,31
1000187339554229800,2026-09,93.6,72.0,0.0,30
1000187339554229800,2026-10,94.15,72.0,0.0,26
1005174549414227568,2025-10,113.3,88.0,1.0,0
1005174549414227568,2025-11,91.96,88.0,0.4,18
1005174549414227568,2025-12,91.41,88.0,0.61,12
1005174549414227568,2026-01,78.42,88.0,0.13,27
1005174549414227568,2026-02,78.01,88.0,0.0,28
1005174549414227568,2026-03,77.7,88.0,0.0,31
1005174549414227568,2026-04,91.52,88.0,0.0,30
1005174549414227568,2026-05,92.26,88.0,0.0,31
1005174549414227568,2026-06,91.52,88.0,0.0,30
1005174549414227568,2026-07,91.83,88.0,0.0,31
1005174549414227568,2026-08,114.79,88.0,0.0,31
1005174549414227568,2026-09,114.4,88.0,0.0,30
1005174549414227568,2026-10,115.08,88.0,0.0,26
1005310690470646814,2025-10,78.54,61.0,0.6,2
1005310690470646814,2025-11,63.74,61.0,0.7,9
1005310690470646814,2025-12,63.36,61.0,0.1,28
1005310690470646814,2026-01,54.36,61.0,0.0,31
1005310690470646814,2026-02,54.07,61.0,0.0,28
1005310690470646814,2026-03,53.86,61.0,0.0,31
1005310690470646814,2026-04,63.44,61.0,0.2,24
1005310690470646814,2026-05,63.95,61.0,1.0,0
1005310690470646814,2026-06,63.44,61.0,1.0,0
1005310690470646814,2026-07,63.66,61.0,1.0,0
1005310690470646814,2026-08,79.57,61.0,1.0,0
1005310690470646814,2026-09,79.3,61.0,1.0,0
1005310690470646814,2026-10,79.77,61.0,1.0,0
1006400399584540556,2025-10,614.14,477.0,0.0,5
1006400399584540556,2025-11,498.46,477.0,0.0,30
1006400399584540556,2025-12,495.46,477.0,0.0,31
1006400399584540556,2026-01,425.07,477.0,0.0,31
1006400399584540556,2026-02,422.83,477.0,0.0,28
1006400399584540556,2026-03,421.15,477.0,0.0,31
1006400399584540556,2026-04,496.08,477.0,0.0,30
1006400399584540556,2026-05,500.08,477.0,0.0,31
1006400399584540556,2026-06,496.08,477.0,0.0,30
1006400399584540556,2026-07,497.77,477.0,0.0,31
1006400399584540556,2026-08,622.22,477.0,0.0,31
1006400399584540556,2026-09,620.1,477.0,0.0,30
1006400399584540556,2026-10,623.77,477.0,0.0,26
1010370561359491414,2025-10,66.95,52.0,1.0,0
1010370561359491414,2025-11,54.34,52.0,0.47,16
1010370561359491414,2025-12,54.01,52.0,0.13,27
1010370561359491414,2026-01,46.34,52.0,0.0,31
1010370561359491414,2026-02,46.09,52.0,0.0,28
1010370561359491414,2026-03,45.91,52.0,0.0,31
1010370561359491414,2026-04,54.08,52.0,0.13,26
1010370561359491414,2026-05,54.52,52.0,0.0,31
1010370561359491414,2026-06,54.08,52.0,0.0,30
1010370561359491414,2026-07,54.26,52.0,0.26,23
1010370561359491414,2026-08,67.83,52.0,1.0,0
1010370561359491414,2026-09,67.6,52.0,1.0,0
1010370561359491414,2026-10,68.0,52.0,1.0,0
1010379221825781606,2025-10,83.69,65.0,1.0,0
1010379221825781606,2025-11,67.92,65.0,0.37,19
1010379221825781606,2025-12,67.52,65.0,0.0,31
1010379221825781606,2026-01,57.92,65.0,0.0,31
1010379221825781606,2026-02,57.62,65.0,0.0,28
1010379221825781606,2026-03,57.39,65.0,0.0,31
1010379221825781606,2026-04,67.6,65.0,0.0,30
1010379221825781606,2026-05,68.15,65.0,0.0,31
1010379221825781606,2026-06,67.6,65.0,0.0,30
1010379221825781606,2026-07,67.83,65.0,0.0,31
1010379221825781606,2026-08,84.79,65.0,0.0,31
1010379221825781606,2026-09,84.5,65.0,0.0,30
1010379221825781606,2026-10,85.0,65.0,0.0,26
1010909017159710545,2025-10,100.42,78.0,1.0,0
1010909017159710545,2025-11,81.51,78.0,0.13,26
1010909017159710545,2025-12,81.02,78.0,0.0,31
1010909017159710545,2026-01,69.51,78.0,0.19,25
1010909017159710545,2026-02,69.14,78.0,0.0,28
1010909017159710545,2026-03,68.87,78.0,0.0,31
1010909017159710545,2026-04,81.12,78.0,0.0,30
1010909017159710545,2026-05,81.77,78.0,0.0,31
1010909017159710545,2026-06,81.12,78.0,0.0,30
1010909017159710545,2026-07,81.4,78.0,0.0,31
1010909017159710545,2026-08,101.74,78.0,0.0,31
1010909017159710545,2026-09,101.4,78.0,0.0,30
1010909017159710545,2026-10,102.0,78.0,0.0,26
1010911074520828798,2025-10,100.42,78.0,0.2,4
1010911074520828798,2025-11,81.51,78.0,0.3,21
1010911074520828798,2025-12,81.02,78.0,0.23,24
1010911074520828798,2026-01,69.51,78.0,0.06,29
1010911074520828798,2026-02,69.14,78.0,0.0,28
1010911074520828798,2026-03,68.87,78.0,0.0,31
1010911074520828798,2026-04,81.12,78.0,0.0,30
1010911074520828798,2026-05,81.77,78.0,0.0,31
1010911074520828798,2026-06,81.12,78.0,0.0,30
1010911074520828798,2026-07,81.4,78.0,0.0,31
1010911074520828798,2026-08,101.74,78.0,0.0,31
1010911074520828798,2026-09,101.4,78.0,0.0,30
1010911074520828798,2026-10,102.0,78.0,0.0,26
1010912466655793353,2025-10,126.18,98.0,1.0,0
1010912466655793353,2025-11,102.41,98.0,0.2,24
1010912466655793353,2025-12,101.79,98.0,0.0,31
1010912466655793353,2026-01,87.33,98.0,0.0,31
1010912466655793353,2026-02,86.87,98.0,0.0,28
1010912466655793353,2026-03,86.52,98.0,0.0,31
1010912466655793353,2026-04,101.92,98.0,0.0,30
1010912466655793353,2026-05,102.74,98.0,0.0,31
1010912466655793353,2026-06,101.92,98.0,0.0,30
1010912466655793353,2026-07,102.27,98.0,0.0,31
1010912466655793353,2026-08,127.84,98.0,0.0,31
1010912466655793353,2026-09,127.4,98.0,0.0,30
1010912466655793353,2026-10,128.16,98.0,0.0,26
1010913582293343505,2025-10,100.42,78.0,0.2,4
1010913582293343505,2025-11,81.51,78.0,0.07,28
1010913582293343505,2025-12,81.02,78.0,0.0,31
1010913582293343505,2026-01,69.51,78.0,0.0,31
1010913582293343505,2026-02,69.14,78.0,0.0,28
1010913582293343505,2026-03,68.87,78.0,0.0,31
1010913582293343505,2026-04,81.12,78.0,0.0,30
1010913582293343505,2026-05,81.77,78.0,0.0,31
1010913582293343505,2026-06,81.12,78.0,0.0,30
1010913582293343505,2026-07,81.4,78.0,0.0,31
1010913582293343505,2026-08,101.74,78.0,0.0,31
1010913582293343505,2026-09,101.4,78.0,0.0,30
1010913582293343505,2026-10,102.0,78.0,0.0,26
1011575435556238608,2025-10,126.18,98.0,0.2,4
1011575435556238608,2025-11,102.41,98.0,0.73,8
1011575435556238608,2025-12,101.79,98.0,0.03,30
1011575435556238608,2026-01,87.33,98.0,0.0,31
1011575435556238608,2026-02,86.87,98.0,0.0,28
1011575435556238608,2026-03,86.52,98.0,0.0,31
1011575435556238608,2026-04,101.92,98.0,0.0,30
1011575435556238608,2026-05,102.74,98.0,0.0,31
1011575435556238608,2026-06,101.92,98.0,1.0,0
1011575435556238608,2026-07,102.27,98.0,1.0,0
1011575435556238608,2026-08,127.84,98.0,1.0,0
1011575435556238608,2026-09,127.4,98.0,1.0,0
1011575435556238608,2026-10,128.16,98.0,1.0,0
1014485352046442965,2025-10,207.29,161.0,1.0,0
1014485352046442965,2025-11,168.24,161.0,0.1,27
1014485352046442965,2025-12,167.23,161.0,1.0,0
1014485352046442965,2026-01,143.47,161.0,0.13,27
1014485352046442965,2026-02,142.72,161.0,0.0,28
1014485352046442965,2026-03,142.15,161.0,0.0,31
1014485352046442965,2026-04,167.44,161.0,0.0,30
1014485352046442965,2026-05,168.79,161.0,0.0,31
1014485352046442965,2026-06,167.44,161.0,0.0,30
1014485352046442965,2026-07,168.01,161.0,0.0,31
1014485352046442965,2026-08,210.01,161.0,0.0,31
1014485352046442965,2026-09,209.3,161.0,0.0,30
1014485352046442965,2026-10,210.54,161.0,0.0,26
1020167935565826657,2025-10,539.46,419.0,0.0,5
1020167935565826657,2025-11,437.85,419.0,0.17,25
1020167935565826657,2025-12,435.22,419.0,0.16,26
1020167935565826657,2026-01,373.38,419.0,0.0,31
1020167935565826657,2026-02,371.41,419.0,0.14,24
1020167935565826657,2026-03,369.94,419.0,0.0,31
1020167935565826657,2026-04,435.76,419.0,0.0,30
1020167935565826657,2026-05,439.27,419.0,0.23,24
1020167935565826657,2026-06,435.76,419.0,0.07,28
1020167935565826657,2026-07,437.25,419.0,0.0,31
1020167935565826657,2026-08,546.56,419.0,0.0,31
1020167935565826657,2026-09,544.7,419.0,0.0,30
1020167935565826657,2026-10,547.92,419.0,0.19,21
1020296319693890470,2025-10,148.06,115.0,1.0,0
1020296319693890470,2025-11,120.18,115.0,1.0,0
1020296319693890470,2025-12,119.45,115.0,1.0,0
1020296319693890470,2026-01,102.48,115.0,1.0,0
1020296319693890470,2026-02,101.94,115.0,0.93,2
1020296319693890470,2026-03,101.53,115.0,0.0,31
1020296319693890470,2026-04,119.6,115.0,0.0,30
1020296319693890470,2026-05,120.56,115.0,0.0,31
1020296319693890470,2026-06,119.6,115.0,0.0,30
1020296319693890470,2026-07,120.01,115.0,0.0,31
1020296319693890470,2026-08,150.01,115.0,0.0,31
1020296319693890470,2026-09,149.5,115.0,0.0,30
1020296319693890470,2026-10,150.38,115.0,0.0,26
1023381666826783402,2025-10,141.62,110.0,0.4,3
1023381666826783402,2025-11,114.95,110.0,0.53,14
1023381666826783402,2025-12,114.26,110.0,0.32,21
1023381666826783402,2026-01,98.02,110.0,0.03,30
1023381666826783402,2026-02,97.51,110.0,0.0,28
1023381666826783402,2026-03,97.12,110.0,0.0,31
1023381666826783402,2026-04,114.4,110.0,0.2,24
1023381666826783402,2026-05,115.32,110.0,1.0,0
1023381666826783402,2026-06,114.4,110.0,1.0,0
1023381666826783402,2026-07,114.79,110.0,1.0,0
1023381666826783402,2026-08,143.49,110.0,1.0,0
1023381666826783402,2026-09,143.0,110.0,1.0,0
1023381666826783402,2026-10,143.84,110.0,1.0,0
1023856370036917010,2025-10,106.86,83.0,1.0,0
1023856370036917010,2025-11,86.74,83.0,1.0,0
1023856370036917010,2025-12,86.21,83.0,1.0,0
1023856370036917010,2026-01,73.96,83.0,1.0,0
1023856370036917010,2026-02,73.57,83.0,1.0,0
1023856370036917010,2026-03,73.28,83.0,1.0,0
1023856370036917010,2026-04,86.32,83.0,1.0,0
1023856370036917010,2026-05,87.02,83.0,0.0,31
1023856370036917010,2026-06,86.32,83.0,0.0,30
1023856370036917010,2026-07,86.61,83.0,0.26,23
1023856370036917010,2026-08,108.27,83.0,1.0,0
1023856370036917010,2026-09,107.9,83.0,1.0,0
1023856370036917010,2026-10,108.54,83.0,1.0,0
1024691780349840958,2025-10,160.94,125.0,1.0,0
1024691780349840958,2025-11,130.62,125.0,1.0,0
1024691780349840958,2025-12,129.84,125.0,0.65,11
1024691780349840958,2026-01,111.39,125.0,0.0,31
1024691780349840958,2026-02,110.8,125.0,0.0,28
1024691780349840958,2026-03,110.36,125.0,0.0,31
1024691780349840958,2026-04,130.0,125.0,0.0,30
1024691780349840958,2026-05,131.05,125.0,0.0,31
1024691780349840958,2026-06,130.0,125.0,0.0,30
1024691780349840958,2026-07,130.44,125.0,0.0,31
1024691780349840958,2026-08,163.06,125.0,0.0,31
1024691780349840958,2026-09,162.5,125.0,0.0,30
1024691780349840958,2026-10,163.46,125.0,0.0,26
1024714478293737569,2025-10,66.95,52.0,1.0,0
1024714478293737569,2025-11,54.34,52.0,1.0,0
1024714478293737569,2025-12,54.01,52.0,0.0,31
1024714478293737569,2026-01,46.34,52.0,0.0,31
1024714478293737569,2026-02,46.09,52.0,0.0,28
1024714478293737569,2026-03,45.91,52.0,0.0,31
1024714478293737569,2026-04,54.08,52.0,0.0,30
1024714478293737569,2026-05,54.52,52.0,0.0,31
1024714478293737569,2026-06,54.08,52.0,0.0,30
1024714478293737569,2026-07,54.26,52.0,0.26,23
1024714478293737569,2026-08,67.83,52.0,1.0,0
1024714478293737569,2026-09,67.6,52.0,1.0,0
1024714478293737569,2026-10,68.0,52.0,1.0,0
1024748833485480042,2025-10,,,1.0,0
1024748833485480042,2025-11,,,1.0,0
1024748833485480042,2025-12,,,1.0,0
1024748833485480042,2026-01,,,1.0,0
1024748833485480042,2026-02,,,1.0,0
1024748833485480042,2026-03,,,1.0,0
1024748833485480042,2026-04,,,1.0,0
1024748833485480042,2026-05,,,1.0,0
1024748833485480042,2026-06,,,1.0,0
1024748833485480042,2026-07,,,1.0,0
1024748833485480042,2026-08,,,1.0,0
1024748833485480042,2026-09,,,0.0,30
1024748833485480042,2026-10,,,0.0,26
1024760376071713468,2025-10,99.14,77.0,1.0,0
1024760376071713468,2025-11,80.46,77.0,1.0,0
1024760376071713468,2025-12,79.98,77.0,1.0,0
1024760376071713468,2026-01,68.62,77.0,1.0,0
1024760376071713468,2026-02,68.26,77.0,0.75,7
1024760376071713468,2026-03,67.98,77.0,0.0,31
1024760376071713468,2026-04,80.08,77.0,0.0,30
1024760376071713468,2026-05,80.73,77.0,0.0,31
1024760376071713468,2026-06,80.08,77.0,0.0,30
1024760376071713468,2026-07,80.35,77.0,0.0,31
1024760376071713468,2026-08,100.44,77.0,0.0,31
1024760376071713468,2026-09,100.1,77.0,0.0,30
1024760376071713468,2026-10,100.69,77.0,0.0,26
1024842432343706742,2025-10,176.39,137.0,0.4,3
1024842432343706742,2025-11,143.16,137.0,0.27,22
1024842432343706742,2025-12,142.3,137.0,0.06,29
1024842432343706742,2026-01,122.09,137.0,0.0,31
1024842432343706742,2026-02,121.44,137.0,0.0,28
1024842432343706742,2026-03,120.96,137.0,0.0,31
1024842432343706742,2026-04,142.48,137.0,0.0,30
1024842432343706742,2026-05,143.63,137.0,0.0,31
1024842432343706742,2026-06,142.48,137.0,0.0,30
1024842432343706742,2026-07,142.97,137.0,0.26,23
1024842432343706742,2026-08,178.71,137.0,1.0,0
1024842432343706742,2026-09,178.1,137.0,1.0,0
1024842432343706742,2026-10,179.15,137.0,1.0,0
1024860153634134837,2025-10,151.92,118.0,1.0,0
1024860153634134837,2025-11,123.31,118.0,0.27,22
1024860153634134837,2025-12,122.57,118.0,0.0,31
1024860153634134837,2026-01,105.15,118.0,0.23,24
1024860153634134837,2026-02,104.6,118.0,1.0,0
1024860153634134837,2026-03,104.18,118.0,1.0,0
1024860153634134837,2026-04,122.72,118.0,1.0,0
1024860153634134837,2026-05,123.71,118.0,1.0,0
1024860153634134837,2026-06,122.72,118.0,1.0,0
1024860153634134837,2026-07,123.14,118.0,1.0,0
1024860153634134837,2026-08,153.92,118.0,1.0,0
1024860153634134837,2026-09,153.4,118.0,1.0,0
1024860153634134837,2026-10,154.31,118.0,1.0,0
1025519501649098001,2025-10,124.89,97.0,1.0,0
1025519501649098001,2025-11,101.36,97.0,1.0,0
1025519501649098001,2025-12,100.75,97.0,1.0,0
1025519501649098001,2026-01,86.44,97.0,0.45,17
1025519501649098001,2026-02,85.98,97.0,0.0,28
1025519501649098001,2026-03,85.64,97.0,0.0,31
1025519501649098001,2026-04,100.88,97.0,0.0,30
1025519501649098001,2026-05,101.69,97.0,0.06,29
1025519501649098001,2026-06,100.88,97.0,0.0,30
1025519501649098001,2026-07,101.22,97.0,0.0,31
1025519501649098001,2026-08,126.53,97.0,0.0,31
1025519501649098001,2026-09,126.1,97.0,0.0,30
1025519501649098001,2026-10,126.85,97.0,0.0,26
1026691447210184316,2025-10,173.81,135.0,0.4,3
1026691447210184316,2025-11,141.07,135.0,0.9,3
1026691447210184316,2025-12,140.23,135.0,0.61,12
1026691447210184316,2026-01,120.3,135.0,0.29,22
1026691447210184316,2026-02,119.67,135.0,0.0,28
1026691447210184316,2026-03,119.19,135.0,0.0,31
1026691447210184316,2026-04,140.4,135.0,0.0,30
1026691447210184316,2026-05,141.53,135.0,0.58,13
1026691447210184316,2026-06,140.4,135.0,0.2,24
1026691447210184316,2026-07,140.88,135.0,0.0,31
1026691447210184316,2026-08,176.1,135.0,0.0,31
1026691447210184316,2026-09,175.5,135.0,0.0,30
1026691447210184316,2026-10,176.54,135.0,0.0,26
1028939903477766891,2025-10,347.62,270.0,0.6,2
1028939903477766891,2025-11,282.15,270.0,0.0,30
1028939903477766891,2025-12,280.45,270.0,0.0,31
1028939903477766891,2026-01,240.61,270.0,0.0,31
1028939903477766891,2026-02,239.34,270.0,0.0,28
1028939903477766891,2026-03,238.39,270.0,0.0,31
1028939903477766891,2026-04,280.8,270.0,0.0,30
1028939903477766891,2026-05,283.06,270.0,0.0,31
1028939903477766891,2026-06,280.8,270.0,0.0,30
1028939903477766891,2026-07,281.76,270.0,0.26,23
1028939903477766891,2026-08,352.2,270.0,1.0,0
1028939903477766891,2026-09,351.0,270.0,1.0,0
1028939903477766891,2026-10,353.08,270.0,1.0,0
1031903833841038956,2025-10,200.85,156.0,1.0,0
1031903833841038956,2025-11,163.02,156.0,1.0,0
1031903833841038956,2025-12,162.04,156.0,0.74,8
1031903833841038956,2026-01,139.02,156.0,0.0,31
1031903833841038956,2026-02,138.28,156.0,0.0,28
1031903833841038956,2026-03,137.73,156.0,0.0,31
1031903833841038956,2026-04,162.24,156.0,0.2,24
1031903833841038956,2026-05,163.55,156.0,1.0,0
1031903833841038956,2026-06,162.24,156.0,1.0,0
1031903833841038956,2026-07,162.79,156.0,1.0,0
1031903833841038956,2026-08,203.49,156.0,1.0,0
1031903833841038956,2026-09,202.8,156.0,1.0,0
1031903833841038956,2026-10,204.0,156.0,1.0,0
1033233860246555049,2025-10,128.75,100.0,1.0,0
1033233860246555049,2025-11,104.5,100.0,1.0,0
1033233860246555049,2025-12,103.87,100.0,0.0,31
1033233860246555049,2026-01,89.11,100.0,0.0,31
1033233860246555049,2026-02,88.64,100.0,0.0,28
1033233860246555049,2026-03,88.29,100.0,0.0,31
1033233860246555049,2026-04,104.0,100.0,0.0,30
1033233860246555049,2026-05,104.84,100.0,0.0,31
1033233860246555049,2026-06,104.0,100.0,0.0,30
1033233860246555049,2026-07,104.35,100.0,0.26,23
1033233860246555049,2026-08,130.44,100.0,1.0,0
1033233860246555049,2026-09,130.0,100.0,1.0,0
1033233860246555049,2026-10,130.77,100.0,1.0,0
1033285043704289146,2025-10,128.75,100.0,1.0,0
1033285043704289146,2025-11,104.5,100.0,1.0,0
1033285043704289146,2025-12,103.87,100.0,0.65,11
1033285043704289146,2026-01,89.11,100.0,0.0,31
1033285043704289146,2026-02,88.64,100.0,0.0,28
1033285043704289146,2026-03,88.29,100.0,0.0,31
1033285043704289146,2026-04,104.0,100.0,0.0,30
1033285043704289146,2026-05,104.84,100.0,0.0,31
1033285043704289146,2026-06,104.0,100.0,0.0,30
1033285043704289146,2026-07,104.35,100.0,0.26,23
1033285043704289146,2026-08,130.44,100.0,1.0,0
1033285043704289146,2026-09,130.0,100.0,1.0,0
1033285043704289146,2026-10,130.77,100.0,1.0,0
1033304787276925692,2025-10,128.75,100.0,0.4,3
1033304787276925692,2025-11,104.5,100.0,0.0,30
1033304787276925692,2025-12,103.87,100.0,0.0,31
1033304787276925692,2026-01,89.11,100.0,0.0,31
1033304787276925692,2026-02,88.64,100.0,0.0,28
1033304787276925692,2026-03,88.29,100.0,0.0,31
1033304787276925692,2026-04,104.0,100.0,0.0,30
1033304787276925692,2026-05,104.84,100.0,0.0,31
1033304787276925692,2026-06,104.0,100.0,0.0,30
1033304787276925692,2026-07,104.35,100.0,0.26,23
1033304787276925692,2026-08,130.44,100.0,1.0,0
1033304787276925692,2026-09,130.0,100.0,1.0,0
1033304787276925692,2026-10,130.77,100.0,1.0,0
1034158426026731912,2025-10,46.35,36.0,1.0,0
1034158426026731912,2025-11,37.62,36.0,0.27,22
1034158426026731912,2025-12,37.39,36.0,0.0,31
1034158426026731912,2026-01,32.08,36.0,0.0,31
1034158426026731912,2026-02,31.91,36.0,0.0,28
1034158426026731912,2026-03,31.78,36.0,1.0,0
1034158426026731912,2026-04,37.44,36.0,1.0,0
1034158426026731912,2026-05,37.74,36.0,1.0,0
1034158426026731912,2026-06,37.44,36.0,1.0,0
1034158426026731912,2026-07,37.57,36.0,1.0,0
1034158426026731912,2026-08,46.96,36.0,1.0,0
1034158426026731912,2026-09,46.8,36.0,1.0,0
1034158426026731912,2026-10,47.08,36.0,1.0,0
1034978450961341124,2025-10,30.9,24.0,1.0,0
1034978450961341124,2025-11,25.08,24.0,1.0,0
1034978450961341124,2025-12,24.93,24.0,1.0,0
1034978450961341124,2026-01,21.39,24.0,0.03,30
1034978450961341124,2026-02,21.27,24.0,0.0,28
1034978450961341124,2026-03,21.19,24.0,0.0,31
1034978450961341124,2026-04,24.96,24.0,0.0,30
1034978450961341124,2026-05,25.16,24.0,0.0,31
1034978450961341124,2026-06,24.96,24.0,0.0,30
1034978450961341124,2026-07,25.05,24.0,0.26,23
1034978450961341124,2026-08,31.31,24.0,1.0,0
1034978450961341124,2026-09,31.2,24.0,1.0,0
1034978450961341124,2026-10,31.38,24.0,1.0,0
1035542916138846233,2025-10,81.11,63.0,0.0,5
1035542916138846233,2025-11,65.83,63.0,0.47,16
1035542916138846233,2025-12,65.44,63.0,0.0,31
1035542916138846233,2026-01,56.14,63.0,0.52,15
1035542916138846233,2026-02,55.84,63.0,0.0,28
1035542916138846233,2026-03,55.62,63.0,0.13,27
1035542916138846233,2026-04,65.52,63.0,0.0,30
1035542916138846233,2026-05,66.05,63.0,0.48,16
1035542916138846233,2026-06,65.52,63.0,0.0,30
1035542916138846233,2026-07,65.74,63.0,0.26,23
1035542916138846233,2026-08,82.18,63.0,1.0,0
1035542916138846233,2026-09,81.9,63.0,1.0,0
1035542916138846233,2026-10,82.38,63.0,1.0,0
1035613199975857947,2025-10,109.44,85.0,1.0,0
1035613199975857947,2025-11,88.82,85.0,1.0,0
1035613199975857947,2025-12,88.29,85.0,1.0,0
1035613199975857947,2026-01,75.75,85.0,1.0,0
1035613199975857947,2026-02,75.35,85.0,1.0,0
1035613199975857947,2026-03,75.05,85.0,1.0,0
1035613199975857947,2026-04,88.4,85.0,1.0,0
1035613199975857947,2026-05,89.11,85.0,1.0,0
1035613199975857947,2026-06,88.4,85.0,1.0,0
1035613199975857947,2026-07,88.7,85.0,1.0,0
1035613199975857947,2026-08,110.88,85.0,0.0,31
1035613199975857947,2026-09,110.5,85.0,0.0,30
1035613199975857947,2026-10,111.15,85.0,0.0,26
1039900484774161450,2025-10,,,1.0,0
1039900484774161450,2025-11,,,1.0,0
1039900484774161450,2025-12,,,1.0,0
1039900484774161450,2026-01,,,1.0,0
1039900484774161450,2026-02,,,1.0,0
1039900484774161450,2026-03,,,1.0,0
1039900484774161450,2026-04,,,1.0,0
1039900484774161450,2026-05,,,1.0,0
1039900484774161450,2026-06,,,0.0,30
1039900484774161450,2026-07,,,0.26,23
1039900484774161450,2026-08,,,1.0,0
1039900484774161450,2026-09,,,1.0,0
1039900484774161450,2026-10,,,1.0,0
1040040778184228497,2025-10,93.99,73.0,0.8,1
1040040778184228497,2025-11,76.29,73.0,0.3,21
1040040778184228497,2025-12,75.83,73.0,0.9,3
1040040778184228497,2026-01,65.05,73.0,0.65,11
1040040778184228497,2026-02,64.71,73.0,1.0,0
1040040778184228497,2026-03,64.45,73.0,1.0,0
1040040778184228497,2026-04,75.92,73.0,1.0,0
1040040778184228497,2026-05,76.53,73.0,1.0,0
1040040778184228497,2026-06,75.92,73.0,1.0,0
1040040778184228497,2026-07,76.18,73.0,1.0,0
1040040778184228497,2026-08,95.22,73.0,1.0,0
1040040778184228497,2026-09,94.9,73.0,1.0,0
1040040778184228497,2026-10,95.46,73.0,1.0,0
1040521462266947828,2025-10,,,1.0,0
1040521462266947828,2025-11,,,1.0,0
1040521462266947828,2025-12,,,1.0,0
1040521462266947828,2026-01,,,1.0,0
1040521462266947828,2026-02,,,1.0,0
1040521462266947828,2026-03,,,1.0,0
1040521462266947828,2026-04,,,1.0,0
1040521462266947828,2026-05,,,1.0,0
1040521462266947828,2026-06,,,1.0,0
1040521462266947828,2026-07,,,1.0,0
1040521462266947828,2026-08,,,1.0,0
1040521462266947828,2026-09,,,1.0,0
1040521462266947828,2026-10,,,1.0,0
1043729993196876337,2025-10,128.75,100.0,1.0,0
1043729993196876337,2025-11,104.5,100.0,1.0,0
1043729993196876337,2025-12,103.87,100.0,1.0,0
1043729993196876337,2026-01,89.11,100.0,0.06,29
1043729993196876337,2026-02,88.64,100.0,0.0,28
1043729993196876337,2026-03,88.29,100.0,0.0,31
1043729993196876337,2026-04,104.0,100.0,0.2,24
1043729993196876337,2026-05,104.84,100.0,1.0,0
1043729993196876337,2026-06,104.0,100.0,1.0,0
1043729993196876337,2026-07,104.35,100.0,1.0,0
1043729993196876337,2026-08,130.44,100.0,1.0,0
1043729993196876337,2026-09,130.0,100.0,1.0,0
1043729993196876337,2026-10,130.77,100.0,1.0,0
1044439437877833867,2025-10,215.01,167.0,0.2,4
1044439437877833867,2025-11,174.52,167.0,0.6,12
1044439437877833867,2025-12,173.46,167.0,0.19,25
1044439437877833867,2026-01,148.82,167.0,0.0,31
1044439437877833867,2026-02,148.03,167.0,0.0,28
1044439437877833867,2026-03,147.44,167.0,0.0,31
1044439437877833867,2026-04,173.68,167.0,0.0,30
1044439437877833867,2026-05,175.08,167.0,0.19,25
1044439437877833867,2026-06,173.68,167.0,0.0,30
1044439437877833867,2026-07,174.27,167.0,0.26,23
1044439437877833867,2026-08,217.84,167.0,1.0,0
1044439437877833867,2026-09,217.1,167.0,1.0,0
1044439437877833867,2026-10,218.38,167.0,1.0,0
1045078571216603276,2025-10,203.42,158.0,1.0,0
1045078571216603276,2025-11,165.11,158.0,1.0,0
1045078571216603276,2025-12,164.12,158.0,1.0,0
1045078571216603276,2026-01,140.8,158.0,1.0,0
1045078571216603276,2026-02,140.05,158.0,1.0,0
1045078571216603276,2026-03,139.5,158.0,1.0,0
1045078571216603276,2026-04,164.32,158.0,1.0,0
1045078571216603276,2026-05,165.65,158.0,1.0,0
1045078571216603276,2026-06,164.32,158.0,1.0,0
1045078571216603276,2026-07,164.88,158.0,1.0,0
1045078571216603276,2026-08,206.1,158.0,0.84,5
1045078571216603276,2026-09,205.4,158.0,0.0,30
1045078571216603276,2026-10,206.61,158.0,0.0,26
1049424243347190680,2025-10,180.25,140.0,0.0,5
1049424243347190680,2025-11,146.3,140.0,0.0,30
1049424243347190680,2025-12,145.42,140.0,0.0,31
1049424243347190680,2026-01,124.76,140.0,0.0,31
1049424243347190680,2026-02,124.1,140.0,0.0,28
1049424243347190680,2026-03,123.61,140.0,0.0,31
1049424243347190680,2026-04,145.6,140.0,0.0,30
1049424243347190680,2026-05,146.77,140.0,0.0,31
1049424243347190680,2026-06,145.6,140.0,0.0,30
1049424243347190680,2026-07,146.1,140.0,0.26,23
1049424243347190680,2026-08,182.62,140.0,1.0,0
1049424243347190680,2026-09,182.0,140.0,1.0,0
1049424243347190680,2026-10,183.08,140.0,1.0,0
1049526592959514923,2025-10,173.81,135.0,0.0,5
1049526592959514923,2025-11,141.07,135.0,0.0,30
1049526592959514923,2025-12,140.23,135.0,0.0,31
1049526592959514923,2026-01,120.3,135.0,0.23,24
1049526592959514923,2026-02,119.67,135.0,1.0,0
1049526592959514923,2026-03,119.19,135.0,1.0,0
1049526592959514923,2026-04,140.4,135.0,1.0,0
1049526592959514923,2026-05,141.53,135.0,1.0,0
1049526592959514923,2026-06,140.4,135.0,1.0,0
1049526592959514923,2026-07,140.88,135.0,1.0,0
1049526592959514923,2026-08,176.1,135.0,1.0,0
1049526592959514923,2026-09,175.5,135.0,1.0,0
1049526592959514923,2026-10,176.54,135.0,1.0,0
1049602914569456426,2025-10,99.14,77.0,1.0,0
1049602914569456426,2025-11,80.46,77.0,0.47,16
1049602914569456426,2025-12,79.98,77.0,0.0,31
1049602914569456426,2026-01,68.62,77.0,0.0,31
1049602914569456426,2026-02,68.26,77.0,0.0,28
1049602914569456426,2026-03,67.98,77.0,0.0,31
1049602914569456426,2026-04,80.08,77.0,0.0,30
1049602914569456426,2026-05,80.73,77.0,0.0,31
1049602914569456426,2026-06,80.08,77.0,0.0,30
1049602914569456426,2026-07,80.35,77.0,0.0,31
1049602914569456426,2026-08,100.44,77.0,0.0,31
1049602914569456426,2026-09,100.1,77.0,0.0,30
1049602914569456426,2026-10,100.69,77.0,0.0,26
1058790575148981279,2025-10,239.48,186.0,0.6,2
1058790575148981279,2025-11,194.37,186.0,0.37,19
1058790575148981279,2025-12,193.2,186.0,0.0,31
1058790575148981279,2026-01,165.75,186.0,0.0,31
1058790575148981279,2026-02,164.87,186.0,0.0,28
1058790575148981279,2026-03,164.22,186.0,0.0,31
1058790575148981279,2026-04,193.44,186.0,0.0,30
1058790575148981279,2026-05,195.0,186.0,0.1,28
1058790575148981279,2026-06,193.44,186.0,0.0,30
1058790575148981279,2026-07,194.1,186.0,0.0,31
1058790575148981279,2026-08,242.63,186.0,0.0,31
1058790575148981279,2026-09,241.8,186.0,0.0,30
1058790575148981279,2026-10,243.23,186.0,0.0,26
1060086073416700000,2025-10,222.74,173.0,1.0,0
1060086073416700000,2025-11,180.78,173.0,0.87,4
1060086073416700000,2025-12,179.7,173.0,0.19,25
1060086073416700000,2026-01,154.17,173.0,0.0,31
1060086073416700000,2026-02,153.35,173.0,0.0,28
1060086073416700000,2026-03,152.74,173.0,0.0,31
1060086073416700000,2026-04,179.92,173.0,0.0,30
1060086073416700000,2026-05,181.37,173.0,0.19,25
1060086073416700000,2026-06,179.92,173.0,0.1,27
1060086073416700000,2026-07,180.53,173.0,0.26,23
1060086073416700000,2026-08,225.67,173.0,1.0,0
1060086073416700000,2026-09,224.9,173.0,1.0,0
1060086073416700000,2026-10,226.23,173.0,1.0,0
1062304117439172699,2025-10,69.52,54.0,1.0,0
1062304117439172699,2025-11,56.43,54.0,0.93,2
1062304117439172699,2025-12,56.09,54.0,0.0,31
1062304117439172699,2026-01,48.12,54.0,0.0,31
1062304117439172699,2026-02,47.87,54.0,0.0,28
1062304117439172699,2026-03,47.68,54.0,0.0,31
1062304117439172699,2026-04,56.16,54.0,0.0,30
1062304117439172699,2026-05,56.61,54.0,0.0,31
1062304117439172699,2026-06,56.16,54.0,0.0,30
1062304117439172699,2026-07,56.35,54.0,0.26,23
1062304117439172699,2026-08,70.44,54.0,1.0,0
1062304117439172699,2026-09,70.2,54.0,1.0,0
1062304117439172699,2026-10,70.61,54.0,1.0,0
1063811792288854209,2025-10,302.56,235.0,1.0,0
1063811792288854209,2025-11,245.58,235.0,0.9,3
1063811792288854209,2025-12,244.1,235.0,0.0,31
1063811792288854209,2026-01,209.41,235.0,1.0,0
1063811792288854209,2026-02,208.31,235.0,1.0,0
1063811792288854209,2026-03,207.48,235.0,1.0,0
1063811792288854209,2026-04,244.4,235.0,1.0,0
1063811792288854209,2026-05,246.37,235.0,1.0,0
1063811792288854209,2026-06,244.4,235.0,1.0,0
1063811792288854209,2026-07,245.23,235.0,1.0,0
1063811792288854209,2026-08,306.54,235.0,1.0,0
1063811792288854209,2026-09,305.5,235.0,1.0,0
1063811792288854209,2026-10,307.31,235.0,1.0,0
1065950314171072677,2025-10,151.92,118.0,1.0,0
1065950314171072677,2025-11,123.31,118.0,0.1,27
1065950314171072677,2025-12,122.57,118.0,0.0,31
1065950314171072677,2026-01,105.15,118.0,0.23,24
1065950314171072677,2026-02,104.6,118.0,1.0,0
1065950314171072677,2026-03,104.18,118.0,1.0,0
1065950314171072677,2026-04,122.72,118.0,1.0,0
1065950314171072677,2026-05,123.71,118.0,1.0,0
1065950314171072677,2026-06,122.72,118.0,1.0,0
1065950314171072677,2026-07,123.14,118.0,1.0,0
1065950314171072677,2026-08,153.92,118.0,1.0,0
1065950314171072677,2026-09,153.4,118.0,1.0,0
1065950314171072677,2026-10,154.31,118.0,1.0,0
1069123986654744941,2025-10,95.28,74.0,0.6,2
1069123986654744941,2025-11,77.33,74.0,0.43,17
1069123986654744941,2025-12,76.86,74.0,0.35,20
1069123986654744941,2026-01,65.94,74.0,0.0,31
1069123986654744941,2026-02,65.59,74.0,0.0,28
1069123986654744941,2026-03,65.33,74.0,0.0,31
1069123986654744941,2026-04,76.96,74.0,0.0,30
1069123986654744941,2026-05,77.58,74.0,0.16,26
1069123986654744941,2026-06,76.96,74.0,0.17,25
1069123986654744941,2026-07,77.22,74.0,0.1,28
1069123986654744941,2026-08,96.53,74.0,0.0,31
1069123986654744941,2026-09,96.2,74.0,0.07,28
1069123986654744941,2026-10,96.77,74.0,0.0,26
1070293568337747118,2025-10,113.3,88.0,0.0,5
1070293568337747118,2025-11,91.96,88.0,0.0,30
1070293568337747118,2025-12,91.41,88.0,0.0,31
1070293568337747118,2026-01,78.42,88.0,0.0,31
1070293568337747118,2026-02,78.01,88.0,0.0,28
1070293568337747118,2026-03,77.7,88.0,0.0,31
1070293568337747118,2026-04,91.52,88.0,0.2,24
1070293568337747118,2026-05,92.26,88.0,1.0,0
1070293568337747118,2026-06,91.52,88.0,1.0,0
1070293568337747118,2026-07,91.83,88.0,1.0,0
1070293568337747118,2026-08,114.79,88.0,1.0,0
1070293568337747118,2026-09,114.4,88.0,1.0,0
1070293568337747118,2026-10,115.08,88.0,1.0,0
1070293638231636971,2025-10,113.3,88.0,0.0,5
1070293638231636971,2025-11,91.96,88.0,0.0,30
1070293638231636971,2025-12,91.41,88.0,0.0,31
1070293638231636971,2026-01,78.42,88.0,0.0,31
1070293638231636971,2026-02,78.01,88.0,0.0,28
1070293638231636971,2026-03,77.7,88.0,0.0,31
1070293638231636971,2026-04,91.52,88.0,0.2,24
1070293638231636971,2026-05,92.26,88.0,1.0,0
1070293638231636971,2026-06,91.52,88.0,1.0,0
1070293638231636971,2026-07,91.83,88.0,1.0,0
1070293638231636971,2026-08,114.79,88.0,1.0,0
1070293638231636971,2026-09,114.4,88.0,1.0,0
1070293638231636971,2026-10,115.08,88.0,1.0,0
1080833875506859507,2025-10,,,1.0,0
1080833875506859507,2025-11,,,1.0,0
1080833875506859507,2025-12,,,1.0,0
1080833875506859507,2026-01,,,1.0,0
1080833875506859507,2026-02,,,1.0,0
1080833875506859507,2026-03,,,1.0,0
1080833875506859507,2026-04,,,1.0,0
1080833875506859507,2026-05,,,1.0,0
1080833875506859507,2026-06,,,1.0,0
1080833875506859507,2026-07,,,1.0,0
1080833875506859507,2026-08,,,1.0,0
1080833875506859507,2026-09,,,1.0,0
1080833875506859507,2026-10,,,1.0,0
1081730379305845865,2025-10,90.12,70.0,1.0,0
1081730379305845865,2025-11,73.15,70.0,0.33,20
1081730379305845865,2025-12,72.71,70.0,0.0,31
1081730379305845865,2026-01,62.38,70.0,0.0,31
1081730379305845865,2026-02,62.05,70.0,0.0,28
1081730379305845865,2026-03,61.8,70.0,0.0,31
1081730379305845865,2026-04,72.8,70.0,0.0,30
1081730379305845865,2026-05,73.39,70.0,0.0,31
1081730379305845865,2026-06,72.8,70.0,0.0,30
1081730379305845865,2026-07,73.05,70.0,0.0,31
1081730379305845865,2026-08,91.31,70.0,0.0,31
1081730379305845865,2026-09,91.0,70.0,0.0,30
1081730379305845865,2026-10,91.54,70.0,0.0,26
1081784836645830888,2025-10,321.88,250.0,0.2,4
1081784836645830888,2025-11,261.25,250.0,0.17,25
1081784836645830888,2025-12,259.68,250.0,0.19,25
1081784836645830888,2026-01,222.78,250.0,0.0,31
1081784836645830888,2026-02,221.61,250.0,0.0,28
1081784836645830888,2026-03,220.73,250.0,0.0,31
1081784836645830888,2026-04,260.0,250.0,0.0,30
1081784836645830888,2026-05,262.1,250.0,0.16,26
1081784836645830888,2026-06,260.0,250.0,0.3,21
1081784836645830888,2026-07,260.89,250.0,0.0,31
1081784836645830888,2026-08,326.11,250.0,0.0,31
1081784836645830888,2026-09,325.0,250.0,0.0,30
1081784836645830888,2026-10,326.92,250.0,0.0,26
1084422182151071509,2025-10,119.74,93.0,1.0,0
1084422182151071509,2025-11,97.18,93.0,1.0,0
1084422182151071509,2025-12,96.6,93.0,0.61,12
1084422182151071509,2026-01,82.88,93.0,0.0,31
1084422182151071509,2026-02,82.44,93.0,0.57,12
1084422182151071509,2026-03,82.11,93.0,0.71,9
1084422182151071509,2026-04,96.72,93.0,0.6,12
1084422182151071509,2026-05,97.5,93.0,0.0,31
1084422182151071509,2026-06,96.72,93.0,0.0,30
1084422182151071509,2026-07,97.05,93.0,0.26,23
1084422182151071509,2026-08,121.31,93.0,1.0,0
1084422182151071509,2026-09,120.9,93.0,1.0,0
1084422182151071509,2026-10,121.62,93.0,1.0,0
1084425399164002372,2025-10,119.74,93.0,1.0,0
1084425399164002372,2025-11,97.18,93.0,1.0,0
1084425399164002372,2025-12,96.6,93.0,0.61,12
1084425399164002372,2026-01,82.88,93.0,0.68,10
1084425399164002372,2026-02,82.44,93.0,1.0,0
1084425399164002372,2026-03,82.11,93.0,1.0,0
1084425399164002372,2026-04,96.72,93.0,1.0,0
1084425399164002372,2026-05,97.5,93.0,0.29,22
1084425399164002372,2026-06,96.72,93.0,0.0,30
1084425399164002372,2026-07,97.05,93.0,0.0,31
1084425399164002372,2026-08,121.31,93.0,0.0,31
1084425399164002372,2026-09,120.9,93.0,0.0,30
1084425399164002372,2026-10,121.62,93.0,0.0,26
1086250290987237386,2025-10,262.65,204.0,0.2,4
1086250290987237386,2025-11,213.18,204.0,0.47,16
1086250290987237386,2025-12,211.9,204.0,0.1,28
1086250290987237386,2026-01,181.79,204.0,0.1,28
1086250290987237386,2026-02,180.83,204.0,0.21,22
1086250290987237386,2026-03,180.11,204.0,0.13,27
1086250290987237386,2026-04,212.16,204.0,0.1,27
1086250290987237386,2026-05,213.87,204.0,0.23,24
1086250290987237386,2026-06,212.16,204.0,0.17,25
1086250290987237386,2026-07,212.88,204.0,0.42,18
1086250290987237386,2026-08,266.1,204.0,0.1,28
1086250290987237386,2026-09,265.2,204.0,0.17,25
1086250290987237386,2026-10,266.77,204.0,0.19,21
1087712634366815282,2025-10,359.21,279.0,1.0,0
1087712634366815282,2025-11,291.56,279.0,1.0,0
1087712634366815282,2025-12,289.8,279.0,1.0,0
1087712634366815282,2026-01,248.62,279.0,0.23,24
1087712634366815282,2026-02,247.31,279.0,1.0,0
1087712634366815282,2026-03,246.33,279.0,1.0,0
1087712634366815282,2026-04,290.16,279.0,1.0,0
1087712634366815282,2026-05,292.5,279.0,1.0,0
1087712634366815282,2026-06,290.16,279.0,1.0,0
1087712634366815282,2026-07,291.15,279.0,1.0,0
1087712634366815282,2026-08,363.94,279.0,1.0,0
1087712634366815282,2026-09,362.7,279.0,1.0,0
1087712634366815282,2026-10,364.85,279.0,1.0,0
1090625669075008789,2025-10,,,1.0,0
1090625669075008789,2025-11,,,1.0,0
1090625669075008789,2025-12,,,1.0,0
1090625669075008789,2026-01,,,1.0,0
1090625669075008789,2026-02,,,1.0,0
1090625669075008789,2026-03,,,1.0,0
1090625669075008789,2026-04,,,1.0,0
1090625669075008789,2026-05,,,1.0,0
1090625669075008789,2026-06,,,1.0,0
1090625669075008789,2026-07,,,1.0,0
1090625669075008789,2026-08,,,1.0,0
1090625669075008789,2026-09,,,1.0,0
1090625669075008789,2026-10,,,1.0,0
1092332793373599781,2025-10,383.68,298.0,1.0,0
1092332793373599781,2025-11,311.41,298.0,1.0,0
1092332793373599781,2025-12,309.54,298.0,0.03,30
1092332793373599781,2026-01,265.55,298.0,0.0,31
1092332793373599781,2026-02,264.15,298.0,0.0,28
1092332793373599781,2026-03,263.1,298.0,0.0,31
1092332793373599781,2026-04,309.92,298.0,0.0,30
1092332793373599781,2026-05,312.42,298.0,0.0,31
1092332793373599781,2026-06,309.92,298.0,0.0,30
1092332793373599781,2026-07,310.98,298.0,0.0,31
1092332793373599781,2026-08,388.72,298.0,0.0,31
1092332793373599781,2026-09,387.4,298.0,0.0,30
1092332793373599781,2026-10,389.69,298.0,0.0,26
1093365214492569345,2025-10,121.02,94.0,0.4,3
1093365214492569345,2025-11,98.23,94.0,0.0,30
1093365214492569345,2025-12,97.64,94.0,0.0,31
1093365214492569345,2026-01,83.76,94.0,0.0,31
1093365214492569345,2026-02,83.32,94.0,0.0,28
1093365214492569345,2026-03,82.99,94.0,0.1,28
1093365214492569345,2026-04,97.76,94.0,1.0,0
1093365214492569345,2026-05,98.55,94.0,1.0,0
1093365214492569345,2026-06,97.76,94.0,1.0,0
1093365214492569345,2026-07,98.09,94.0,1.0,0
1093365214492569345,2026-08,122.62,94.0,1.0,0
1093365214492569345,2026-09,122.2,94.0,1.0,0
1093365214492569345,2026-10,122.92,94.0,1.0,0
1094148261271282497,2025-10,103.0,80.0,1.0,0
1094148261271282497,2025-11,83.6,80.0,0.63,11
1094148261271282497,2025-12,83.1,80.0,0.26,23
1094148261271282497,2026-01,71.29,80.0,0.0,31
1094148261271282497,2026-02,70.91,80.0,0.0,28
1094148261271282497,2026-03,70.63,80.0,0.0,31
1094148261271282497,2026-04,83.2,80.0,0.0,30
1094148261271282497,2026-05,83.87,80.0,0.0,31
1094148261271282497,2026-06,83.2,80.0,0.0,30
1094148261271282497,2026-07,83.48,80.0,0.0,31
1094148261271282497,2026-08,104.35,80.0,0.0,31
1094148261271282497,2026-09,104.0,80.0,0.0,30
1094148261271282497,2026-10,104.62,80.0,0.0,26
1094153643949217116,2025-10,144.2,112.0,1.0,0
1094153643949217116,2025-11,117.04,112.0,1.0,0
1094153643949217116,2025-12,116.34,112.0,1.0,0
1094153643949217116,2026-01,99.81,112.0,1.0,0
1094153643949217116,2026-02,99.28,112.0,0.21,22
1094153643949217116,2026-03,98.89,112.0,0.0,31
1094153643949217116,2026-04,116.48,112.0,0.0,30
1094153643949217116,2026-05,117.42,112.0,0.0,31
1094153643949217116,2026-06,116.48,112.0,0.0,30
1094153643949217116,2026-07,116.88,112.0,0.0,31
1094153643949217116,2026-08,146.1,112.0,0.0,31
1094153643949217116,2026-09,145.6,112.0,0.0,30
1094153643949217116,2026-10,146.46,112.0,0.0,26
1094156637622971254,2025-10,103.0,80.0,0.2,4
1094156637622971254,2025-11,83.6,80.0,0.0,30
1094156637622971254,2025-12,83.1,80.0,0.0,31
1094156637622971254,2026-01,71.29,80.0,0.0,31
1094156637622971254,2026-02,70.91,80.0,0.0,28
1094156637622971254,2026-03,70.63,80.0,0.0,31
1094156637622971254,2026-04,83.2,80.0,0.0,30
1094156637622971254,2026-05,83.87,80.0,0.0,31
1094156637622971254,2026-06,83.2,80.0,0.0,30
1094156637622971254,2026-07,83.48,80.0,0.0,31
1094156637622971254,2026-08,104.35,80.0,0.0,31
1094156637622971254,2026-09,104.0,80.0,0.0,30
1094156637622971254,2026-10,104.62,80.0,0.0,26
1094159030042514107,2025-10,127.46,99.0,0.2,4
1094159030042514107,2025-11,103.46,99.0,0.0,30
1094159030042514107,2025-12,102.83,99.0,0.0,31
1094159030042514107,2026-01,88.22,99.0,0.0,31
1094159030042514107,2026-02,87.76,99.0,0.0,28
1094159030042514107,2026-03,87.41,99.0,0.0,31
1094159030042514107,2026-04,102.96,99.0,0.0,30
1094159030042514107,2026-05,103.79,99.0,0.0,31
1094159030042514107,2026-06,102.96,99.0,0.0,30
1094159030042514107,2026-07,103.31,99.0,0.0,31
1094159030042514107,2026-08,129.14,99.0,0.0,31
1094159030042514107,2026-09,128.7,99.0,0.0,30
1094159030042514107,2026-10,129.46,99.0,0.0,26
1094161726980583689,2025-10,118.45,92.0,0.4,3
1094161726980583689,2025-11,96.14,92.0,0.07,28
1094161726980583689,2025-12,95.56,92.0,0.0,31
1094161726980583689,2026-01,81.98,92.0,0.0,31
1094161726980583689,2026-02,81.55,92.0,0.0,28
1094161726980583689,2026-03,81.23,92.0,0.0,31
1094161726980583689,2026-04,95.68,92.0,0.0,30
1094161726980583689,2026-05,96.45,92.0,0.0,31
1094161726980583689,2026-06,95.68,92.0,0.0,30
1094161726980583689,2026-07,96.01,92.0,0.0,31
1094161726980583689,2026-08,120.01,92.0,0.0,31
1094161726980583689,2026-09,119.6,92.0,0.0,30
1094161726980583689,2026-10,120.31,92.0,0.0,26
1094339179675642557,2025-10,115.87,90.0,1.0,0
1094339179675642557,2025-11,94.05,90.0,0.0,30
1094339179675642557,2025-12,93.48,90.0,0.0,31
1094339179675642557,2026-01,80.2,90.0,0.0,31
1094339179675642557,2026-02,79.78,90.0,0.0,28
1094339179675642557,2026-03,79.46,90.0,0.0,31
1094339179675642557,2026-04,93.6,90.0,0.0,30
1094339179675642557,2026-05,94.35,90.0,0.0,31
1094339179675642557,2026-06,93.6,90.0,0.0,30
1094339179675642557,2026-07,93.92,90.0,0.26,23
1094339179675642557,2026-08,117.4,90.0,1.0,0
1094339179675642557,2026-09,117.0,90.0,1.0,0
1094339179675642557,2026-10,117.69,90.0,1.0,0
1095274761485035794,2025-10,168.66,131.0,1.0,0
1095274761485035794,2025-11,136.9,131.0,0.87,4
1095274761485035794,2025-12,136.07,131.0,0.55,14
1095274761485035794,2026-01,116.74,131.0,0.1,28
1095274761485035794,2026-02,116.12,131.0,0.0,28
1095274761485035794,2026-03,115.66,131.0,0.06,29
1095274761485035794,2026-04,136.24,131.0,0.0,30
1095274761485035794,2026-05,137.34,131.0,0.32,21
1095274761485035794,2026-06,136.24,131.0,0.1,27
1095274761485035794,2026-07,136.7,131.0,0.0,31
1095274761485035794,2026-08,170.88,131.0,0.0,31
1095274761485035794,2026-09,170.3,131.0,0.0,30
1095274761485035794,2026-10,171.31,131.0,0.0,26
1099936800743844739,2025-10,87.55,68.0,1.0,0
1099936800743844739,2025-11,71.06,68.0,0.73,8
1099936800743844739,2025-12,70.63,68.0,0.0,31
1099936800743844739,2026-01,60.6,68.0,0.0,31
1099936800743844739,2026-02,60.28,68.0,0.0,28
1099936800743844739,2026-03,60.04,68.0,0.0,31
1099936800743844739,2026-04,70.72,68.0,0.0,30
1099936800743844739,2026-05,71.29,68.0,0.0,31
1099936800743844739,2026-06,70.72,68.0,0.0,30
1099936800743844739,2026-07,70.96,68.0,0.26,23
1099936800743844739,2026-08,88.7,68.0,1.0,0
1099936800743844739,2026-09,88.4,68.0,1.0,0
1099936800743844739,2026-10,88.92,68.0,1.0,0
1104313189287284322,2025-10,108.15,84.0,0.2,4
1104313189287284322,2025-11,87.78,84.0,0.0,30
1104313189287284322,2025-12,87.25,84.0,0.13,27
1104313189287284322,2026-01,74.85,84.0,0.06,29
1104313189287284322,2026-02,74.46,84.0,0.0,28
1104313189287284322,2026-03,74.16,84.0,0.0,31
1104313189287284322,2026-04,87.36,84.0,0.0,30
1104313189287284322,2026-05,88.06,84.0,0.0,31
1104313189287284322,2026-06,87.36,84.0,0.0,30
1104313189287284322,2026-07,87.66,84.0,0.26,23
1104313189287284322,2026-08,109.57,84.0,1.0,0
1104313189287284322,2026-09,109.2,84.0,1.0,0
1104313189287284322,2026-10,109.85,84.0,1.0,0
1104653172216130984,2025-10,173.81,135.0,1.0,0
1104653172216130984,2025-11,141.07,135.0,1.0,0
1104653172216130984,2025-12,140.23,135.0,1.0,0
1104653172216130984,2026-01,120.3,135.0,1.0,0
1104653172216130984,2026-02,119.67,135.0,1.0,0
1104653172216130984,2026-03,119.19,135.0,1.0,0
1104653172216130984,2026-04,140.4,135.0,0.83,5
1104653172216130984,2026-05,141.53,135.0,0.0,31
1104653172216130984,2026-06,140.4,135.0,0.0,30
1104653172216130984,2026-07,140.88,135.0,0.26,23
1104653172216130984,2026-08,176.1,135.0,1.0,0
1104653172216130984,2026-09,175.5,135.0,1.0,0
1104653172216130984,2026-10,176.54,135.0,1.0,0
1104970766040489845,2025-10,162.22,126.0,1.0,0
1104970766040489845,2025-11,131.67,126.0,0.43,17
1104970766040489845,2025-12,130.88,126.0,0.61,12
1104970766040489845,2026-01,112.28,126.0,0.1,28
1104970766040489845,2026-02,111.69,126.0,0.0,28
1104970766040489845,2026-03,111.24,126.0,0.0,31
1104970766040489845,2026-04,131.04,126.0,0.2,24
1104970766040489845,2026-05,132.1,126.0,1.0,0
1104970766040489845,2026-06,131.04,126.0,1.0,0
1104970766040489845,2026-07,131.49,126.0,1.0,0
1104970766040489845,2026-08,164.36,126.0,1.0,0
1104970766040489845,2026-09,163.8,126.0,1.0,0
1104970766040489845,2026-10,164.77,126.0,1.0,0
1105381340489564360,2025-10,51.5,40.0,0.8,1
1105381340489564360,2025-11,41.8,40.0,0.97,1
1105381340489564360,2025-12,41.55,40.0,0.16,26
1105381340489564360,2026-01,35.65,40.0,0.0,31
1105381340489564360,2026-02,35.46,40.0,0.0,28
1105381340489564360,2026-03,35.32,40.0,0.0,31
1105381340489564360,2026-04,41.6,40.0,0.0,30
1105381340489564360,2026-05,41.94,40.0,0.0,31
1105381340489564360,2026-06,41.6,40.0,0.0,30
1105381340489564360,2026-07,41.74,40.0,0.26,23
1105381340489564360,2026-08,52.18,40.0,1.0,0
1105381340489564360,2026-09,52.0,40.0,1.0,0
1105381340489564360,2026-10,52.31,40.0,1.0,0
1105931001462173117,2025-10,139.05,108.0,0.4,3
1105931001462173117,2025-11,112.86,108.0,0.2,24
1105931001462173117,2025-12,112.18,108.0,0.0,31
1105931001462173117,2026-01,96.24,108.0,0.0,31
1105931001462173117,2026-02,95.73,108.0,0.0,28
1105931001462173117,2026-03,95.35,108.0,0.0,31
1105931001462173117,2026-04,112.32,108.0,0.0,30
1105931001462173117,2026-05,113.23,108.0,0.16,26
1105931001462173117,2026-06,112.32,108.0,0.0,30
1105931001462173117,2026-07,112.7,108.0,0.0,31
1105931001462173117,2026-08,140.88,108.0,0.0,31
1105931001462173117,2026-09,140.4,108.0,0.0,30
1105931001462173117,2026-10,141.23,108.0,0.0,26
1106034657449956503,2025-10,157.07,122.0,1.0,0
1106034657449956503,2025-11,127.49,122.0,0.23,23
1106034657449956503,2025-12,126.72,122.0,0.0,31
1106034657449956503,2026-01,108.72,122.0,0.0,31
1106034657449956503,2026-02,108.14,122.0,0.0,28
1106034657449956503,2026-03,107.71,122.0,0.0,31
1106034657449956503,2026-04,126.88,122.0,0.0,30
1106034657449956503,2026-05,127.9,122.0,0.0,31
1106034657449956503,2026-06,126.88,122.0,0.0,30
1106034657449956503,2026-07,127.31,122.0,0.0,31
1106034657449956503,2026-08,159.14,122.0,0.0,31
1106034657449956503,2026-09,158.6,122.0,0.0,30
1106034657449956503,2026-10,159.54,122.0,0.0,26
1106452937207072601,2025-10,135.19,105.0,0.4,3
1106452937207072601,2025-11,109.72,105.0,0.27,22
1106452937207072601,2025-12,109.06,105.0,0.0,31
1106452937207072601,2026-01,93.57,105.0,0.0,31
1106452937207072601,2026-02,93.08,105.0,0.0,28
1106452937207072601,2026-03,92.71,105.0,0.0,31
1106452937207072601,2026-04,109.2,105.0,0.0,30
1106452937207072601,2026-05,110.08,105.0,0.0,31
1106452937207072601,2026-06,109.2,105.0,0.13,26
1106452937207072601,2026-07,109.57,105.0,0.0,31
1106452937207072601,2026-08,136.97,105.0,0.0,31
1106452937207072601,2026-09,136.5,105.0,0.0,30
1106452937207072601,2026-10,137.31,105.0,0.0,26
1106538949531737731,2025-10,112.01,87.0,0.2,4
1106538949531737731,2025-11,90.92,87.0,0.57,13
1106538949531737731,2025-12,90.37,87.0,0.06,29
1106538949531737731,2026-01,77.53,87.0,0.0,31
1106538949531737731,2026-02,77.12,87.0,0.0,28
1106538949531737731,2026-03,76.81,87.0,0.0,31
1106538949531737731,2026-04,90.48,87.0,0.0,30
1106538949531737731,2026-05,91.21,87.0,0.06,29
1106538949531737731,2026-06,90.48,87.0,0.17,25
1106538949531737731,2026-07,90.79,87.0,0.0,31
1106538949531737731,2026-08,113.49,87.0,0.0,31
1106538949531737731,2026-09,113.1,87.0,0.0,30
1106538949531737731,2026-10,113.77,87.0,0.0,26
1106559311142387266,2025-10,196.99,153.0,1.0,0
1106559311142387266,2025-11,159.89,153.0,0.67,10
1106559311142387266,2025-12,158.92,153.0,0.0,31
1106559311142387266,2026-01,136.34,153.0,0.0,31
1106559311142387266,2026-02,135.62,153.0,0.0,28
1106559311142387266,2026-03,135.08,153.0,0.0,31
1106559311142387266,2026-04,159.12,153.0,0.0,30
1106559311142387266,2026-05,160.4,153.0,0.0,31
1106559311142387266,2026-06,159.12,153.0,0.0,30
1106559311142387266,2026-07,159.66,153.0,0.0,31
1106559311142387266,2026-08,199.58,153.0,0.0,31
1106559311142387266,2026-09,198.9,153.0,0.0,30
1106559311142387266,2026-10,200.08,153.0,0.0,26
1106580678470414784,2025-10,226.6,176.0,0.0,5
1106580678470414784,2025-11,183.92,176.0,0.47,16
1106580678470414784,2025-12,182.81,176.0,0.1,28
1106580678470414784,2026-01,156.84,176.0,0.0,31
1106580678470414784,2026-02,156.01,176.0,0.0,28
1106580678470414784,2026-03,155.39,176.0,0.0,31
1106580678470414784,2026-04,183.04,176.0,0.0,30
1106580678470414784,2026-05,184.52,176.0,0.1,28
1106580678470414784,2026-06,183.04,176.0,0.0,30
1106580678470414784,2026-07,183.66,176.0,0.0,31
1106580678470414784,2026-08,229.58,176.0,0.0,31
1106580678470414784,2026-09,228.8,176.0,0.0,30
1106580678470414784,2026-10,230.15,176.0,0.0,26
1106791847906568631,2025-10,180.25,140.0,0.8,1
1106791847906568631,2025-11,146.3,140.0,0.07,28
1106791847906568631,2025-12,145.42,140.0,0.0,31
1106791847906568631,2026-01,124.76,140.0,0.1,28
1106791847906568631,2026-02,124.1,140.0,0.0,28
1106791847906568631,2026-03,123.61,140.0,0.0,31
1106791847906568631,2026-04,145.6,140.0,0.2,24
1106791847906568631,2026-05,146.77,140.0,1.0,0
1106791847906568631,2026-06,145.6,140.0,1.0,0
1106791847906568631,2026-07,146.1,140.0,1.0,0
1106791847906568631,2026-08,182.62,140.0,1.0,0
1106791847906568631,2026-09,182.0,140.0,1.0,0
1106791847906568631,2026-10,183.08,140.0,1.0,0
1107079930234329048,2025-10,,,1.0,0
1107079930234329048,2025-11,,,1.0,0
1107079930234329048,2025-12,,,1.0,0
1107079930234329048,2026-01,,,1.0,0
1107079930234329048,2026-02,,,1.0,0
1107079930234329048,2026-03,,,1.0,0
1107079930234329048,2026-04,,,1.0,0
1107079930234329048,2026-05,,,1.0,0
1107079930234329048,2026-06,,,1.0,0
1107079930234329048,2026-07,,,1.0,0
1107079930234329048,2026-08,,,1.0,0
1107079930234329048,2026-09,,,1.0,0
1107079930234329048,2026-10,,,1.0,0
1107346232269821551,2025-10,42.49,33.0,0.2,4
1107346232269821551,2025-11,34.48,33.0,0.0,30
1107346232269821551,2025-12,34.28,33.0,0.0,31
1107346232269821551,2026-01,29.41,33.0,0.23,24
1107346232269821551,2026-02,29.25,33.0,1.0,0
1107346232269821551,2026-03,29.14,33.0,1.0,0
1107346232269821551,2026-04,34.32,33.0,1.0,0
1107346232269821551,2026-05,34.6,33.0,1.0,0
1107346232269821551,2026-06,34.32,33.0,1.0,0
1107346232269821551,2026-07,34.44,33.0,1.0,0
1107346232269821551,2026-08,43.05,33.0,1.0,0
1107346232269821551,2026-09,42.9,33.0,1.0,0
1107346232269821551,2026-10,43.15,33.0,1.0,0
1110994531908634372,2025-10,37.34,29.0,0.6,2
1110994531908634372,2025-11,30.3,29.0,0.0,30
1110994531908634372,2025-12,30.12,29.0,0.0,31
1110994531908634372,2026-01,25.84,29.0,0.0,31
1110994531908634372,2026-02,25.71,29.0,0.0,28
1110994531908634372,2026-03,25.6,29.0,0.0,31
1110994531908634372,2026-04,30.16,29.0,0.0,30
1110994531908634372,2026-05,30.4,29.0,0.0,31
1110994531908634372,2026-06,30.16,29.0,0.0,30
1110994531908634372,2026-07,30.26,29.0,0.26,23
1110994531908634372,2026-08,37.83,29.0,1.0,0
1110994531908634372,2026-09,37.7,29.0,1.0,0
1110994531908634372,2026-10,37.92,29.0,1.0,0
1111929679272086347,2025-10,128.75,100.0,1.0,0
1111929679272086347,2025-11,104.5,100.0,0.0,30
1111929679272086347,2025-12,103.87,100.0,0.0,31
1111929679272086347,2026-01,89.11,100.0,0.0,31
1111929679272086347,2026-02,88.64,100.0,0.0,28
1111929679272086347,2026-03,88.29,100.0,0.0,31
1111929679272086347,2026-04,104.0,100.0,0.0,30
1111929679272086347,2026-05,104.84,100.0,0.0,31
1111929679272086347,2026-06,104.0,100.0,0.0,30
1111929679272086347,2026-07,104.35,100.0,0.26,23
1111929679272086347,2026-08,130.44,100.0,1.0,0
1111929679272086347,2026-09,130.0,100.0,1.0,0
1111929679272086347,2026-10,130.77,100.0,1.0,0
1111948888326860136,2025-10,128.75,100.0,0.2,4
1111948888326860136,2025-11,104.5,100.0,0.0,30
1111948888326860136,2025-12,103.87,100.0,0.0,31
1111948888326860136,2026-01,89.11,100.0,0.0,31
1111948888326860136,2026-02,88.64,100.0,0.0,28
1111948888326860136,2026-03,88.29,100.0,0.0,31
1111948888326860136,2026-04,104.0,100.0,0.0,30
1111948888326860136,2026-05,104.84,100.0,0.0,31
1111948888326860136,2026-06,104.0,100.0,0.0,30
1111948888326860136,2026-07,104.35,100.0,0.26,23
1111948888326860136,2026-08,130.44,100.0,1.0,0
1111948888326860136,2026-09,130.0,100.0,1.0,0
1111948888326860136,2026-10,130.77,100.0,1.0,0
1111954461802971282,2025-10,128.75,100.0,1.0,0
1111954461802971282,2025-11,104.5,100.0,0.1,27
1111954461802971282,2025-12,103.87,100.0,0.0,31
1111954461802971282,2026-01,89.11,100.0,0.0,31
1111954461802971282,2026-02,88.64,100.0,0.0,28
1111954461802971282,2026-03,88.29,100.0,0.0,31
1111954461802971282,2026-04,104.0,100.0,0.0,30
1111954461802971282,2026-05,104.84,100.0,0.0,31
1111954461802971282,2026-06,104.0,100.0,0.0,30
1111954461802971282,2026-07,104.35,100.0,0.26,23
1111954461802971282,2026-08,130.44,100.0,1.0,0
1111954461802971282,2026-09,130.0,100.0,1.0,0
1111954461802971282,2026-10,130.77,100.0,1.0,0
1111960279766744903,2025-10,128.75,100.0,1.0,0
1111960279766744903,2025-11,104.5,100.0,1.0,0
1111960279766744903,2025-12,103.87,100.0,0.52,15
1111960279766744903,2026-01,89.11,100.0,0.0,31
1111960279766744903,2026-02,88.64,100.0,0.0,28
1111960279766744903,2026-03,88.29,100.0,0.0,31
1111960279766744903,2026-04,104.0,100.0,0.0,30
1111960279766744903,2026-05,104.84,100.0,0.0,31
1111960279766744903,2026-06,104.0,100.0,0.0,30
1111960279766744903,2026-07,104.35,100.0,0.26,23
1111960279766744903,2026-08,130.44,100.0,1.0,0
1111960279766744903,2026-09,130.0,100.0,1.0,0
1111960279766744903,2026-10,130.77,100.0,1.0,0
1113166018462637884,2025-10,112.01,87.0,1.0,0
1113166018462637884,2025-11,90.92,87.0,1.0,0
1113166018462637884,2025-12,90.37,87.0,0.0,31
1113166018462637884,2026-01,77.53,87.0,0.0,31
1113166018462637884,2026-02,77.12,87.0,0.0,28
1113166018462637884,2026-03,76.81,87.0,0.0,31
1113166018462637884,2026-04,90.48,87.0,0.0,30
1113166018462637884,2026-05,91.21,87.0,0.0,31
1113166018462637884,2026-06,90.48,87.0,0.0,30
1113166018462637884,2026-07,90.79,87.0,0.0,31
1113166018462637884,2026-08,113.49,87.0,0.0,31
1113166018462637884,2026-09,113.1,87.0,0.0,30
1113166018462637884,2026-10,113.77,87.0,0.0,26
1113174753557097083,2025-10,114.59,89.0,1.0,0
1113174753557097083,2025-11,93.01,89.0,1.0,0
1113174753557097083,2025-12,92.45,89.0,0.0,31
1113174753557097083,2026-01,79.31,89.0,0.23,24
1113174753557097083,2026-02,78.89,89.0,1.0,0
1113174753557097083,2026-03,78.58,89.0,1.0,0
1113174753557097083,2026-04,92.56,89.0,1.0,0
1113174753557097083,2026-05,93.31,89.0,1.0,0
1113174753557097083,2026-06,92.56,89.0,1.0,0
1113174753557097083,2026-07,92.88,89.0,1.0,0
1113174753557097083,2026-08,116.1,89.0,1.0,0
1113174753557097083,2026-09,115.7,89.0,1.0,0
1113174753557097083,2026-10,116.39,89.0,1.0,0
1113177270096624065,2025-10,109.44,85.0,1.0,0
1113177270096624065,2025-11,88.82,85.0,1.0,0
1113177270096624065,2025-12,88.29,85.0,0.0,31
1113177270096624065,2026-01,75.75,85.0,0.0,31
1113177270096624065,2026-02,75.35,85.0,0.0,28
1113177270096624065,2026-03,75.05,85.0,0.0,31
1113177270096624065,2026-04,88.4,85.0,0.2,24
1113177270096624065,2026-05,89.11,85.0,1.0,0
1113177270096624065,2026-06,88.4,85.0,1.0,0
1113177270096624065,2026-07,88.7,85.0,1.0,0
1113177270096624065,2026-08,110.88,85.0,1.0,0
1113177270096624065,2026-09,110.5,85.0,1.0,0
1113177270096624065,2026-10,111.15,85.0,1.0,0
1113179248600563040,2025-10,113.3,88.0,1.0,0
1113179248600563040,2025-11,91.96,88.0,1.0,0
1113179248600563040,2025-12,91.41,88.0,0.0,31
1113179248600563040,2026-01,78.42,88.0,0.0,31
1113179248600563040,2026-02,78.01,88.0,0.0,28
1113179248600563040,2026-03,77.7,88.0,0.0,31
1113179248600563040,2026-04,91.52,88.0,0.2,24
1113179248600563040,2026-05,92.26,88.0,1.0,0
1113179248600563040,2026-06,91.52,88.0,1.0,0
1113179248600563040,2026-07,91.83,88.0,1.0,0
1113179248600563040,2026-08,114.79,88.0,1.0,0
1113179248600563040,2026-09,114.4,88.0,1.0,0
1113179248600563040,2026-10,115.08,88.0,1.0,0
1113181111239567027,2025-10,109.44,85.0,1.0,0
1113181111239567027,2025-11,88.82,85.0,1.0,0
1113181111239567027,2025-12,88.29,85.0,0.0,31
1113181111239567027,2026-01,75.75,85.0,0.0,31
1113181111239567027,2026-02,75.35,85.0,0.0,28
1113181111239567027,2026-03,75.05,85.0,0.0,31
1113181111239567027,2026-04,88.4,85.0,0.2,24
1113181111239567027,2026-05,89.11,85.0,1.0,0
1113181111239567027,2026-06,88.4,85.0,1.0,0
1113181111239567027,2026-07,88.7,85.0,1.0,0
1113181111239567027,2026-08,110.88,85.0,1.0,0
1113181111239567027,2026-09,110.5,85.0,1.0,0
1113181111239567027,2026-10,111.15,85.0,1.0,0
1113661637639799072,2025-10,247.2,192.0,0.2,4
1113661637639799072,2025-11,200.64,192.0,0.0,30
1113661637639799072,2025-12,199.43,192.0,0.0,31
1113661637639799072,2026-01,171.1,192.0,0.0,31
1113661637639799072,2026-02,170.19,192.0,0.0,28
1113661637639799072,2026-03,169.52,192.0,0.0,31
1113661637639799072,2026-04,199.68,192.0,0.2,24
1113661637639799072,2026-05,201.29,192.0,1.0,0
1113661637639799072,2026-06,199.68,192.0,1.0,0
1113661637639799072,2026-07,200.36,192.0,1.0,0
1113661637639799072,2026-08,250.45,192.0,1.0,0
1113661637639799072,2026-09,249.6,192.0,1.0,0
1113661637639799072,2026-10,251.08,192.0,1.0,0
1114403624444118518,2025-10,269.09,209.0,0.6,2
1114403624444118518,2025-11,218.4,209.0,0.33,20
1114403624444118518,2025-12,217.09,209.0,0.26,23
1114403624444118518,2026-01,186.25,209.0,0.23,24
1114403624444118518,2026-02,185.26,209.0,1.0,0
1114403624444118518,2026-03,184.53,209.0,1.0,0
1114403624444118518,2026-04,217.36,209.0,1.0,0
1114403624444118518,2026-05,219.11,209.0,1.0,0
1114403624444118518,2026-06,217.36,209.0,1.0,0
1114403624444118518,2026-07,218.1,209.0,1.0,0
1114403624444118518,2026-08,272.63,209.0,1.0,0
1114403624444118518,2026-09,271.7,209.0,1.0,0
1114403624444118518,2026-10,273.31,209.0,1.0,0
1116217688928918816,2025-10,292.26,227.0,0.6,2
1116217688928918816,2025-11,237.22,227.0,0.27,22
1116217688928918816,2025-12,235.79,227.0,0.29,22
1116217688928918816,2026-01,202.29,227.0,0.23,24
1116217688928918816,2026-02,201.22,227.0,1.0,0
1116217688928918816,2026-03,200.42,227.0,1.0,0
1116217688928918816,2026-04,236.08,227.0,1.0,0
1116217688928918816,2026-05,237.98,227.0,1.0,0
1116217688928918816,2026-06,236.08,227.0,1.0,0
1116217688928918816,2026-07,236.89,227.0,1.0,0
1116217688928918816,2026-08,296.11,227.0,1.0,0
1116217688928918816,2026-09,295.1,227.0,1.0,0
1116217688928918816,2026-10,296.85,227.0,1.0,0
1116739805180115235,2025-10,131.32,102.0,0.8,1
1116739805180115235,2025-11,106.59,102.0,0.8,6
1116739805180115235,2025-12,105.95,102.0,0.45,17
1116739805180115235,2026-01,90.89,102.0,0.03,30
1116739805180115235,2026-02,90.41,102.0,1.0,0
1116739805180115235,2026-03,90.05,102.0,0.16,26
1116739805180115235,2026-04,106.08,102.0,0.0,30
1116739805180115235,2026-05,106.94,102.0,0.19,25
1116739805180115235,2026-06,106.08,102.0,0.13,26
1116739805180115235,2026-07,106.44,102.0,0.26,23
1116739805180115235,2026-08,133.05,102.0,1.0,0
1116739805180115235,2026-09,132.6,102.0,1.0,0
1116739805180115235,2026-10,133.38,102.0,1.0,0
1116832622290961369,2025-10,181.54,141.0,0.2,4
1116832622290961369,2025-11,147.34,141.0,0.47,16
1116832622290961369,2025-12,146.46,141.0,0.23,24
1116832622290961369,2026-01,125.65,141.0,0.0,31
1116832622290961369,2026-02,124.99,141.0,0.11,25
1116832622290961369,2026-03,124.49,141.0,0.0,31
1116832622290961369,2026-04,146.64,141.0,0.0,30
1116832622290961369,2026-05,147.82,141.0,0.03,30
1116832622290961369,2026-06,146.64,141.0,0.13,26
1116832622290961369,2026-07,147.14,141.0,0.0,31
1116832622290961369,2026-08,183.93,141.0,0.0,31
1116832622290961369,2026-09,183.3,141.0,0.03,29
1116832622290961369,2026-10,184.39,141.0,0.0,26
1117413461067754985,2025-10,,,1.0,0
1117413461067754985,2025-11,,,1.0,0
1117413461067754985,2025-12,,,1.0,0
1117413461067754985,2026-01,,,1.0,0
1117413461067754985,2026-02,,,1.0,0
1117413461067754985,2026-03,,,1.0,0
1117413461067754985,2026-04,,,1.0,0
1117413461067754985,2026-05,,,1.0,0
1117413461067754985,2026-06,,,1.0,0
1117413461067754985,2026-07,,,1.0,0
1117413461067754985,2026-08,,,1.0,0
1117413461067754985,2026-09,,,1.0,0
1117413461067754985,2026-10,,,1.0,0
1117598350514697901,2025-10,137.76,107.0,1.0,0
1117598350514697901,2025-11,111.82,107.0,1.0,0
1117598350514697901,2025-12,111.14,107.0,0.71,9
1117598350514697901,2026-01,95.35,107.0,0.71,9
1117598350514697901,2026-02,94.85,107.0,1.0,0
1117598350514697901,2026-03,94.47,107.0,1.0,0
1117598350514697901,2026-04,111.28,107.0,1.0,0
1117598350514697901,2026-05,112.18,107.0,1.0,0
1117598350514697901,2026-06,111.28,107.0,1.0,0
1117598350514697901,2026-07,111.66,107.0,1.0,0
1117598350514697901,2026-08,139.57,107.0,1.0,0
1117598350514697901,2026-09,139.1,107.0,1.0,0
1117598350514697901,2026-10,139.92,107.0,1.0,0
1118302896790224806,2025-10,,,0.4,3
1118302896790224806,2025-11,,,0.0,30
1118302896790224806,2025-12,,,0.0,31
1118302896790224806,2026-01,,,0.0,31
1118302896790224806,2026-02,,,0.0,28
1118302896790224806,2026-03,,,0.0,31
1118302896790224806,2026-04,,,0.0,30
1118302896790224806,2026-05,,,0.0,31
1118302896790224806,2026-06,,,0.0,30
1118302896790224806,2026-07,,,0.26,23
1118302896790224806,2026-08,,,1.0,0
1118302896790224806,2026-09,,,1.0,0
1118302896790224806,2026-10,,,1.0,0
1122471624249767872,2025-10,162.22,126.0,0.4,3
1122471624249767872,2025-11,131.67,126.0,0.0,30
1122471624249767872,2025-12,130.88,126.0,0.0,31
1122471624249767872,2026-01,112.28,126.0,0.0,31
1122471624249767872,2026-02,111.69,126.0,0.0,28
1122471624249767872,2026-03,111.24,126.0,0.0,31
1122471624249767872,2026-04,131.04,126.0,0.0,30
1122471624249767872,2026-05,132.1,126.0,0.0,31
1122471624249767872,2026-06,131.04,126.0,0.0,30
1122471624249767872,2026-07,131.49,126.0,0.26,23
1122471624249767872,2026-08,164.36,126.0,1.0,0
1122471624249767872,2026-09,163.8,126.0,1.0,0
1122471624249767872,2026-10,164.77,126.0,1.0,0
1124719009527206467,2025-10,140.34,109.0,1.0,0
1124719009527206467,2025-11,113.9,109.0,0.37,19
1124719009527206467,2025-12,113.22,109.0,0.0,31
1124719009527206467,2026-01,97.13,109.0,0.0,31
1124719009527206467,2026-02,96.62,109.0,0.0,28
1124719009527206467,2026-03,96.24,109.0,0.0,31
1124719009527206467,2026-04,113.36,109.0,0.0,30
1124719009527206467,2026-05,114.27,109.0,0.0,31
1124719009527206467,2026-06,113.36,109.0,0.0,30
1124719009527206467,2026-07,113.75,109.0,0.26,23
1124719009527206467,2026-08,142.18,109.0,1.0,0
1124719009527206467,2026-09,141.7,109.0,1.0,0
1124719009527206467,2026-10,142.54,109.0,1.0,0
1126459132722218774,2025-10,110.72,86.0,1.0,0
1126459132722218774,2025-11,89.87,86.0,1.0,0
1126459132722218774,2025-12,89.33,86.0,1.0,0
1126459132722218774,2026-01,76.64,86.0,0.0,31
1126459132722218774,2026-02,76.23,86.0,0.0,28
1126459132722218774,2026-03,75.93,86.0,0.0,31
1126459132722218774,2026-04,89.44,86.0,0.0,30
1126459132722218774,2026-05,90.16,86.0,0.0,31
1126459132722218774,2026-06,89.44,86.0,0.0,30
1126459132722218774,2026-07,89.75,86.0,0.0,31
1126459132722218774,2026-08,112.18,86.0,0.0,31
1126459132722218774,2026-09,111.8,86.0,0.0,30
1126459132722218774,2026-10,112.46,86.0,0.0,26
1126660584693632103,2025-10,37.34,29.0,0.8,1
1126660584693632103,2025-11,30.3,29.0,0.13,26
1126660584693632103,2025-12,30.12,29.0,0.0,31
1126660584693632103,2026-01,25.84,29.0,0.0,31
1126660584693632103,2026-02,25.71,29.0,0.0,28
1126660584693632103,2026-03,25.6,29.0,0.0,31
1126660584693632103,2026-04,30.16,29.0,0.0,30
1126660584693632103,2026-05,30.4,29.0,0.0,31
1126660584693632103,2026-06,30.16,29.0,0.0,30
1126660584693632103,2026-07,30.26,29.0,0.26,23
1126660584693632103,2026-08,37.83,29.0,1.0,0
1126660584693632103,2026-09,37.7,29.0,1.0,0
1126660584693632103,2026-10,37.92,29.0,1.0,0
1126679655432292917,2025-10,965.62,750.0,0.0,5
1126679655432292917,2025-11,783.75,750.0,0.0,30
1126679655432292917,2025-12,779.03,750.0,0.0,31
1126679655432292917,2026-01,668.35,750.0,0.0,31
1126679655432292917,2026-02,664.82,750.0,0.0,28
1126679655432292917,2026-03,662.18,750.0,0.0,31
1126679655432292917,2026-04,780.0,750.0,0.0,30
1126679655432292917,2026-05,786.29,750.0,0.0,31
1126679655432292917,2026-06,780.0,750.0,0.0,30
1126679655432292917,2026-07,782.66,750.0,0.0,31
1126679655432292917,2026-08,978.33,750.0,0.0,31
1126679655432292917,2026-09,975.0,750.0,0.0,30
1126679655432292917,2026-10,980.77,750.0,0.0,26
1127616922318643468,2025-10,251.06,195.0,1.0,0
1127616922318643468,2025-11,203.78,195.0,0.83,5
1127616922318643468,2025-12,202.55,195.0,0.0,31
1127616922318643468,2026-01,173.77,195.0,0.0,31
1127616922318643468,2026-02,172.85,195.0,0.0,28
1127616922318643468,2026-03,172.17,195.0,0.0,31
1127616922318643468,2026-04,202.8,195.0,0.0,30
1127616922318643468,2026-05,204.44,195.0,0.0,31
1127616922318643468,2026-06,202.8,195.0,0.0,30
1127616922318643468,2026-07,203.49,195.0,0.0,31
1127616922318643468,2026-08,254.36,195.0,0.0,31
1127616922318643468,2026-09,253.5,195.0,0.0,30
1127616922318643468,2026-10,255.0,195.0,0.0,26
1128294399816081218,2025-10,,,1.0,0
1128294399816081218,2025-11,,,1.0,0
1128294399816081218,2025-12,,,1.0,0
1128294399816081218,2026-01,,,1.0,0
1128294399816081218,2026-02,,,1.0,0
1128294399816081218,2026-03,,,1.0,0
1128294399816081218,2026-04,,,1.0,0
1128294399816081218,2026-05,,,1.0,0
1128294399816081218,2026-06,,,1.0,0
1128294399816081218,2026-07,,,0.77,7
1128294399816081218,2026-08,,,1.0,0
1128294399816081218,2026-09,,,1.0,0
1128294399816081218,2026-10,,,1.0,0
1129780706287695344,2025-10,,,1.0,0
1129780706287695344,2025-11,,,1.0,0
1129780706287695344,2025-12,,,1.0,0
1129780706287695344,2026-01,,,1.0,0
1129780706287695344,2026-02,,,1.0,0
1129780706287695344,2026-03,,,1.0,0
1129780706287695344,2026-04,,,1.0,0
1129780706287695344,2026-05,,,1.0,0
1129780706287695344,2026-06,,,1.0,0
1129780706287695344,2026-07,,,1.0,0
1129780706287695344,2026-08,,,1.0,0
1129780706287695344,2026-09,,,1.0,0
1129780706287695344,2026-10,,,1.0,0
1129822324591686929,2025-10,41.2,32.0,0.2,4
1129822324591686929,2025-11,33.44,32.0,0.0,30
1129822324591686929,2025-12,33.24,32.0,0.0,31
1129822324591686929,2026-01,28.52,32.0,0.0,31
1129822324591686929,2026-02,28.37,32.0,0.0,28
1129822324591686929,2026-03,28.25,32.0,0.0,31
1129822324591686929,2026-04,33.28,32.0,0.0,30
1129822324591686929,2026-05,33.55,32.0,0.0,31
1129822324591686929,2026-06,33.28,32.0,0.0,30
1129822324591686929,2026-07,33.39,32.0,0.26,23
1129822324591686929,2026-08,41.74,32.0,1.0,0
1129822324591686929,2026-09,41.6,32.0,1.0,0
1129822324591686929,2026-10,41.85,32.0,1.0,0
1133083026976102060,2025-10,233.04,181.0,0.4,3
1133083026976102060,2025-11,189.14,181.0,0.17,25
1133083026976102060,2025-12,188.01,181.0,0.32,21
1133083026976102060,2026-01,161.3,181.0,0.0,31
1133083026976102060,2026-02,160.44,181.0,0.0,28
1133083026976102060,2026-03,159.81,181.0,0.0,31
1133083026976102060,2026-04,188.24,181.0,0.0,30
1133083026976102060,2026-05,189.76,181.0,0.0,31
1133083026976102060,2026-06,188.24,181.0,0.1,27
1133083026976102060,2026-07,188.88,181.0,0.0,31
1133083026976102060,2026-08,236.1,181.0,0.0,31
1133083026976102060,2026-09,235.3,181.0,0.0,30
1133083026976102060,2026-10,236.69,181.0,0.0,26
1133297575250380615,2025-10,521.44,405.0,1.0,0
1133297575250380615,2025-11,423.22,405.0,1.0,0
1133297575250380615,2025-12,420.68,405.0,1.0,0
1133297575250380615,2026-01,360.91,405.0,0.0,31
1133297575250380615,2026-02,359.0,405.0,0.0,28
1133297575250380615,2026-03,357.58,405.0,0.0,31
1133297575250380615,2026-04,421.2,405.0,0.0,30
1133297575250380615,2026-05,424.6,405.0,0.1,28
1133297575250380615,2026-06,421.2,405.0,0.0,30
1133297575250380615,2026-07,422.64,405.0,0.0,31
1133297575250380615,2026-08,528.3,405.0,0.0,31
1133297575250380615,2026-09,526.5,405.0,0.0,30
1133297575250380615,2026-10,529.62,405.0,0.0,26
1133522591062821563,2025-10,200.85,156.0,0.2,4
1133522591062821563,2025-11,163.02,156.0,0.23,23
1133522591062821563,2025-12,162.04,156.0,0.0,31
1133522591062821563,2026-01,139.02,156.0,0.0,31
1133522591062821563,2026-02,138.28,156.0,0.0,28
1133522591062821563,2026-03,137.73,156.0,0.0,31
1133522591062821563,2026-04,162.24,156.0,0.0,30
1133522591062821563,2026-05,163.55,156.0,0.13,27
1133522591062821563,2026-06,162.24,156.0,0.0,30
1133522591062821563,2026-07,162.79,156.0,0.0,31
1133522591062821563,2026-08,203.49,156.0,0.0,31
1133522591062821563,2026-09,202.8,156.0,0.0,30
1133522591062821563,2026-10,204.0,156.0,0.0,26
1134926144572020168,2025-10,72.1,56.0,1.0,0
1134926144572020168,2025-11,58.52,56.0,0.23,23
1134926144572020168,2025-12,58.17,56.0,0.0,31
1134926144572020168,2026-01,49.9,56.0,0.0,31
1134926144572020168,2026-02,49.64,56.0,0.0,28
1134926144572020168,2026-03,49.44,56.0,0.0,31
1134926144572020168,2026-04,58.24,56.0,0.0,30
1134926144572020168,2026-05,58.71,56.0,0.0,31
1134926144572020168,2026-06,58.24,56.0,0.0,30
1134926144572020168,2026-07,58.44,56.0,0.26,23
1134926144572020168,2026-08,73.05,56.0,1.0,0
1134926144572020168,2026-09,72.8,56.0,1.0,0
1134926144572020168,2026-10,73.23,56.0,1.0,0
1135001851502439431,2025-10,104.29,81.0,0.2,4
1135001851502439431,2025-11,84.64,81.0,0.07,28
1135001851502439431,2025-12,84.14,81.0,0.0,31
1135001851502439431,2026-01,72.18,81.0,0.0,31
1135001851502439431,2026-02,71.8,81.0,0.0,28
1135001851502439431,2026-03,71.52,81.0,0.1,28
1135001851502439431,2026-04,84.24,81.0,0.0,30
1135001851502439431,2026-05,84.92,81.0,0.0,31
1135001851502439431,2026-06,84.24,81.0,0.0,30
1135001851502439431,2026-07,84.53,81.0,0.26,23
1135001851502439431,2026-08,105.66,81.0,1.0,0
1135001851502439431,2026-09,105.3,81.0,1.0,0
1135001851502439431,2026-10,105.92,81.0,1.0,0
1142233835882550764,2025-10,141.62,110.0,0.2,4
1142233835882550764,2025-11,114.95,110.0,0.0,30
1142233835882550764,2025-12,114.26,110.0,0.0,31
1142233835882550764,2026-01,98.02,110.0,0.0,31
1142233835882550764,2026-02,97.51,110.0,0.0,28
1142233835882550764,2026-03,97.12,110.0,0.0,31
1142233835882550764,2026-04,114.4,110.0,0.0,30
1142233835882550764,2026-05,115.32,110.0,0.0,31
1142233835882550764,2026-06,114.4,110.0,0.0,30
1142233835882550764,2026-07,114.79,110.0,0.26,23
1142233835882550764,2026-08,143.49,110.0,1.0,0
1142233835882550764,2026-09,143.0,110.0,1.0,0
1142233835882550764,2026-10,143.84,110.0,1.0,0
1142440434925996325,2025-10,104.29,81.0,0.2,4
1142440434925996325,2025-11,84.64,81.0,0.0,30
1142440434925996325,2025-12,84.14,81.0,0.0,31
1142440434925996325,2026-01,72.18,81.0,0.0,31
1142440434925996325,2026-02,71.8,81.0,0.0,28
1142440434925996325,2026-03,71.52,81.0,0.0,31
1142440434925996325,2026-04,84.24,81.0,0.0,30
1142440434925996325,2026-05,84.92,81.0,0.0,31
1142440434925996325,2026-06,84.24,81.0,0.0,30
1142440434925996325,2026-07,84.53,81.0,0.26,23
1142440434925996325,2026-08,105.66,81.0,1.0,0
1142440434925996325,2026-09,105.3,81.0,1.0,0
1142440434925996325,2026-10,105.92,81.0,1.0,0
1142807622569299710,2025-10,,,1.0,0
1142807622569299710,2025-11,,,1.0,0
1142807622569299710,2025-12,,,1.0,0
1142807622569299710,2026-01,,,1.0,0
1142807622569299710,2026-02,,,1.0,0
1142807622569299710,2026-03,,,1.0,0
1142807622569299710,2026-04,,,1.0,0
1142807622569299710,2026-05,,,1.0,0
1142807622569299710,2026-06,,,1.0,0
1142807622569299710,2026-07,,,1.0,0
1142807622569299710,2026-08,,,1.0,0
1142807622569299710,2026-09,,,1.0,0
1142807622569299710,2026-10,,,1.0,0
1142815338581148017,2025-10,84.97,66.0,1.0,0
1142815338581148017,2025-11,68.97,66.0,1.0,0
1142815338581148017,2025-12,68.55,66.0,1.0,0
1142815338581148017,2026-01,58.81,66.0,1.0,0
1142815338581148017,2026-02,58.5,66.0,0.11,25
1142815338581148017,2026-03,58.27,66.0,0.0,31
1142815338581148017,2026-04,68.64,66.0,0.0,30
1142815338581148017,2026-05,69.19,66.0,0.0,31
1142815338581148017,2026-06,68.64,66.0,0.0,30
1142815338581148017,2026-07,68.87,66.0,0.26,23
1142815338581148017,2026-08,86.09,66.0,1.0,0
1142815338581148017,2026-09,85.8,66.0,1.0,0
1142815338581148017,2026-10,86.31,66.0,1.0,0
1142820769414597557,2025-10,,,1.0,0
1142820769414597557,2025-11,,,1.0,0
1142820769414597557,2025-12,,,1.0,0
1142820769414597557,2026-01,,,1.0,0
1142820769414597557,2026-02,,,1.0,0
1142820769414597557,2026-03,,,1.0,0
1142820769414597557,2026-04,,,1.0,0
1142820769414597557,2026-05,,,1.0,0
1142820769414597557,2026-06,,,1.0,0
1142820769414597557,2026-07,,,1.0,0
1142820769414597557,2026-08,,,1.0,0
1142820769414597557,2026-09,,,1.0,0
1142820769414597557,2026-10,,,1.0,0
1142847821143020381,2025-10,,,1.0,0
1142847821143020381,2025-11,,,0.9,3
1142847821143020381,2025-12,,,0.0,31
1142847821143020381,2026-01,,,0.0,31
1142847821143020381,2026-02,,,0.0,28
1142847821143020381,2026-03,,,0.0,31
1142847821143020381,2026-04,,,0.0,30
1142847821143020381,2026-05,,,0.0,31
1142847821143020381,2026-06,,,0.0,30
1142847821143020381,2026-07,,,0.26,23
1142847821143020381,2026-08,,,1.0,0
1142847821143020381,2026-09,,,1.0,0
1142847821143020381,2026-10,,,1.0,0
1144517620910154397,2025-10,51.5,40.0,0.4,3
1144517620910154397,2025-11,41.8,40.0,0.0,30
1144517620910154397,2025-12,41.55,40.0,0.0,31
1144517620910154397,2026-01,35.65,40.0,0.0,31
1144517620910154397,2026-02,35.46,40.0,0.0,28
1144517620910154397,2026-03,35.32,40.0,0.0,31
1144517620910154397,2026-04,41.6,40.0,0.0,30
1144517620910154397,2026-05,41.94,40.0,0.0,31
1144517620910154397,2026-06,41.6,40.0,0.0,30
1144517620910154397,2026-07,41.74,40.0,0.0,31
1144517620910154397,2026-08,52.18,40.0,0.0,31
1144517620910154397,2026-09,52.0,40.0,0.0,30
1144517620910154397,2026-10,52.31,40.0,0.0,26
1144541572477209147,2025-10,42.49,33.0,1.0,0
1144541572477209147,2025-11,34.48,33.0,1.0,0
1144541572477209147,2025-12,34.28,33.0,0.03,30
1144541572477209147,2026-01,29.41,33.0,0.0,31
1144541572477209147,2026-02,29.25,33.0,0.0,28
1144541572477209147,2026-03,29.14,33.0,0.0,31
1144541572477209147,2026-04,34.32,33.0,0.2,24
1144541572477209147,2026-05,34.6,33.0,1.0,0
1144541572477209147,2026-06,34.32,33.0,1.0,0
1144541572477209147,2026-07,34.44,33.0,1.0,0
1144541572477209147,2026-08,43.05,33.0,1.0,0
1144541572477209147,2026-09,42.9,33.0,1.0,0
1144541572477209147,2026-10,43.15,33.0,1.0,0
1144887340383287111,2025-10,153.21,119.0,1.0,0
1144887340383287111,2025-11,124.36,119.0,0.27,22
1144887340383287111,2025-12,123.61,119.0,0.26,23
1144887340383287111,2026-01,106.04,119.0,0.0,31
1144887340383287111,2026-02,105.48,119.0,0.0,28
1144887340383287111,2026-03,105.06,119.0,0.0,31
1144887340383287111,2026-04,123.76,119.0,0.0,30
1144887340383287111,2026-05,124.76,119.0,0.16,26
1144887340383287111,2026-06,123.76,119.0,0.0,30
1144887340383287111,2026-07,124.18,119.0,0.06,29
1144887340383287111,2026-08,155.23,119.0,0.0,31
1144887340383287111,2026-09,154.7,119.0,0.0,30
1144887340383287111,2026-10,155.61,119.0,0.0,26
1145081085596277206,2025-10,220.16,171.0,0.0,5
1145081085596277206,2025-11,178.7,171.0,0.43,17
1145081085596277206,2025-12,177.62,171.0,0.42,18
1145081085596277206,2026-01,152.38,171.0,1.0,0
1145081085596277206,2026-02,151.58,171.0,1.0,0
1145081085596277206,2026-03,150.98,171.0,1.0,0
1145081085596277206,2026-04,177.84,171.0,1.0,0
1145081085596277206,2026-05,179.27,171.0,1.0,0
1145081085596277206,2026-06,177.84,171.0,1.0,0
1145081085596277206,2026-07,178.45,171.0,1.0,0
1145081085596277206,2026-08,223.06,171.0,1.0,0
1145081085596277206,2026-09,222.3,171.0,1.0,0
1145081085596277206,2026-10,223.61,171.0,1.0,0
1150077706926227637,2025-10,46.35,36.0,0.2,4
1150077706926227637,2025-11,37.62,36.0,0.0,30
1150077706926227637,2025-12,37.39,36.0,0.0,31
1150077706926227637,2026-01,32.08,36.0,0.0,31
1150077706926227637,2026-02,31.91,36.0,0.0,28
1150077706926227637,2026-03,31.78,36.0,1.0,0
1150077706926227637,2026-04,37.44,36.0,1.0,0
1150077706926227637,2026-05,37.74,36.0,1.0,0
1150077706926227637,2026-06,37.44,36.0,1.0,0
1150077706926227637,2026-07,37.57,36.0,1.0,0
1150077706926227637,2026-08,46.96,36.0,1.0,0
1150077706926227637,2026-09,46.8,36.0,1.0,0
1150077706926227637,2026-10,47.08,36.0,1.0,0
1150444759423573259,2025-10,65.66,51.0,0.2,4
1150444759423573259,2025-11,53.29,51.0,0.0,30
1150444759423573259,2025-12,52.97,51.0,0.0,31
1150444759423573259,2026-01,45.45,51.0,0.0,31
1150444759423573259,2026-02,45.21,51.0,0.0,28
1150444759423573259,2026-03,45.03,51.0,0.0,31
1150444759423573259,2026-04,53.04,51.0,0.0,30
1150444759423573259,2026-05,53.47,51.0,0.0,31
1150444759423573259,2026-06,53.04,51.0,0.0,30
1150444759423573259,2026-07,53.22,51.0,0.0,31
1150444759423573259,2026-08,66.53,51.0,0.0,31
1150444759423573259,2026-09,66.3,51.0,0.0,30
1150444759423573259,2026-10,66.69,51.0,0.0,26
1152006178970160354,2025-10,,,1.0,0
1152006178970160354,2025-11,,,1.0,0
1152006178970160354,2025-12,,,1.0,0
1152006178970160354,2026-01,,,1.0,0
1152006178970160354,2026-02,,,1.0,0
1152006178970160354,2026-03,,,1.0,0
1152006178970160354,2026-04,,,1.0,0
1152006178970160354,2026-05,,,1.0,0
1152006178970160354,2026-06,,,1.0,0
1152006178970160354,2026-07,,,1.0,0
1152006178970160354,2026-08,,,1.0,0
1152006178970160354,2026-09,,,1.0,0
1152006178970160354,2026-10,,,1.0,0
1152220640333353300,2025-10,145.49,113.0,0.8,1
1152220640333353300,2025-11,118.08,113.0,0.3,21
1152220640333353300,2025-12,117.37,113.0,0.26,23
1152220640333353300,2026-01,100.7,113.0,0.23,24
1152220640333353300,2026-02,100.17,113.0,0.0,28
1152220640333353300,2026-03,99.77,113.0,1.0,0
1152220640333353300,2026-04,117.52,113.0,1.0,0
1152220640333353300,2026-05,118.47,113.0,1.0,0
1152220640333353300,2026-06,117.52,113.0,1.0,0
1152220640333353300,2026-07,117.92,113.0,1.0,0
1152220640333353300,2026-08,147.4,113.0,1.0,0
1152220640333353300,2026-09,146.9,113.0,1.0,0
1152220640333353300,2026-10,147.77,113.0,1.0,0
1154626508257612771,2025-10,82.4,64.0,0.6,2
1154626508257612771,2025-11,66.88,64.0,0.67,10
1154626508257612771,2025-12,66.48,64.0,0.0,31
1154626508257612771,2026-01,57.03,64.0,0.0,31
1154626508257612771,2026-02,56.73,64.0,0.0,28
1154626508257612771,2026-03,56.51,64.0,0.0,31
1154626508257612771,2026-04,66.56,64.0,0.0,30
1154626508257612771,2026-05,67.1,64.0,0.0,31
1154626508257612771,2026-06,66.56,64.0,0.0,30
1154626508257612771,2026-07,66.79,64.0,0.0,31
1154626508257612771,2026-08,83.48,64.0,0.0,31
1154626508257612771,2026-09,83.2,64.0,0.0,30
1154626508257612771,2026-10,83.69,64.0,0.0,26
1155740591105087865,2025-10,42.49,33.0,0.2,4
1155740591105087865,2025-11,34.48,33.0,0.0,30
1155740591105087865,2025-12,34.28,33.0,0.0,31
1155740591105087865,2026-01,29.41,33.0,0.0,31
1155740591105087865,2026-02,29.25,33.0,0.0,28
1155740591105087865,2026-03,29.14,33.0,0.0,31
1155740591105087865,2026-04,34.32,33.0,0.0,30
1155740591105087865,2026-05,34.6,33.0,0.0,31
1155740591105087865,2026-06,34.32,33.0,0.0,30
1155740591105087865,2026-07,34.44,33.0,0.0,31
1155740591105087865,2026-08,43.05,33.0,0.0,31
1155740591105087865,2026-09,42.9,33.0,0.0,30
1155740591105087865,2026-10,43.15,33.0,0.0,26
1155763273449553869,2025-10,42.49,33.0,1.0,0
1155763273449553869,2025-11,34.48,33.0,0.23,23
1155763273449553869,2025-12,34.28,33.0,0.0,31
1155763273449553869,2026-01,29.41,33.0,0.0,31
1155763273449553869,2026-02,29.25,33.0,0.0,28
1155763273449553869,2026-03,29.14,33.0,0.0,31
1155763273449553869,2026-04,34.32,33.0,0.0,30
1155763273449553869,2026-05,34.6,33.0,0.0,31
1155763273449553869,2026-06,34.32,33.0,0.0,30
1155763273449553869,2026-07,34.44,33.0,0.0,31
1155763273449553869,2026-08,43.05,33.0,0.0,31
1155763273449553869,2026-09,42.9,33.0,0.0,30
1155763273449553869,2026-10,43.15,33.0,0.0,26
1159199335841600820,2025-10,166.09,129.0,1.0,0
1159199335841600820,2025-11,134.8,129.0,1.0,0
1159199335841600820,2025-12,133.99,129.0,0.48,16
1159199335841600820,2026-01,114.96,129.0,0.0,31
1159199335841600820,2026-02,114.35,129.0,0.0,28
1159199335841600820,2026-03,113.9,129.0,0.0,31
1159199335841600820,2026-04,134.16,129.0,0.0,30
1159199335841600820,2026-05,135.24,129.0,0.0,31
1159199335841600820,2026-06,134.16,129.0,0.0,30
1159199335841600820,2026-07,134.62,129.0,0.0,31
1159199335841600820,2026-08,168.27,129.0,0.0,31
1159199335841600820,2026-09,167.7,129.0,0.0,30
1159199335841600820,2026-10,168.69,129.0,0.0,26
1160748315281740743,2025-10,162.22,126.0,0.0,5
1160748315281740743,2025-11,131.67,126.0,0.0,30
1160748315281740743,2025-12,130.88,126.0,0.0,31
1160748315281740743,2026-01,112.28,126.0,0.0,31
1160748315281740743,2026-02,111.69,126.0,0.0,28
1160748315281740743,2026-03,111.24,126.0,0.0,31
1160748315281740743,2026-04,131.04,126.0,0.0,30
1160748315281740743,2026-05,132.1,126.0,0.0,31
1160748315281740743,2026-06,131.04,126.0,0.0,30
1160748315281740743,2026-07,131.49,126.0,0.0,31
1160748315281740743,2026-08,164.36,126.0,0.0,31
1160748315281740743,2026-09,163.8,126.0,0.0,30
1160748315281740743,2026-10,164.77,126.0,0.0,26
1161044552710631852,2025-10,158.36,123.0,1.0,0
1161044552710631852,2025-11,128.54,123.0,1.0,0
1161044552710631852,2025-12,127.76,123.0,1.0,0
1161044552710631852,2026-01,109.61,123.0,1.0,0
1161044552710631852,2026-02,109.03,123.0,1.0,0
1161044552710631852,2026-03,108.6,123.0,1.0,0
1161044552710631852,2026-04,127.92,123.0,0.63,11
1161044552710631852,2026-05,128.95,123.0,0.0,31
1161044552710631852,2026-06,127.92,123.0,0.0,30
1161044552710631852,2026-07,128.36,123.0,0.0,31
1161044552710631852,2026-08,160.44,123.0,0.29,22
1161044552710631852,2026-09,159.9,123.0,1.0,0
1161044552710631852,2026-10,160.85,123.0,1.0,0
1163799878116771863,2025-10,597.4,464.0,0.2,4
1163799878116771863,2025-11,484.88,464.0,0.2,24
1163799878116771863,2025-12,481.96,464.0,0.06,29
1163799878116771863,2026-01,413.48,464.0,0.0,31
1163799878116771863,2026-02,411.3,464.0,0.0,28
1163799878116771863,2026-03,409.67,464.0,0.0,31
1163799878116771863,2026-04,482.56,464.0,0.0,30
1163799878116771863,2026-05,486.45,464.0,0.06,29
1163799878116771863,2026-06,482.56,464.0,0.0,30
1163799878116771863,2026-07,484.21,464.0,0.23,24
1163799878116771863,2026-08,605.26,464.0,1.0,0
1163799878116771863,2026-09,603.2,464.0,1.0,0
1163799878116771863,2026-10,606.77,464.0,1.0,0
1166670440599633113,2025-10,226.6,176.0,0.2,4
1166670440599633113,2025-11,183.92,176.0,0.0,30
1166670440599633113,2025-12,182.81,176.0,0.0,31
1166670440599633113,2026-01,156.84,176.0,0.0,31
1166670440599633113,2026-02,156.01,176.0,0.0,28
1166670440599633113,2026-03,155.39,176.0,0.0,31
1166670440599633113,2026-04,183.04,176.0,0.2,24
1166670440599633113,2026-05,184.52,176.0,1.0,0
1166670440599633113,2026-06,183.04,176.0,1.0,0
1166670440599633113,2026-07,183.66,176.0,1.0,0
1166670440599633113,2026-08,229.58,176.0,1.0,0
1166670440599633113,2026-09,228.8,176.0,1.0,0
1166670440599633113,2026-10,230.15,176.0,1.0,0
1166934200355238381,2025-10,42.49,33.0,1.0,0
1166934200355238381,2025-11,34.48,33.0,1.0,0
1166934200355238381,2025-12,34.28,33.0,0.1,28
1166934200355238381,2026-01,29.41,33.0,0.0,31
1166934200355238381,2026-02,29.25,33.0,0.0,28
1166934200355238381,2026-03,29.14,33.0,0.0,31
1166934200355238381,2026-04,34.32,33.0,0.0,30
1166934200355238381,2026-05,34.6,33.0,0.0,31
1166934200355238381,2026-06,34.32,33.0,0.0,30
1166934200355238381,2026-07,34.44,33.0,0.0,31
1166934200355238381,2026-08,43.05,33.0,0.0,31
1166934200355238381,2026-09,42.9,33.0,0.0,30
1166934200355238381,2026-10,43.15,33.0,0.0,26
1170257328920969861,2025-10,45.06,35.0,1.0,0
1170257328920969861,2025-11,36.58,35.0,1.0,0
1170257328920969861,2025-12,36.35,35.0,1.0,0
1170257328920969861,2026-01,31.19,35.0,0.16,26
1170257328920969861,2026-02,31.02,35.0,0.0,28
1170257328920969861,2026-03,30.9,35.0,0.0,31
1170257328920969861,2026-04,36.4,35.0,0.0,30
1170257328920969861,2026-05,36.69,35.0,0.0,31
1170257328920969861,2026-06,36.4,35.0,0.0,30
1170257328920969861,2026-07,36.52,35.0,0.26,23
1170257328920969861,2026-08,45.65,35.0,1.0,0
1170257328920969861,2026-09,45.5,35.0,1.0,0
1170257328920969861,2026-10,45.77,35.0,1.0,0
1171052507160697663,2025-10,104.29,81.0,0.6,2
1171052507160697663,2025-11,84.64,81.0,0.23,23
1171052507160697663,2025-12,84.14,81.0,0.0,31
1171052507160697663,2026-01,72.18,81.0,0.23,24
1171052507160697663,2026-02,71.8,81.0,1.0,0
1171052507160697663,2026-03,71.52,81.0,1.0,0
1171052507160697663,2026-04,84.24,81.0,1.0,0
1171052507160697663,2026-05,84.92,81.0,1.0,0
1171052507160697663,2026-06,84.24,81.0,1.0,0
1171052507160697663,2026-07,84.53,81.0,1.0,0
1171052507160697663,2026-08,105.66,81.0,1.0,0
1171052507160697663,2026-09,105.3,81.0,1.0,0
1171052507160697663,2026-10,105.92,81.0,1.0,0
1173955907070326904,2025-10,368.22,286.0,0.6,2
1173955907070326904,2025-11,298.87,286.0,0.0,30
1173955907070326904,2025-12,297.07,286.0,0.0,31
1173955907070326904,2026-01,254.86,286.0,0.0,31
1173955907070326904,2026-02,253.52,286.0,0.0,28
1173955907070326904,2026-03,252.51,286.0,0.0,31
1173955907070326904,2026-04,297.44,286.0,0.0,30
1173955907070326904,2026-05,299.84,286.0,0.0,31
1173955907070326904,2026-06,297.44,286.0,0.0,30
1173955907070326904,2026-07,298.45,286.0,0.26,23
1173955907070326904,2026-08,373.07,286.0,1.0,0
1173955907070326904,2026-09,371.8,286.0,1.0,0
1173955907070326904,2026-10,374.0,286.0,1.0,0
1178851161298691193,2025-10,258.79,201.0,0.2,4
1178851161298691193,2025-11,210.04,201.0,0.0,30
1178851161298691193,2025-12,208.78,201.0,0.0,31
1178851161298691193,2026-01,179.12,201.0,0.0,31
1178851161298691193,2026-02,178.17,201.0,0.0,28
1178851161298691193,2026-03,177.46,201.0,0.0,31
1178851161298691193,2026-04,209.04,201.0,0.0,30
1178851161298691193,2026-05,210.73,201.0,0.0,31
1178851161298691193,2026-06,209.04,201.0,0.0,30
1178851161298691193,2026-07,209.75,201.0,0.26,23
1178851161298691193,2026-08,262.19,201.0,1.0,0
1178851161298691193,2026-09,261.3,201.0,1.0,0
1178851161298691193,2026-10,262.85,201.0,1.0,0
1179031414306070533,2025-10,112.01,87.0,1.0,0
1179031414306070533,2025-11,90.92,87.0,0.0,30
1179031414306070533,2025-12,90.37,87.0,0.0,31
1179031414306070533,2026-01,77.53,87.0,0.0,31
1179031414306070533,2026-02,77.12,87.0,0.0,28
1179031414306070533,2026-03,76.81,87.0,0.0,31
1179031414306070533,2026-04,90.48,87.0,0.0,30
1179031414306070533,2026-05,91.21,87.0,0.0,31
1179031414306070533,2026-06,90.48,87.0,0.0,30
1179031414306070533,2026-07,90.79,87.0,0.26,23
1179031414306070533,2026-08,113.49,87.0,1.0,0
1179031414306070533,2026-09,113.1,87.0,1.0,0
1179031414306070533,2026-10,113.77,87.0,1.0,0
1179914627003435458,2025-10,173.81,135.0,1.0,0
1179914627003435458,2025-11,141.07,135.0,1.0,0
1179914627003435458,2025-12,140.23,135.0,1.0,0
1179914627003435458,2026-01,120.3,135.0,0.0,31
1179914627003435458,2026-02,119.67,135.0,0.0,28
1179914627003435458,2026-03,119.19,135.0,0.0,31
1179914627003435458,2026-04,140.4,135.0,0.0,30
1179914627003435458,2026-05,141.53,135.0,0.0,31
1179914627003435458,2026-06,140.4,135.0,0.0,30
1179914627003435458,2026-07,140.88,135.0,0.26,23
1179914627003435458,2026-08,176.1,135.0,1.0,0
1179914627003435458,2026-09,175.5,135.0,1.0,0
1179914627003435458,2026-10,176.54,135.0,1.0,0
1181083148128935410,2025-10,55.36,43.0,0.2,4
1181083148128935410,2025-11,44.93,43.0,0.0,30
1181083148128935410,2025-12,44.66,43.0,0.0,31
1181083148128935410,2026-01,38.32,43.0,0.0,31
1181083148128935410,2026-02,38.12,43.0,0.0,28
1181083148128935410,2026-03,37.96,43.0,0.0,31
1181083148128935410,2026-04,44.72,43.0,0.0,30
1181083148128935410,2026-05,45.08,43.0,0.0,31
1181083148128935410,2026-06,44.72,43.0,0.0,30
1181083148128935410,2026-07,44.87,43.0,0.26,23
1181083148128935410,2026-08,56.09,43.0,1.0,0
1181083148128935410,2026-09,55.9,43.0,1.0,0
1181083148128935410,2026-10,56.23,43.0,1.0,0
1183608139891375069,2025-10,149.35,116.0,1.0,0
1183608139891375069,2025-11,121.22,116.0,1.0,0
1183608139891375069,2025-12,120.49,116.0,0.0,31
1183608139891375069,2026-01,103.37,116.0,0.0,31
1183608139891375069,2026-02,102.83,116.0,0.0,28
1183608139891375069,2026-03,102.42,116.0,0.0,31
1183608139891375069,2026-04,120.64,116.0,1.0,0
1183608139891375069,2026-05,121.61,116.0,1.0,0
1183608139891375069,2026-06,120.64,116.0,1.0,0
1183608139891375069,2026-07,121.05,116.0,1.0,0
1183608139891375069,2026-08,151.31,116.0,1.0,0
1183608139891375069,2026-09,150.8,116.0,1.0,0
1183608139891375069,2026-10,151.69,116.0,1.0,0
1186315581218508765,2025-10,118.45,92.0,0.8,1
1186315581218508765,2025-11,96.14,92.0,0.0,30
1186315581218508765,2025-12,95.56,92.0,0.0,31
1186315581218508765,2026-01,81.98,92.0,0.23,24
1186315581218508765,2026-02,81.55,92.0,1.0,0
1186315581218508765,2026-03,81.23,92.0,1.0,0
1186315581218508765,2026-04,95.68,92.0,1.0,0
1186315581218508765,2026-05,96.45,92.0,1.0,0
1186315581218508765,2026-06,95.68,92.0,1.0,0
1186315581218508765,2026-07,96.01,92.0,1.0,0
1186315581218508765,2026-08,120.01,92.0,1.0,0
1186315581218508765,2026-09,119.6,92.0,1.0,0
1186315581218508765,2026-10,120.31,92.0,1.0,0
1186889553110548477,2025-10,45.06,35.0,1.0,0
1186889553110548477,2025-11,36.58,35.0,0.83,5
1186889553110548477,2025-12,36.35,35.0,0.26,23
1186889553110548477,2026-01,31.19,35.0,0.0,31
1186889553110548477,2026-02,31.02,35.0,0.0,28
1186889553110548477,2026-03,30.9,35.0,0.0,31
1186889553110548477,2026-04,36.4,35.0,0.0,30
1186889553110548477,2026-05,36.69,35.0,0.0,31
1186889553110548477,2026-06,36.4,35.0,0.0,30
1186889553110548477,2026-07,36.52,35.0,0.26,23
1186889553110548477,2026-08,45.65,35.0,1.0,0
1186889553110548477,2026-09,45.5,35.0,1.0,0
1186889553110548477,2026-10,45.77,35.0,1.0,0
1187017457295458163,2025-10,110.72,86.0,1.0,0
1187017457295458163,2025-11,89.87,86.0,1.0,0
1187017457295458163,2025-12,89.33,86.0,0.0,31
1187017457295458163,2026-01,76.64,86.0,0.0,31
1187017457295458163,2026-02,76.23,86.0,0.0,28
1187017457295458163,2026-03,75.93,86.0,0.0,31
1187017457295458163,2026-04,89.44,86.0,0.2,24
1187017457295458163,2026-05,90.16,86.0,1.0,0
1187017457295458163,2026-06,89.44,86.0,1.0,0
1187017457295458163,2026-07,89.75,86.0,1.0,0
1187017457295458163,2026-08,112.18,86.0,1.0,0
1187017457295458163,2026-09,111.8,86.0,1.0,0
1187017457295458163,2026-10,112.46,86.0,1.0,0
1187651377864666755,2025-10,105.58,82.0,1.0,0
1187651377864666755,2025-11,85.69,82.0,1.0,0
1187651377864666755,2025-12,85.17,82.0,0.0,31
1187651377864666755,2026-01,73.07,82.0,0.0,31
1187651377864666755,2026-02,72.69,82.0,0.0,28
1187651377864666755,2026-03,72.4,82.0,0.0,31
1187651377864666755,2026-04,85.28,82.0,0.2,24
1187651377864666755,2026-05,85.97,82.0,1.0,0
1187651377864666755,2026-06,85.28,82.0,1.0,0
1187651377864666755,2026-07,85.57,82.0,1.0,0
1187651377864666755,2026-08,106.97,82.0,1.0,0
1187651377864666755,2026-09,106.6,82.0,1.0,0
1187651377864666755,2026-10,107.23,82.0,1.0,0
1187654038507142546,2025-10,109.44,85.0,1.0,0
1187654038507142546,2025-11,88.82,85.0,1.0,0
1187654038507142546,2025-12,88.29,85.0,0.97,1
1187654038507142546,2026-01,75.75,85.0,0.0,31
1187654038507142546,2026-02,75.35,85.0,0.0,28
1187654038507142546,2026-03,75.05,85.0,0.0,31
1187654038507142546,2026-04,88.4,85.0,0.2,24
1187654038507142546,2026-05,89.11,85.0,1.0,0
1187654038507142546,2026-06,88.4,85.0,1.0,0
1187654038507142546,2026-07,88.7,85.0,1.0,0
1187654038507142546,2026-08,110.88,85.0,1.0,0
1187654038507142546,2026-09,110.5,85.0,1.0,0
1187654038507142546,2026-10,111.15,85.0,1.0,0
1187654891108639739,2025-10,106.86,83.0,1.0,0
1187654891108639739,2025-11,86.74,83.0,1.0,0
1187654891108639739,2025-12,86.21,83.0,0.0,31
1187654891108639739,2026-01,73.96,83.0,0.0,31
1187654891108639739,2026-02,73.57,83.0,0.0,28
1187654891108639739,2026-03,73.28,83.0,0.0,31
1187654891108639739,2026-04,86.32,83.0,0.2,24
1187654891108639739,2026-05,87.02,83.0,1.0,0
1187654891108639739,2026-06,86.32,83.0,1.0,0
1187654891108639739,2026-07,86.61,83.0,1.0,0
1187654891108639739,2026-08,108.27,83.0,1.0,0
1187654891108639739,2026-09,107.9,83.0,1.0,0
1187654891108639739,2026-10,108.54,83.0,1.0,0
1187655027946050868,2025-10,114.59,89.0,1.0,0
1187655027946050868,2025-11,93.01,89.0,1.0,0
1187655027946050868,2025-12,92.45,89.0,0.0,31
1187655027946050868,2026-01,79.31,89.0,0.0,31
1187655027946050868,2026-02,78.89,89.0,0.0,28
1187655027946050868,2026-03,78.58,89.0,0.0,31
1187655027946050868,2026-04,92.56,89.0,0.2,24
1187655027946050868,2026-05,93.31,89.0,1.0,0
1187655027946050868,2026-06,92.56,89.0,1.0,0
1187655027946050868,2026-07,92.88,89.0,1.0,0
1187655027946050868,2026-08,116.1,89.0,1.0,0
1187655027946050868,2026-09,115.7,89.0,1.0,0
1187655027946050868,2026-10,116.39,89.0,1.0,0
1188361477494430060,2025-10,37.34,29.0,1.0,0
1188361477494430060,2025-11,30.3,29.0,0.3,21
1188361477494430060,2025-12,30.12,29.0,0.0,31
1188361477494430060,2026-01,25.84,29.0,0.0,31
1188361477494430060,2026-02,25.71,29.0,0.0,28
1188361477494430060,2026-03,25.6,29.0,0.0,31
1188361477494430060,2026-04,30.16,29.0,0.0,30
1188361477494430060,2026-05,30.4,29.0,0.0,31
1188361477494430060,2026-06,30.16,29.0,0.0,30
1188361477494430060,2026-07,30.26,29.0,0.26,23
1188361477494430060,2026-08,37.83,29.0,1.0,0
1188361477494430060,2026-09,37.7,29.0,1.0,0
1188361477494430060,2026-10,37.92,29.0,1.0,0
1188394996392352169,2025-10,39.91,31.0,1.0,0
1188394996392352169,2025-11,32.4,31.0,1.0,0
1188394996392352169,2025-12,32.2,31.0,1.0,0
1188394996392352169,2026-01,27.62,31.0,1.0,0
1188394996392352169,2026-02,27.48,31.0,1.0,0
1188394996392352169,2026-03,27.37,31.0,1.0,0
1188394996392352169,2026-04,32.24,31.0,1.0,0
1188394996392352169,2026-05,32.5,31.0,1.0,0
1188394996392352169,2026-06,32.24,31.0,0.57,13
1188394996392352169,2026-07,32.35,31.0,0.26,23
1188394996392352169,2026-08,40.44,31.0,1.0,0
1188394996392352169,2026-09,40.3,31.0,1.0,0
1188394996392352169,2026-10,40.54,31.0,1.0,0
1188426245460112631,2025-10,38.62,30.0,1.0,0
1188426245460112631,2025-11,31.35,30.0,1.0,0
1188426245460112631,2025-12,31.16,30.0,0.97,1
1188426245460112631,2026-01,26.73,30.0,0.0,31
1188426245460112631,2026-02,26.59,30.0,0.0,28
1188426245460112631,2026-03,26.49,30.0,0.0,31
1188426245460112631,2026-04,31.2,30.0,0.0,30
1188426245460112631,2026-05,31.45,30.0,0.0,31
1188426245460112631,2026-06,31.2,30.0,0.0,30
1188426245460112631,2026-07,31.31,30.0,0.26,23
1188426245460112631,2026-08,39.13,30.0,1.0,0
1188426245460112631,2026-09,39.0,30.0,1.0,0
1188426245460112631,2026-10,39.23,30.0,1.0,0
1189548832446723182,2025-10,42.49,33.0,1.0,0
1189548832446723182,2025-11,34.48,33.0,0.7,9
1189548832446723182,2025-12,34.28,33.0,0.0,31
1189548832446723182,2026-01,29.41,33.0,0.0,31
1189548832446723182,2026-02,29.25,33.0,0.0,28
1189548832446723182,2026-03,29.14,33.0,0.0,31
1189548832446723182,2026-04,34.32,33.0,0.0,30
1189548832446723182,2026-05,34.6,33.0,0.0,31
1189548832446723182,2026-06,34.32,33.0,0.0,30
1189548832446723182,2026-07,34.44,33.0,0.26,23
1189548832446723182,2026-08,43.05,33.0,1.0,0
1189548832446723182,2026-09,42.9,33.0,1.0,0
1189548832446723182,2026-10,43.15,33.0,1.0,0
1191074616556957508,2025-10,51.5,40.0,0.2,4
1191074616556957508,2025-11,41.8,40.0,0.0,30
1191074616556957508,2025-12,41.55,40.0,0.0,31
1191074616556957508,2026-01,35.65,40.0,0.0,31
1191074616556957508,2026-02,35.46,40.0,0.0,28
1191074616556957508,2026-03,35.32,40.0,0.0,31
1191074616556957508,2026-04,41.6,40.0,0.0,30
1191074616556957508,2026-05,41.94,40.0,0.0,31
1191074616556957508,2026-06,41.6,40.0,0.0,30
1191074616556957508,2026-07,41.74,40.0,0.26,23
1191074616556957508,2026-08,52.18,40.0,1.0,0
1191074616556957508,2026-09,52.0,40.0,1.0,0
1191074616556957508,2026-10,52.31,40.0,1.0,0
1192450867400001874,2025-10,54.08,42.0,0.2,4
1192450867400001874,2025-11,43.89,42.0,0.0,30
1192450867400001874,2025-12,43.63,42.0,0.0,31
1192450867400001874,2026-01,37.43,42.0,0.0,31
1192450867400001874,2026-02,37.23,42.0,0.0,28
1192450867400001874,2026-03,37.08,42.0,0.0,31
1192450867400001874,2026-04,43.68,42.0,0.0,30
1192450867400001874,2026-05,44.03,42.0,0.0,31
1192450867400001874,2026-06,43.68,42.0,0.0,30
1192450867400001874,2026-07,43.83,42.0,0.26,23
1192450867400001874,2026-08,54.79,42.0,1.0,0
1192450867400001874,2026-09,54.6,42.0,1.0,0
1192450867400001874,2026-10,54.92,42.0,1.0,0
1193442460146924406,2025-10,145.49,113.0,0.2,4
1193442460146924406,2025-11,118.08,113.0,0.0,30
1193442460146924406,2025-12,117.37,113.0,0.0,31
1193442460146924406,2026-01,100.7,113.0,0.0,31
1193442460146924406,2026-02,100.17,113.0,0.0,28
1193442460146924406,2026-03,99.77,113.0,0.0,31
1193442460146924406,2026-04,117.52,113.0,0.0,30
1193442460146924406,2026-05,118.47,113.0,0.0,31
1193442460146924406,2026-06,117.52,113.0,0.0,30
1193442460146924406,2026-07,117.92,113.0,0.0,31
1193442460146924406,2026-08,147.4,113.0,0.0,31
1193442460146924406,2026-09,146.9,113.0,0.0,30
1193442460146924406,2026-10,147.77,113.0,0.0,26
1194783666657697321,2025-10,,,1.0,0
1194783666657697321,2025-11,,,1.0,0
1194783666657697321,2025-12,,,1.0,0
1194783666657697321,2026-01,,,1.0,0
1194783666657697321,2026-02,,,1.0,0
1194783666657697321,2026-03,,,1.0,0
1194783666657697321,2026-04,,,1.0,0
1194783666657697321,2026-05,,,1.0,0
1194783666657697321,2026-06,,,1.0,0
1194783666657697321,2026-07,,,1.0,0
1194783666657697321,2026-08,,,1.0,0
1194783666657697321,2026-09,,,1.0,0
1194783666657697321,2026-10,,,1.0,0
1194792849734805288,2025-10,,,1.0,0
1194792849734805288,2025-11,,,1.0,0
1194792849734805288,2025-12,,,0.97,1
1194792849734805288,2026-01,,,1.0,0
1194792849734805288,2026-02,,,1.0,0
1194792849734805288,2026-03,,,1.0,0
1194792849734805288,2026-04,,,1.0,0
1194792849734805288,2026-05,,,1.0,0
1194792849734805288,2026-06,,,1.0,0
1194792849734805288,2026-07,,,1.0,0
1194792849734805288,2026-08,,,1.0,0
1194792849734805288,2026-09,,,1.0,0
1194792849734805288,2026-10,,,1.0,0
1194802024029442726,2025-10,,,1.0,0
1194802024029442726,2025-11,,,1.0,0
1194802024029442726,2025-12,,,0.23,24
1194802024029442726,2026-01,,,1.0,0
1194802024029442726,2026-02,,,1.0,0
1194802024029442726,2026-03,,,1.0,0
1194802024029442726,2026-04,,,1.0,0
1194802024029442726,2026-05,,,1.0,0
1194802024029442726,2026-06,,,1.0,0
1194802024029442726,2026-07,,,1.0,0
1194802024029442726,2026-08,,,1.0,0
1194802024029442726,2026-09,,,1.0,0
1194802024029442726,2026-10,,,1.0,0
1195491696651587567,2025-10,436.46,339.0,0.0,5
1195491696651587567,2025-11,354.26,339.0,0.1,27
1195491696651587567,2025-12,352.12,339.0,0.0,31
1195491696651587567,2026-01,302.09,339.0,0.0,31
1195491696651587567,2026-02,300.5,339.0,0.0,28
1195491696651587567,2026-03,299.3,339.0,0.0,31
1195491696651587567,2026-04,352.56,339.0,0.0,30
1195491696651587567,2026-05,355.4,339.0,0.0,31
1195491696651587567,2026-06,352.56,339.0,0.0,30
1195491696651587567,2026-07,353.76,339.0,0.0,31
1195491696651587567,2026-08,442.2,339.0,0.0,31
1195491696651587567,2026-09,440.7,339.0,0.0,30
1195491696651587567,2026-10,443.31,339.0,0.0,26
1197087527640360851,2025-10,128.75,100.0,1.0,0
1197087527640360851,2025-11,104.5,100.0,0.9,3
1197087527640360851,2025-12,103.87,100.0,0.0,31
1197087527640360851,2026-01,89.11,100.0,0.0,31
1197087527640360851,2026-02,88.64,100.0,0.0,28
1197087527640360851,2026-03,88.29,100.0,0.0,31
1197087527640360851,2026-04,104.0,100.0,0.0,30
1197087527640360851,2026-05,104.84,100.0,0.0,31
1197087527640360851,2026-06,104.0,100.0,0.0,30
1197087527640360851,2026-07,104.35,100.0,0.0,31
1197087527640360851,2026-08,130.44,100.0,0.0,31
1197087527640360851,2026-09,130.0,100.0,0.0,30
1197087527640360851,2026-10,130.77,100.0,0.0,26
1197138515042538277,2025-10,128.75,100.0,1.0,0
1197138515042538277,2025-11,104.5,100.0,1.0,0
1197138515042538277,2025-12,103.87,100.0,1.0,0
1197138515042538277,2026-01,89.11,100.0,1.0,0
1197138515042538277,2026-02,88.64,100.0,0.79,6
1197138515042538277,2026-03,88.29,100.0,0.0,31
1197138515042538277,2026-04,104.0,100.0,0.0,30
1197138515042538277,2026-05,104.84,100.0,0.0,31
1197138515042538277,2026-06,104.0,100.0,0.0,30
1197138515042538277,2026-07,104.35,100.0,0.0,31
1197138515042538277,2026-08,130.44,100.0,0.0,31
1197138515042538277,2026-09,130.0,100.0,0.0,30
1197138515042538277,2026-10,130.77,100.0,0.0,26
1197258083927828313,2025-10,128.75,100.0,1.0,0
1197258083927828313,2025-11,104.5,100.0,0.0,30
1197258083927828313,2025-12,103.87,100.0,0.0,31
1197258083927828313,2026-01,89.11,100.0,0.0,31
1197258083927828313,2026-02,88.64,100.0,0.0,28
1197258083927828313,2026-03,88.29,100.0,0.0,31
1197258083927828313,2026-04,104.0,100.0,0.0,30
1197258083927828313,2026-05,104.84,100.0,0.0,31
1197258083927828313,2026-06,104.0,100.0,0.0,30
1197258083927828313,2026-07,104.35,100.0,0.0,31
1197258083927828313,2026-08,130.44,100.0,0.0,31
1197258083927828313,2026-09,130.0,100.0,0.0,30
1197258083927828313,2026-10,130.77,100.0,0.0,26
1197267740512029356,2025-10,,,1.0,0
1197267740512029356,2025-11,,,0.5,15
1197267740512029356,2025-12,,,0.0,31
1197267740512029356,2026-01,,,0.0,31
1197267740512029356,2026-02,,,0.0,28
1197267740512029356,2026-03,,,0.0,31
1197267740512029356,2026-04,,,0.0,30
1197267740512029356,2026-05,,,0.0,31
1197267740512029356,2026-06,,,0.0,30
1197267740512029356,2026-07,,,0.0,31
1197267740512029356,2026-08,,,0.0,31
1197267740512029356,2026-09,,,0.0,30
1197267740512029356,2026-10,,,0.0,26
1197294050253527844,2025-10,128.75,100.0,1.0,0
1197294050253527844,2025-11,104.5,100.0,1.0,0
1197294050253527844,2025-12,103.87,100.0,0.0,31
1197294050253527844,2026-01,89.11,100.0,0.0,31
1197294050253527844,2026-02,88.64,100.0,0.0,28
1197294050253527844,2026-03,88.29,100.0,0.0,31
1197294050253527844,2026-04,104.0,100.0,0.0,30
1197294050253527844,2026-05,104.84,100.0,0.0,31
1197294050253527844,2026-06,104.0,100.0,0.0,30
1197294050253527844,2026-07,104.35,100.0,0.0,31
1197294050253527844,2026-08,130.44,100.0,0.0,31
1197294050253527844,2026-09,130.0,100.0,0.0,30
1197294050253527844,2026-10,130.77,100.0,0.0,26
1197625526395608500,2025-10,128.75,100.0,0.0,5
1197625526395608500,2025-11,104.5,100.0,0.0,30
1197625526395608500,2025-12,103.87,100.0,0.0,31
1197625526395608500,2026-01,89.11,100.0,0.0,31
1197625526395608500,2026-02,88.64,100.0,0.0,28
1197625526395608500,2026-03,88.29,100.0,0.0,31
1197625526395608500,2026-04,104.0,100.0,0.0,30
1197625526395608500,2026-05,104.84,100.0,0.0,31
1197625526395608500,2026-06,104.0,100.0,0.0,30
1197625526395608500,2026-07,104.35,100.0,0.0,31
1197625526395608500,2026-08,130.44,100.0,0.0,31
1197625526395608500,2026-09,130.0,100.0,0.0,30
1197625526395608500,2026-10,130.77,100.0,0.0,26
1198399334707467988,2025-10,128.75,100.0,1.0,0
1198399334707467988,2025-11,104.5,100.0,1.0,0
1198399334707467988,2025-12,103.87,100.0,0.48,16
1198399334707467988,2026-01,89.11,100.0,0.0,31
1198399334707467988,2026-02,88.64,100.0,0.0,28
1198399334707467988,2026-03,88.29,100.0,0.0,31
1198399334707467988,2026-04,104.0,100.0,0.0,30
1198399334707467988,2026-05,104.84,100.0,0.0,31
1198399334707467988,2026-06,104.0,100.0,0.0,30
1198399334707467988,2026-07,104.35,100.0,0.0,31
1198399334707467988,2026-08,130.44,100.0,0.0,31
1198399334707467988,2026-09,130.0,100.0,0.0,30
1198399334707467988,2026-10,130.77,100.0,0.0,26
1198405906163409959,2025-10,128.75,100.0,1.0,0
1198405906163409959,2025-11,104.5,100.0,0.0,30
1198405906163409959,2025-12,103.87,100.0,0.0,31
1198405906163409959,2026-01,89.11,100.0,0.0,31
1198405906163409959,2026-02,88.64,100.0,0.0,28
1198405906163409959,2026-03,88.29,100.0,0.0,31
1198405906163409959,2026-04,104.0,100.0,0.0,30
1198405906163409959,2026-05,104.84,100.0,0.0,31
1198405906163409959,2026-06,104.0,100.0,0.0,30
1198405906163409959,2026-07,104.35,100.0,0.0,31
1198405906163409959,2026-08,130.44,100.0,0.0,31
1198405906163409959,2026-09,130.0,100.0,0.0,30
1198405906163409959,2026-10,130.77,100.0,0.0,26
1199973605654503427,2025-10,128.75,100.0,0.4,3
1199973605654503427,2025-11,104.5,100.0,0.63,11
1199973605654503427,2025-12,103.87,100.0,0.0,31
1199973605654503427,2026-01,89.11,100.0,0.0,31
1199973605654503427,2026-02,88.64,100.0,0.0,28
1199973605654503427,2026-03,88.29,100.0,0.0,31
1199973605654503427,2026-04,104.0,100.0,0.0,30
1199973605654503427,2026-05,104.84,100.0,0.0,31
1199973605654503427,2026-06,104.0,100.0,0.0,30
1199973605654503427,2026-07,104.35,100.0,0.0,31
1199973605654503427,2026-08,130.44,100.0,0.0,31
1199973605654503427,2026-09,130.0,100.0,0.0,30
1199973605654503427,2026-10,130.77,100.0,0.0,26
1205737768690892825,2025-10,193.12,150.0,0.2,4
1205737768690892825,2025-11,156.75,150.0,0.1,27
1205737768690892825,2025-12,155.81,150.0,0.0,31
1205737768690892825,2026-01,133.67,150.0,0.23,24
1205737768690892825,2026-02,132.96,150.0,1.0,0
1205737768690892825,2026-03,132.43,150.0,1.0,0
1205737768690892825,2026-04,156.0,150.0,1.0,0
1205737768690892825,2026-05,157.26,150.0,1.0,0
1205737768690892825,2026-06,156.0,150.0,1.0,0
1205737768690892825,2026-07,156.53,150.0,1.0,0
1205737768690892825,2026-08,195.66,150.0,1.0,0
1205737768690892825,2026-09,195.0,150.0,1.0,0
1205737768690892825,2026-10,196.15,150.0,1.0,0
1208950964470369892,2025-10,,,1.0,0
1208950964470369892,2025-11,,,1.0,0
1208950964470369892,2025-12,,,1.0,0
1208950964470369892,2026-01,,,1.0,0
1208950964470369892,2026-02,,,1.0,0
1208950964470369892,2026-03,,,1.0,0
1208950964470369892,2026-04,,,1.0,0
1208950964470369892,2026-05,,,1.0,0
1208950964470369892,2026-06,,,1.0,0
1208950964470369892,2026-07,,,1.0,0
1208950964470369892,2026-08,,,1.0,0
1208950964470369892,2026-09,,,1.0,0
1208950964470369892,2026-10,,,1.0,0
1209266406326592952,2025-10,52.79,41.0,1.0,0
1209266406326592952,2025-11,42.84,41.0,1.0,0
1209266406326592952,2025-12,42.59,41.0,1.0,0
1209266406326592952,2026-01,36.54,41.0,0.06,29
1209266406326592952,2026-02,36.34,41.0,0.0,28
1209266406326592952,2026-03,36.2,41.0,0.0,31
1209266406326592952,2026-04,42.64,41.0,0.0,30
1209266406326592952,2026-05,42.98,41.0,0.0,31
1209266406326592952,2026-06,42.64,41.0,0.0,30
1209266406326592952,2026-07,42.79,41.0,0.0,31
1209266406326592952,2026-08,53.48,41.0,0.0,31
1209266406326592952,2026-09,53.3,41.0,0.0,30
1209266406326592952,2026-10,53.62,41.0,0.0,26
1211509170073746140,2025-10,57.94,45.0,1.0,0
1211509170073746140,2025-11,47.02,45.0,0.47,16
1211509170073746140,2025-12,46.74,45.0,0.0,31
1211509170073746140,2026-01,40.1,45.0,1.0,0
1211509170073746140,2026-02,39.89,45.0,1.0,0
1211509170073746140,2026-03,39.73,45.0,1.0,0
1211509170073746140,2026-04,46.8,45.0,1.0,0
1211509170073746140,2026-05,47.18,45.0,1.0,0
1211509170073746140,2026-06,46.8,45.0,1.0,0
1211509170073746140,2026-07,46.96,45.0,1.0,0
1211509170073746140,2026-08,58.7,45.0,1.0,0
1211509170073746140,2026-09,58.5,45.0,1.0,0
1211509170073746140,2026-10,58.85,45.0,1.0,0
1212303517962999522,2025-10,172.52,134.0,0.0,5
1212303517962999522,2025-11,140.03,134.0,0.0,30
1212303517962999522,2025-12,139.19,134.0,0.0,31
1212303517962999522,2026-01,119.41,134.0,0.23,24
1212303517962999522,2026-02,118.78,134.0,1.0,0
1212303517962999522,2026-03,118.31,134.0,1.0,0
1212303517962999522,2026-04,139.36,134.0,1.0,0
1212303517962999522,2026-05,140.48,134.0,1.0,0
1212303517962999522,2026-06,139.36,134.0,1.0,0
1212303517962999522,2026-07,139.84,134.0,1.0,0
1212303517962999522,2026-08,174.79,134.0,1.0,0
1212303517962999522,2026-09,174.2,134.0,1.0,0
1212303517962999522,2026-10,175.23,134.0,1.0,0
1212402370813461127,2025-10,51.5,40.0,0.4,3
1212402370813461127,2025-11,41.8,40.0,0.0,30
1212402370813461127,2025-12,41.55,40.0,0.0,31
1212402370813461127,2026-01,35.65,40.0,0.23,24
1212402370813461127,2026-02,35.46,40.0,1.0,0
1212402370813461127,2026-03,35.32,40.0,1.0,0
1212402370813461127,2026-04,41.6,40.0,1.0,0
1212402370813461127,2026-05,41.94,40.0,1.0,0
1212402370813461127,2026-06,41.6,40.0,1.0,0
1212402370813461127,2026-07,41.74,40.0,1.0,0
1212402370813461127,2026-08,52.18,40.0,1.0,0
1212402370813461127,2026-09,52.0,40.0,1.0,0
1212402370813461127,2026-10,52.31,40.0,1.0,0
1212473592641171289,2025-10,42.49,33.0,0.4,3
1212473592641171289,2025-11,34.48,33.0,0.0,30
1212473592641171289,2025-12,34.28,33.0,0.0,31
1212473592641171289,2026-01,29.41,33.0,0.23,24
1212473592641171289,2026-02,29.25,33.0,1.0,0
1212473592641171289,2026-03,29.14,33.0,1.0,0
1212473592641171289,2026-04,34.32,33.0,1.0,0
1212473592641171289,2026-05,34.6,33.0,1.0,0
1212473592641171289,2026-06,34.32,33.0,1.0,0
1212473592641171289,2026-07,34.44,33.0,1.0,0
1212473592641171289,2026-08,43.05,33.0,1.0,0
1212473592641171289,2026-09,42.9,33.0,1.0,0
1212473592641171289,2026-10,43.15,33.0,1.0,0
1213039382454064013,2025-10,113.3,88.0,1.0,0
1213039382454064013,2025-11,91.96,88.0,1.0,0
1213039382454064013,2025-12,91.41,88.0,0.97,1
1213039382454064013,2026-01,78.42,88.0,0.0,31
1213039382454064013,2026-02,78.01,88.0,0.0,28
1213039382454064013,2026-03,77.7,88.0,0.0,31
1213039382454064013,2026-04,91.52,88.0,0.0,30
1213039382454064013,2026-05,92.26,88.0,0.0,31
1213039382454064013,2026-06,91.52,88.0,0.0,30
1213039382454064013,2026-07,91.83,88.0,0.0,31
1213039382454064013,2026-08,114.79,88.0,0.0,31
1213039382454064013,2026-09,114.4,88.0,0.0,30
1213039382454064013,2026-10,115.08,88.0,0.0,26
1213873399246086642,2025-10,57.94,45.0,0.2,4
1213873399246086642,2025-11,47.02,45.0,0.0,30
1213873399246086642,2025-12,46.74,45.0,0.0,31
1213873399246086642,2026-01,40.1,45.0,0.23,24
1213873399246086642,2026-02,39.89,45.0,1.0,0
1213873399246086642,2026-03,39.73,45.0,1.0,0
1213873399246086642,2026-04,46.8,45.0,1.0,0
1213873399246086642,2026-05,47.18,45.0,1.0,0
1213873399246086642,2026-06,46.8,45.0,1.0,0
1213873399246086642,2026-07,46.96,45.0,1.0,0
1213873399246086642,2026-08,58.7,45.0,1.0,0
1213873399246086642,2026-09,58.5,45.0,1.0,0
1213873399246086642,2026-10,58.85,45.0,1.0,0
1216126084473516988,2025-10,78.54,61.0,0.8,1
1216126084473516988,2025-11,63.74,61.0,0.3,21
1216126084473516988,2025-12,63.36,61.0,0.06,29
1216126084473516988,2026-01,54.36,61.0,0.23,24
1216126084473516988,2026-02,54.07,61.0,1.0,0
1216126084473516988,2026-03,53.86,61.0,1.0,0
1216126084473516988,2026-04,63.44,61.0,1.0,0
1216126084473516988,2026-05,63.95,61.0,1.0,0
1216126084473516988,2026-06,63.44,61.0,1.0,0
1216126084473516988,2026-07,63.66,61.0,1.0,0
1216126084473516988,2026-08,79.57,61.0,1.0,0
1216126084473516988,2026-09,79.3,61.0,1.0,0
1216126084473516988,2026-10,79.77,61.0,1.0,0
1216606855516851447,2025-10,148.06,115.0,0.2,4
1216606855516851447,2025-11,120.18,115.0,0.63,11
1216606855516851447,2025-12,119.45,115.0,0.0,31
1216606855516851447,2026-01,102.48,115.0,0.0,31
1216606855516851447,2026-02,101.94,115.0,0.0,28
1216606855516851447,2026-03,101.53,115.0,0.0,31
1216606855516851447,2026-04,119.6,115.0,0.0,30
1216606855516851447,2026-05,120.56,115.0,0.0,31
1216606855516851447,2026-06,119.6,115.0,0.0,30
1216606855516851447,2026-07,120.01,115.0,0.26,23
1216606855516851447,2026-08,150.01,115.0,1.0,0
1216606855516851447,2026-09,149.5,115.0,1.0,0
1216606855516851447,2026-10,150.38,115.0,1.0,0
1217324115667396997,2025-10,79.82,62.0,0.0,5
1217324115667396997,2025-11,64.79,62.0,0.0,30
1217324115667396997,2025-12,64.4,62.0,0.0,31
1217324115667396997,2026-01,55.25,62.0,0.0,31
1217324115667396997,2026-02,54.96,62.0,0.0,28
1217324115667396997,2026-03,54.74,62.0,0.0,31
1217324115667396997,2026-04,64.48,62.0,0.0,30
1217324115667396997,2026-05,65.0,62.0,0.0,31
1217324115667396997,2026-06,64.48,62.0,0.0,30
1217324115667396997,2026-07,64.7,62.0,0.0,31
1217324115667396997,2026-08,80.87,62.0,0.0,31
1217324115667396997,2026-09,80.6,62.0,0.0,30
1217324115667396997,2026-10,81.08,62.0,0.0,26
1220294381559714474,2025-10,66.95,52.0,0.0,5
1220294381559714474,2025-11,54.34,52.0,0.0,30
1220294381559714474,2025-12,54.01,52.0,0.0,31
1220294381559714474,2026-01,46.34,52.0,0.0,31
1220294381559714474,2026-02,46.09,52.0,0.0,28
1220294381559714474,2026-03,45.91,52.0,0.0,31
1220294381559714474,2026-04,54.08,52.0,0.0,30
1220294381559714474,2026-05,54.52,52.0,0.0,31
1220294381559714474,2026-06,54.08,52.0,0.0,30
1220294381559714474,2026-07,54.26,52.0,0.0,31
1220294381559714474,2026-08,67.83,52.0,0.0,31
1220294381559714474,2026-09,67.6,52.0,0.0,30
1220294381559714474,2026-10,68.0,52.0,0.0,26
1223632914261316998,2025-10,171.24,133.0,0.0,5
1223632914261316998,2025-11,138.99,133.0,0.0,30
1223632914261316998,2025-12,138.15,133.0,0.0,31
1223632914261316998,2026-01,118.52,133.0,0.0,31
1223632914261316998,2026-02,117.9,133.0,0.0,28
1223632914261316998,2026-03,117.43,133.0,0.0,31
1223632914261316998,2026-04,138.32,133.0,0.0,30
1223632914261316998,2026-05,139.44,133.0,0.0,31
1223632914261316998,2026-06,138.32,133.0,0.0,30
1223632914261316998,2026-07,138.79,133.0,0.0,31
1223632914261316998,2026-08,173.49,133.0,0.0,31
1223632914261316998,2026-09,172.9,133.0,0.0,30
1223632914261316998,2026-10,173.92,133.0,0.0,26
1226036996246736623,2025-10,162.22,126.0,1.0,0
1226036996246736623,2025-11,131.67,126.0,0.07,28
1226036996246736623,2025-12,130.88,126.0,0.0,31
1226036996246736623,2026-01,112.28,126.0,0.23,24
1226036996246736623,2026-02,111.69,126.0,1.0,0
1226036996246736623,2026-03,111.24,126.0,1.0,0
1226036996246736623,2026-04,131.04,126.0,1.0,0
1226036996246736623,2026-05,132.1,126.0,1.0,0
1226036996246736623,2026-06,131.04,126.0,1.0,0
1226036996246736623,2026-07,131.49,126.0,1.0,0
1226036996246736623,2026-08,164.36,126.0,1.0,0
1226036996246736623,2026-09,163.8,126.0,1.0,0
1226036996246736623,2026-10,164.77,126.0,1.0,0
1227090143212975414,2025-10,160.94,125.0,0.0,5
1227090143212975414,2025-11,130.62,125.0,0.23,23
1227090143212975414,2025-12,129.84,125.0,0.0,31
1227090143212975414,2026-01,111.39,125.0,0.0,31
1227090143212975414,2026-02,110.8,125.0,0.0,28
1227090143212975414,2026-03,110.36,125.0,0.0,31
1227090143212975414,2026-04,130.0,125.0,0.0,30
1227090143212975414,2026-05,131.05,125.0,0.0,31
1227090143212975414,2026-06,130.0,125.0,0.0,30
1227090143212975414,2026-07,130.44,125.0,0.26,23
1227090143212975414,2026-08,163.06,125.0,1.0,0
1227090143212975414,2026-09,162.5,125.0,1.0,0
1227090143212975414,2026-10,163.46,125.0,1.0,0
1229152569114019744,2025-10,41.2,32.0,1.0,0
1229152569114019744,2025-11,33.44,32.0,1.0,0
1229152569114019744,2025-12,33.24,32.0,1.0,0
1229152569114019744,2026-01,28.52,32.0,1.0,0
1229152569114019744,2026-02,28.37,32.0,1.0,0
1229152569114019744,2026-03,28.25,32.0,0.45,17
1229152569114019744,2026-04,33.28,32.0,0.0,30
1229152569114019744,2026-05,33.55,32.0,0.0,31
1229152569114019744,2026-06,33.28,32.0,0.0,30
1229152569114019744,2026-07,33.39,32.0,0.0,31
1229152569114019744,2026-08,41.74,32.0,0.0,31
1229152569114019744,2026-09,41.6,32.0,0.0,30
1229152569114019744,2026-10,41.85,32.0,0.0,26
1231478583348693118,2025-10,123.6,96.0,0.2,4
1231478583348693118,2025-11,100.32,96.0,0.0,30
1231478583348693118,2025-12,99.72,96.0,0.0,31
1231478583348693118,2026-01,85.55,96.0,0.48,16
1231478583348693118,2026-02,85.1,96.0,1.0,0
1231478583348693118,2026-03,84.76,96.0,1.0,0
1231478583348693118,2026-04,99.84,96.0,1.0,0
1231478583348693118,2026-05,100.65,96.0,1.0,0
1231478583348693118,2026-06,99.84,96.0,1.0,0
1231478583348693118,2026-07,100.18,96.0,1.0,0
1231478583348693118,2026-08,125.23,96.0,1.0,0
1231478583348693118,2026-09,124.8,96.0,1.0,0
1231478583348693118,2026-10,125.54,96.0,1.0,0
1231961794924083952,2025-10,70.81,55.0,1.0,0
1231961794924083952,2025-11,57.48,55.0,0.73,8
1231961794924083952,2025-12,57.13,55.0,0.26,23
1231961794924083952,2026-01,49.01,55.0,0.0,31
1231961794924083952,2026-02,48.75,55.0,0.0,28
1231961794924083952,2026-03,48.56,55.0,0.16,26
1231961794924083952,2026-04,57.2,55.0,0.0,30
1231961794924083952,2026-05,57.66,55.0,0.19,25
1231961794924083952,2026-06,57.2,55.0,0.0,30
1231961794924083952,2026-07,57.4,55.0,0.0,31
1231961794924083952,2026-08,71.74,55.0,0.0,31
1231961794924083952,2026-09,71.5,55.0,0.0,30
1231961794924083952,2026-10,71.92,55.0,0.0,26
1232944190817578996,2025-10,150.64,117.0,0.0,5
1232944190817578996,2025-11,122.27,117.0,0.0,30
1232944190817578996,2025-12,121.53,117.0,0.0,31
1232944190817578996,2026-01,104.26,117.0,0.0,31
1232944190817578996,2026-02,103.71,117.0,0.0,28
1232944190817578996,2026-03,103.3,117.0,0.0,31
1232944190817578996,2026-04,121.68,117.0,0.0,30
1232944190817578996,2026-05,122.66,117.0,0.1,28
1232944190817578996,2026-06,121.68,117.0,0.0,30
1232944190817578996,2026-07,122.1,117.0,0.0,31
1232944190817578996,2026-08,152.62,117.0,0.0,31
1232944190817578996,2026-09,152.1,117.0,0.0,30
1232944190817578996,2026-10,153.0,117.0,0.0,26
1233483406514620037,2025-10,191.84,149.0,0.0,5
1233483406514620037,2025-11,155.7,149.0,0.07,28
1233483406514620037,2025-12,154.77,149.0,0.23,24
1233483406514620037,2026-01,132.78,149.0,0.0,31
1233483406514620037,2026-02,132.08,149.0,0.0,28
1233483406514620037,2026-03,131.55,149.0,0.0,31
1233483406514620037,2026-04,154.96,149.0,0.0,30
1233483406514620037,2026-05,156.21,149.0,0.0,31
1233483406514620037,2026-06,154.96,149.0,0.13,26
1233483406514620037,2026-07,155.49,149.0,0.0,31
1233483406514620037,2026-08,194.36,149.0,0.0,31
1233483406514620037,2026-09,193.7,149.0,0.0,30
1233483406514620037,2026-10,194.85,149.0,0.0,26
1234234436021253002,2025-10,104.29,81.0,0.2,4
1234234436021253002,2025-11,84.64,81.0,0.0,30
1234234436021253002,2025-12,84.14,81.0,0.0,31
1234234436021253002,2026-01,72.18,81.0,0.0,31
1234234436021253002,2026-02,71.8,81.0,0.0,28
1234234436021253002,2026-03,71.52,81.0,0.0,31
1234234436021253002,2026-04,84.24,81.0,0.2,24
1234234436021253002,2026-05,84.92,81.0,1.0,0
1234234436021253002,2026-06,84.24,81.0,1.0,0
1234234436021253002,2026-07,84.53,81.0,1.0,0
1234234436021253002,2026-08,105.66,81.0,1.0,0
1234234436021253002,2026-09,105.3,81.0,1.0,0
1234234436021253002,2026-10,105.92,81.0,1.0,0
1235524057563683405,2025-10,112.01,87.0,1.0,0
1235524057563683405,2025-11,90.92,87.0,1.0,0
1235524057563683405,2025-12,90.37,87.0,1.0,0
1235524057563683405,2026-01,77.53,87.0,0.0,31
1235524057563683405,2026-02,77.12,87.0,0.0,28
1235524057563683405,2026-03,76.81,87.0,0.0,31
1235524057563683405,2026-04,90.48,87.0,0.0,30
1235524057563683405,2026-05,91.21,87.0,0.0,31
1235524057563683405,2026-06,90.48,87.0,0.0,30
1235524057563683405,2026-07,90.79,87.0,0.0,31
1235524057563683405,2026-08,113.49,87.0,0.0,31
1235524057563683405,2026-09,113.1,87.0,0.0,30
1235524057563683405,2026-10,113.77,87.0,0.0,26
1237733772362574074,2025-10,238.19,185.0,0.4,3
1237733772362574074,2025-11,193.32,185.0,0.77,7
1237733772362574074,2025-12,192.16,185.0,0.32,21
1237733772362574074,2026-01,164.86,185.0,0.19,25
1237733772362574074,2026-02,163.99,185.0,1.0,0
1237733772362574074,2026-03,163.34,185.0,0.1,28
1237733772362574074,2026-04,192.4,185.0,0.0,30
1237733772362574074,2026-05,193.95,185.0,0.32,21
1237733772362574074,2026-06,192.4,185.0,0.0,30
1237733772362574074,2026-07,193.06,185.0,0.0,31
1237733772362574074,2026-08,241.32,185.0,0.0,31
1237733772362574074,2026-09,240.5,185.0,0.0,30
1237733772362574074,2026-10,241.92,185.0,0.12,23
1238520902231056293,2025-10,173.81,135.0,0.2,4
1238520902231056293,2025-11,141.07,135.0,0.03,29
1238520902231056293,2025-12,140.23,135.0,0.03,30
1238520902231056293,2026-01,120.3,135.0,0.0,31
1238520902231056293,2026-02,119.67,135.0,0.0,28
1238520902231056293,2026-03,119.19,135.0,0.0,31
1238520902231056293,2026-04,140.4,135.0,0.0,30
1238520902231056293,2026-05,141.53,135.0,0.1,28
1238520902231056293,2026-06,140.4,135.0,0.0,30
1238520902231056293,2026-07,140.88,135.0,0.0,31
1238520902231056293,2026-08,176.1,135.0,0.0,31
1238520902231056293,2026-09,175.5,135.0,0.0,30
1238520902231056293,2026-10,176.54,135.0,0.0,26
1243474758685640668,2025-10,117.16,91.0,0.0,5
1243474758685640668,2025-11,95.1,91.0,0.0,30
1243474758685640668,2025-12,94.52,91.0,0.0,31
1243474758685640668,2026-01,81.09,91.0,0.0,31
1243474758685640668,2026-02,80.66,91.0,0.0,28
1243474758685640668,2026-03,80.34,91.0,0.0,31
1243474758685640668,2026-04,94.64,91.0,0.0,30
1243474758685640668,2026-05,95.4,91.0,0.0,31
1243474758685640668,2026-06,94.64,91.0,0.0,30
1243474758685640668,2026-07,94.96,91.0,0.0,31
1243474758685640668,2026-08,118.7,91.0,0.0,31
1243474758685640668,2026-09,118.3,91.0,0.0,30
1243474758685640668,2026-10,119.0,91.0,0.04,25
1243671610151641148,2025-10,163.51,127.0,1.0,0
1243671610151641148,2025-11,132.72,127.0,1.0,0
1243671610151641148,2025-12,131.92,127.0,1.0,0
1243671610151641148,2026-01,113.17,127.0,1.0,0
1243671610151641148,2026-02,112.58,127.0,0.0,28
1243671610151641148,2026-03,112.13,127.0,0.0,31
1243671610151641148,2026-04,132.08,127.0,0.0,30
1243671610151641148,2026-05,133.15,127.0,0.0,31
1243671610151641148,2026-06,132.08,127.0,0.0,30
1243671610151641148,2026-07,132.53,127.0,0.0,31
1243671610151641148,2026-08,165.66,127.0,0.0,31
1243671610151641148,2026-09,165.1,127.0,0.0,30
1243671610151641148,2026-10,166.08,127.0,0.0,26
1244276486462409339,2025-10,43.77,34.0,0.2,4
1244276486462409339,2025-11,35.53,34.0,0.0,30
1244276486462409339,2025-12,35.32,34.0,0.0,31
1244276486462409339,2026-01,30.3,34.0,0.0,31
1244276486462409339,2026-02,30.14,34.0,0.0,28
1244276486462409339,2026-03,30.02,34.0,0.0,31
1244276486462409339,2026-04,35.36,34.0,0.0,30
1244276486462409339,2026-05,35.65,34.0,0.0,31
1244276486462409339,2026-06,35.36,34.0,0.0,30
1244276486462409339,2026-07,35.48,34.0,0.0,31
1244276486462409339,2026-08,44.35,34.0,0.0,31
1244276486462409339,2026-09,44.2,34.0,0.0,30
1244276486462409339,2026-10,44.46,34.0,0.0,26
1244469233578592623,2025-10,43.77,34.0,0.0,5
1244469233578592623,2025-11,35.53,34.0,0.0,30
1244469233578592623,2025-12,35.32,34.0,0.0,31
1244469233578592623,2026-01,30.3,34.0,0.03,30
1244469233578592623,2026-02,30.14,34.0,0.0,28
1244469233578592623,2026-03,30.02,34.0,0.0,31
1244469233578592623,2026-04,35.36,34.0,0.0,30
1244469233578592623,2026-05,35.65,34.0,0.0,31
1244469233578592623,2026-06,35.36,34.0,0.0,30
1244469233578592623,2026-07,35.48,34.0,0.0,31
1244469233578592623,2026-08,44.35,34.0,0.0,31
1244469233578592623,2026-09,44.2,34.0,0.0,30
1244469233578592623,2026-10,44.46,34.0,0.0,26
1246547785853916126,2025-10,391.4,304.0,1.0,0
1246547785853916126,2025-11,317.68,304.0,0.33,20
1246547785853916126,2025-12,315.77,304.0,0.0,31
1246547785853916126,2026-01,270.9,304.0,0.0,31
1246547785853916126,2026-02,269.47,304.0,0.0,28
1246547785853916126,2026-03,268.4,304.0,0.0,31
1246547785853916126,2026-04,316.16,304.0,0.0,30
1246547785853916126,2026-05,318.71,304.0,0.06,29
1246547785853916126,2026-06,316.16,304.0,0.0,30
1246547785853916126,2026-07,317.24,304.0,0.0,31
1246547785853916126,2026-08,396.55,304.0,0.0,31
1246547785853916126,2026-09,395.2,304.0,0.0,30
1246547785853916126,2026-10,397.54,304.0,0.0,26
1247185214182600944,2025-10,128.75,100.0,1.0,0
1247185214182600944,2025-11,104.5,100.0,1.0,0
1247185214182600944,2025-12,103.87,100.0,1.0,0
1247185214182600944,2026-01,89.11,100.0,0.32,21
1247185214182600944,2026-02,88.64,100.0,0.0,28
1247185214182600944,2026-03,88.29,100.0,0.0,31
1247185214182600944,2026-04,104.0,100.0,0.0,30
1247185214182600944,2026-05,104.84,100.0,0.0,31
1247185214182600944,2026-06,104.0,100.0,0.0,30
1247185214182600944,2026-07,104.35,100.0,0.0,31
1247185214182600944,2026-08,130.44,100.0,0.0,31
1247185214182600944,2026-09,130.0,100.0,0.0,30
1247185214182600944,2026-10,130.77,100.0,0.0,26
1248266742423715072,2025-10,66.95,52.0,0.0,5
1248266742423715072,2025-11,54.34,52.0,0.0,30
1248266742423715072,2025-12,54.01,52.0,0.0,31
1248266742423715072,2026-01,46.34,52.0,0.0,31
1248266742423715072,2026-02,46.09,52.0,0.0,28
1248266742423715072,2026-03,45.91,52.0,0.0,31
1248266742423715072,2026-04,54.08,52.0,0.0,30
1248266742423715072,2026-05,54.52,52.0,0.0,31
1248266742423715072,2026-06,54.08,52.0,0.0,30
1248266742423715072,2026-07,54.26,52.0,0.0,31
1248266742423715072,2026-08,67.83,52.0,0.0,31
1248266742423715072,2026-09,67.6,52.0,0.0,30
1248266742423715072,2026-10,68.0,52.0,0.0,26
1249317029505546629,2025-10,145.49,113.0,1.0,0
1249317029505546629,2025-11,118.08,113.0,0.97,1
1249317029505546629,2025-12,117.37,113.0,0.0,31
1249317029505546629,2026-01,100.7,113.0,0.0,31
1249317029505546629,2026-02,100.17,113.0,0.0,28
1249317029505546629,2026-03,99.77,113.0,0.0,31
1249317029505546629,2026-04,117.52,113.0,0.2,24
1249317029505546629,2026-05,118.47,113.0,1.0,0
1249317029505546629,2026-06,117.52,113.0,1.0,0
1249317029505546629,2026-07,117.92,113.0,1.0,0
1249317029505546629,2026-08,147.4,113.0,1.0,0
1249317029505546629,2026-09,146.9,113.0,1.0,0
1249317029505546629,2026-10,147.77,113.0,1.0,0
1249317617031114045,2025-10,108.15,84.0,1.0,0
1249317617031114045,2025-11,87.78,84.0,1.0,0
1249317617031114045,2025-12,87.25,84.0,0.0,31
1249317617031114045,2026-01,74.85,84.0,0.0,31
1249317617031114045,2026-02,74.46,84.0,0.0,28
1249317617031114045,2026-03,74.16,84.0,0.0,31
1249317617031114045,2026-04,87.36,84.0,0.2,24
1249317617031114045,2026-05,88.06,84.0,1.0,0
1249317617031114045,2026-06,87.36,84.0,1.0,0
1249317617031114045,2026-07,87.66,84.0,1.0,0
1249317617031114045,2026-08,109.57,84.0,1.0,0
1249317617031114045,2026-09,109.2,84.0,1.0,0
1249317617031114045,2026-10,109.85,84.0,1.0,0
1249883379640182865,2025-10,,,1.0,0
1249883379640182865,2025-11,,,1.0,0
1249883379640182865,2025-12,,,1.0,0
1249883379640182865,2026-01,,,1.0,0
1249883379640182865,2026-02,,,1.0,0
1249883379640182865,2026-03,,,1.0,0
1249883379640182865,2026-04,,,0.9,3
1249883379640182865,2026-05,,,1.0,0
1249883379640182865,2026-06,,,1.0,0
1249883379640182865,2026-07,,,1.0,0
1249883379640182865,2026-08,,,1.0,0
1249883379640182865,2026-09,,,1.0,0
1249883379640182865,2026-10,,,1.0,0
1250011748296284859,2025-10,131.32,102.0,1.0,0
1250011748296284859,2025-11,106.59,102.0,1.0,0
1250011748296284859,2025-12,105.95,102.0,0.97,1
1250011748296284859,2026-01,90.89,102.0,1.0,0
1250011748296284859,2026-02,90.41,102.0,1.0,0
1250011748296284859,2026-03,90.05,102.0,1.0,0
1250011748296284859,2026-04,106.08,102.0,0.8,6
1250011748296284859,2026-05,106.94,102.0,0.0,31
1250011748296284859,2026-06,106.08,102.0,0.0,30
1250011748296284859,2026-07,106.44,102.0,0.0,31
1250011748296284859,2026-08,133.05,102.0,0.0,31
1250011748296284859,2026-09,132.6,102.0,0.0,30
1250011748296284859,2026-10,133.38,102.0,0.0,26
1251019657102681423,2025-10,115.87,90.0,0.8,1
1251019657102681423,2025-11,94.05,90.0,0.53,14
1251019657102681423,2025-12,93.48,90.0,0.42,18
1251019657102681423,2026-01,80.2,90.0,0.1,28
1251019657102681423,2026-02,79.78,90.0,0.14,24
1251019657102681423,2026-03,79.46,90.0,0.0,31
1251019657102681423,2026-04,93.6,90.0,0.13,26
1251019657102681423,2026-05,94.35,90.0,0.29,22
1251019657102681423,2026-06,93.6,90.0,0.0,30
1251019657102681423,2026-07,93.92,90.0,0.0,31
1251019657102681423,2026-08,117.4,90.0,0.0,31
1251019657102681423,2026-09,117.0,90.0,0.0,30
1251019657102681423,2026-10,117.69,90.0,0.0,26
1252085484312825516,2025-10,621.86,483.0,0.8,1
1252085484312825516,2025-11,504.74,483.0,0.0,30
1252085484312825516,2025-12,501.7,483.0,0.0,31
1252085484312825516,2026-01,430.41,483.0,0.0,31
1252085484312825516,2026-02,428.14,483.0,0.04,27
1252085484312825516,2026-03,426.44,483.0,0.0,31
1252085484312825516,2026-04,502.32,483.0,0.0,30
1252085484312825516,2026-05,506.37,483.0,0.0,31
1252085484312825516,2026-06,502.32,483.0,0.0,30
1252085484312825516,2026-07,504.03,483.0,0.0,31
1252085484312825516,2026-08,630.04,483.0,0.0,31
1252085484312825516,2026-09,627.9,483.0,0.0,30
1252085484312825516,2026-10,631.61,483.0,0.0,26
1253907525539317444,2025-10,194.41,151.0,0.0,5
1253907525539317444,2025-11,157.8,151.0,0.3,21
1253907525539317444,2025-12,156.85,151.0,0.29,22
1253907525539317444,2026-01,134.56,151.0,0.45,17
1253907525539317444,2026-02,133.85,151.0,1.0,0
1253907525539317444,2026-03,133.32,151.0,1.0,0
1253907525539317444,2026-04,157.04,151.0,1.0,0
1253907525539317444,2026-05,158.31,151.0,0.16,26
1253907525539317444,2026-06,157.04,151.0,0.1,27
1253907525539317444,2026-07,157.58,151.0,0.97,1
1253907525539317444,2026-08,196.97,151.0,0.0,31
1253907525539317444,2026-09,196.3,151.0,0.0,30
1253907525539317444,2026-10,197.46,151.0,0.0,26
1254239207141792883,2025-10,47.64,37.0,0.8,1
1254239207141792883,2025-11,38.66,37.0,0.23,23
1254239207141792883,2025-12,38.43,37.0,0.0,31
1254239207141792883,2026-01,32.97,37.0,0.0,31
1254239207141792883,2026-02,32.8,37.0,0.07,26
1254239207141792883,2026-03,32.67,37.0,0.0,31
1254239207141792883,2026-04,38.48,37.0,0.0,30
1254239207141792883,2026-05,38.79,37.0,0.0,31
1254239207141792883,2026-06,38.48,37.0,0.0,30
1254239207141792883,2026-07,38.61,37.0,0.0,31
1254239207141792883,2026-08,48.26,37.0,0.0,31
1254239207141792883,2026-09,48.1,37.0,0.0,30
1254239207141792883,2026-10,48.39,37.0,0.0,26
1254296063610900328,2025-10,48.92,38.0,0.8,1
1254296063610900328,2025-11,39.71,38.0,0.97,1
1254296063610900328,2025-12,39.47,38.0,0.0,31
1254296063610900328,2026-01,33.86,38.0,0.0,31
1254296063610900328,2026-02,33.68,38.0,0.07,26
1254296063610900328,2026-03,33.55,38.0,0.0,31
1254296063610900328,2026-04,39.52,38.0,0.0,30
1254296063610900328,2026-05,39.84,38.0,0.0,31
1254296063610900328,2026-06,39.52,38.0,0.0,30
1254296063610900328,2026-07,39.65,38.0,0.0,31
1254296063610900328,2026-08,49.57,38.0,0.0,31
1254296063610900328,2026-09,49.4,38.0,0.0,30
1254296063610900328,2026-10,49.69,38.0,0.0,26
1254585216831930600,2025-10,41.2,32.0,1.0,0
1254585216831930600,2025-11,33.44,32.0,0.47,16
1254585216831930600,2025-12,33.24,32.0,0.0,31
1254585216831930600,2026-01,28.52,32.0,0.0,31
1254585216831930600,2026-02,28.37,32.0,0.07,26
1254585216831930600,2026-03,28.25,32.0,0.0,31
1254585216831930600,2026-04,33.28,32.0,0.0,30
1254585216831930600,2026-05,33.55,32.0,0.0,31
1254585216831930600,2026-06,33.28,32.0,0.0,30
1254585216831930600,2026-07,33.39,32.0,0.0,31
1254585216831930600,2026-08,41.74,32.0,0.0,31
1254585216831930600,2026-09,41.6,32.0,0.0,30
1254585216831930600,2026-10,41.85,32.0,0.0,26
1254636275854124333,2025-10,39.91,31.0,1.0,0
1254636275854124333,2025-11,32.4,31.0,0.2,24
1254636275854124333,2025-12,32.2,31.0,0.0,31
1254636275854124333,2026-01,27.62,31.0,0.0,31
1254636275854124333,2026-02,27.48,31.0,0.07,26
1254636275854124333,2026-03,27.37,31.0,0.0,31
1254636275854124333,2026-04,32.24,31.0,0.0,30
1254636275854124333,2026-05,32.5,31.0,0.0,31
1254636275854124333,2026-06,32.24,31.0,0.4,18
1254636275854124333,2026-07,32.35,31.0,0.0,31
1254636275854124333,2026-08,40.44,31.0,0.0,31
1254636275854124333,2026-09,40.3,31.0,0.0,30
1254636275854124333,2026-10,40.54,31.0,0.0,26
1254952192357888486,2025-10,39.91,31.0,1.0,0
1254952192357888486,2025-11,32.4,31.0,0.7,9
1254952192357888486,2025-12,32.2,31.0,0.0,31
1254952192357888486,2026-01,27.62,31.0,0.0,31
1254952192357888486,2026-02,27.48,31.0,0.07,26
1254952192357888486,2026-03,27.37,31.0,0.0,31
1254952192357888486,2026-04,32.24,31.0,0.0,30
1254952192357888486,2026-05,32.5,31.0,0.0,31
1254952192357888486,2026-06,32.24,31.0,0.0,30
1254952192357888486,2026-07,32.35,31.0,0.0,31
1254952192357888486,2026-08,40.44,31.0,0.0,31
1254952192357888486,2026-09,40.3,31.0,0.0,30
1254952192357888486,2026-10,40.54,31.0,0.0,26
1254988378223468283,2025-10,37.34,29.0,1.0,0
1254988378223468283,2025-11,30.3,29.0,0.2,24
1254988378223468283,2025-12,30.12,29.0,0.0,31
1254988378223468283,2026-01,25.84,29.0,0.0,31
1254988378223468283,2026-02,25.71,29.0,0.07,26
1254988378223468283,2026-03,25.6,29.0,0.0,31
1254988378223468283,2026-04,30.16,29.0,0.0,30
1254988378223468283,2026-05,30.4,29.0,0.0,31
1254988378223468283,2026-06,30.16,29.0,0.0,30
1254988378223468283,2026-07,30.26,29.0,0.0,31
1254988378223468283,2026-08,37.83,29.0,0.0,31
1254988378223468283,2026-09,37.7,29.0,0.0,30
1254988378223468283,2026-10,37.92,29.0,0.0,26
1257498198995136053,2025-10,150.64,117.0,1.0,0
1257498198995136053,2025-11,122.27,117.0,1.0,0
1257498198995136053,2025-12,121.53,117.0,1.0,0
1257498198995136053,2026-01,104.26,117.0,0.0,31
1257498198995136053,2026-02,103.71,117.0,0.0,28
1257498198995136053,2026-03,103.3,117.0,0.0,31
1257498198995136053,2026-04,121.68,117.0,0.0,30
1257498198995136053,2026-05,122.66,117.0,0.0,31
1257498198995136053,2026-06,121.68,117.0,0.0,30
1257498198995136053,2026-07,122.1,117.0,0.0,31
1257498198995136053,2026-08,152.62,117.0,0.0,31
1257498198995136053,2026-09,152.1,117.0,0.0,30
1257498198995136053,2026-10,153.0,117.0,0.0,26
1258027856761385118,2025-10,63.09,49.0,1.0,0
1258027856761385118,2025-11,51.21,49.0,0.97,1
1258027856761385118,2025-12,50.9,49.0,0.0,31
1258027856761385118,2026-01,43.67,49.0,0.0,31
1258027856761385118,2026-02,43.44,49.0,0.0,28
1258027856761385118,2026-03,43.26,49.0,0.0,31
1258027856761385118,2026-04,50.96,49.0,0.0,30
1258027856761385118,2026-05,51.37,49.0,0.0,31
1258027856761385118,2026-06,50.96,49.0,0.0,30
1258027856761385118,2026-07,51.13,49.0,0.0,31
1258027856761385118,2026-08,63.92,49.0,0.0,31
1258027856761385118,2026-09,63.7,49.0,0.0,30
1258027856761385118,2026-10,64.08,49.0,0.0,26
1258215755368327135,2025-10,,,1.0,0
1258215755368327135,2025-11,,,0.27,22
1258215755368327135,2025-12,,,0.0,31
1258215755368327135,2026-01,,,0.0,31
1258215755368327135,2026-02,,,0.0,28
1258215755368327135,2026-03,,,0.0,31
1258215755368327135,2026-04,,,0.0,30
1258215755368327135,2026-05,,,0.0,31
1258215755368327135,2026-06,,,0.0,30
1258215755368327135,2026-07,,,0.26,23
1258215755368327135,2026-08,,,1.0,0
1258215755368327135,2026-09,,,1.0,0
1258215755368327135,2026-10,,,1.0,0
1258215783190013565,2025-10,132.61,103.0,0.8,1
1258215783190013565,2025-11,107.64,103.0,0.0,30
1258215783190013565,2025-12,106.99,103.0,0.0,31
1258215783190013565,2026-01,91.79,103.0,0.0,31
1258215783190013565,2026-02,91.3,103.0,0.0,28
1258215783190013565,2026-03,90.94,103.0,0.0,31
1258215783190013565,2026-04,107.12,103.0,0.0,30
1258215783190013565,2026-05,107.98,103.0,0.0,31
1258215783190013565,2026-06,107.12,103.0,0.0,30
1258215783190013565,2026-07,107.49,103.0,0.26,23
1258215783190013565,2026-08,134.36,103.0,1.0,0
1258215783190013565,2026-09,133.9,103.0,1.0,0
1258215783190013565,2026-10,134.69,103.0,1.0,0
1258215808908702912,2025-10,191.84,149.0,1.0,0
1258215808908702912,2025-11,155.7,149.0,1.0,0
1258215808908702912,2025-12,154.77,149.0,0.16,26
1258215808908702912,2026-01,132.78,149.0,0.0,31
1258215808908702912,2026-02,132.08,149.0,0.0,28
1258215808908702912,2026-03,131.55,149.0,0.0,31
1258215808908702912,2026-04,154.96,149.0,0.0,30
1258215808908702912,2026-05,156.21,149.0,0.0,31
1258215808908702912,2026-06,154.96,149.0,0.0,30
1258215808908702912,2026-07,155.49,149.0,0.26,23
1258215808908702912,2026-08,194.36,149.0,1.0,0
1258215808908702912,2026-09,193.7,149.0,1.0,0
1258215808908702912,2026-10,194.85,149.0,1.0,0
1258215841626200499,2025-10,140.34,109.0,1.0,0
1258215841626200499,2025-11,113.9,109.0,1.0,0
1258215841626200499,2025-12,113.22,109.0,0.16,26
1258215841626200499,2026-01,97.13,109.0,0.0,31
1258215841626200499,2026-02,96.62,109.0,0.0,28
1258215841626200499,2026-03,96.24,109.0,0.0,31
1258215841626200499,2026-04,113.36,109.0,0.0,30
1258215841626200499,2026-05,114.27,109.0,0.0,31
1258215841626200499,2026-06,113.36,109.0,0.0,30
1258215841626200499,2026-07,113.75,109.0,0.26,23
1258215841626200499,2026-08,142.18,109.0,1.0,0
1258215841626200499,2026-09,141.7,109.0,1.0,0
1258215841626200499,2026-10,142.54,109.0,1.0,0
1258215870922577210,2025-10,,,1.0,0
1258215870922577210,2025-11,,,1.0,0
1258215870922577210,2025-12,,,0.97,1
1258215870922577210,2026-01,,,0.0,31
1258215870922577210,2026-02,,,0.0,28
1258215870922577210,2026-03,,,0.0,31
1258215870922577210,2026-04,,,0.0,30
1258215870922577210,2026-05,,,0.0,31
1258215870922577210,2026-06,,,0.0,30
1258215870922577210,2026-07,,,0.26,23
1258215870922577210,2026-08,,,1.0,0
1258215870922577210,2026-09,,,1.0,0
1258215870922577210,2026-10,,,1.0,0
1259618032014757406,2025-10,42.49,33.0,1.0,0
1259618032014757406,2025-11,34.48,33.0,0.0,30
1259618032014757406,2025-12,34.28,33.0,0.0,31
1259618032014757406,2026-01,29.41,33.0,0.23,24
1259618032014757406,2026-02,29.25,33.0,1.0,0
1259618032014757406,2026-03,29.14,33.0,1.0,0
1259618032014757406,2026-04,34.32,33.0,1.0,0
1259618032014757406,2026-05,34.6,33.0,1.0,0
1259618032014757406,2026-06,34.32,33.0,1.0,0
1259618032014757406,2026-07,34.44,33.0,1.0,0
1259618032014757406,2026-08,43.05,33.0,1.0,0
1259618032014757406,2026-09,42.9,33.0,1.0,0
1259618032014757406,2026-10,43.15,33.0,1.0,0
1259675167556718057,2025-10,137.76,107.0,1.0,0
1259675167556718057,2025-11,111.82,107.0,0.2,24
1259675167556718057,2025-12,111.14,107.0,0.0,31
1259675167556718057,2026-01,95.35,107.0,0.0,31
1259675167556718057,2026-02,94.85,107.0,0.0,28
1259675167556718057,2026-03,94.47,107.0,0.0,31
1259675167556718057,2026-04,111.28,107.0,0.0,30
1259675167556718057,2026-05,112.18,107.0,0.0,31
1259675167556718057,2026-06,111.28,107.0,0.0,30
1259675167556718057,2026-07,111.66,107.0,0.0,31
1259675167556718057,2026-08,139.57,107.0,0.0,31
1259675167556718057,2026-09,139.1,107.0,0.0,30
1259675167556718057,2026-10,139.92,107.0,0.0,26
1263865399437051621,2025-10,96.56,75.0,0.0,5
1263865399437051621,2025-11,78.38,75.0,0.0,30
1263865399437051621,2025-12,77.9,75.0,0.0,31
1263865399437051621,2026-01,66.83,75.0,0.23,24
1263865399437051621,2026-02,66.48,75.0,1.0,0
1263865399437051621,2026-03,66.22,75.0,1.0,0
1263865399437051621,2026-04,78.0,75.0,1.0,0
1263865399437051621,2026-05,78.63,75.0,1.0,0
1263865399437051621,2026-06,78.0,75.0,1.0,0
1263865399437051621,2026-07,78.27,75.0,1.0,0
1263865399437051621,2026-08,97.83,75.0,1.0,0
1263865399437051621,2026-09,97.5,75.0,1.0,0
1263865399437051621,2026-10,98.08,75.0,1.0,0
1264525696822358116,2025-10,37.34,29.0,1.0,0
1264525696822358116,2025-11,30.3,29.0,0.17,25
1264525696822358116,2025-12,30.12,29.0,0.1,28
1264525696822358116,2026-01,25.84,29.0,0.03,30
1264525696822358116,2026-02,25.71,29.0,0.0,28
1264525696822358116,2026-03,25.6,29.0,0.0,31
1264525696822358116,2026-04,30.16,29.0,0.0,30
1264525696822358116,2026-05,30.4,29.0,0.0,31
1264525696822358116,2026-06,30.16,29.0,0.0,30
1264525696822358116,2026-07,30.26,29.0,0.0,31
1264525696822358116,2026-08,37.83,29.0,0.0,31
1264525696822358116,2026-09,37.7,29.0,0.0,30
1264525696822358116,2026-10,37.92,29.0,0.0,26
1264556127649367167,2025-10,191.84,149.0,0.2,4
1264556127649367167,2025-11,155.7,149.0,0.2,24
1264556127649367167,2025-12,154.77,149.0,0.0,31
1264556127649367167,2026-01,132.78,149.0,0.23,24
1264556127649367167,2026-02,132.08,149.0,1.0,0
1264556127649367167,2026-03,131.55,149.0,1.0,0
1264556127649367167,2026-04,154.96,149.0,1.0,0
1264556127649367167,2026-05,156.21,149.0,1.0,0
1264556127649367167,2026-06,154.96,149.0,1.0,0
1264556127649367167,2026-07,155.49,149.0,1.0,0
1264556127649367167,2026-08,194.36,149.0,1.0,0
1264556127649367167,2026-09,193.7,149.0,1.0,0
1264556127649367167,2026-10,194.85,149.0,1.0,0
1264568465880795785,2025-10,41.2,32.0,1.0,0
1264568465880795785,2025-11,33.44,32.0,0.03,29
1264568465880795785,2025-12,33.24,32.0,0.1,28
1264568465880795785,2026-01,28.52,32.0,0.0,31
1264568465880795785,2026-02,28.37,32.0,0.0,28
1264568465880795785,2026-03,28.25,32.0,0.03,30
1264568465880795785,2026-04,33.28,32.0,0.0,30
1264568465880795785,2026-05,33.55,32.0,0.0,31
1264568465880795785,2026-06,33.28,32.0,0.0,30
1264568465880795785,2026-07,33.39,32.0,0.0,31
1264568465880795785,2026-08,41.74,32.0,0.0,31
1264568465880795785,2026-09,41.6,32.0,0.0,30
1264568465880795785,2026-10,41.85,32.0,0.0,26
1264576489970661997,2025-10,43.77,34.0,1.0,0
1264576489970661997,2025-11,35.53,34.0,0.67,10
1264576489970661997,2025-12,35.32,34.0,0.0,31
1264576489970661997,2026-01,30.3,34.0,0.0,31
1264576489970661997,2026-02,30.14,34.0,0.0,28
1264576489970661997,2026-03,30.02,34.0,0.03,30
1264576489970661997,2026-04,35.36,34.0,0.0,30
1264576489970661997,2026-05,35.65,34.0,0.0,31
1264576489970661997,2026-06,35.36,34.0,0.0,30
1264576489970661997,2026-07,35.48,34.0,0.0,31
1264576489970661997,2026-08,44.35,34.0,0.0,31
1264576489970661997,2026-09,44.2,34.0,0.0,30
1264576489970661997,2026-10,44.46,34.0,0.0,26
1264590933970489715,2025-10,48.92,38.0,0.2,4
1264590933970489715,2025-11,39.71,38.0,0.0,30
1264590933970489715,2025-12,39.47,38.0,0.0,31
1264590933970489715,2026-01,33.86,38.0,0.03,30
1264590933970489715,2026-02,33.68,38.0,0.0,28
1264590933970489715,2026-03,33.55,38.0,0.0,31
1264590933970489715,2026-04,39.52,38.0,0.0,30
1264590933970489715,2026-05,39.84,38.0,0.0,31
1264590933970489715,2026-06,39.52,38.0,0.0,30
1264590933970489715,2026-07,39.65,38.0,0.0,31
1264590933970489715,2026-08,49.57,38.0,0.0,31
1264590933970489715,2026-09,49.4,38.0,0.0,30
1264590933970489715,2026-10,49.69,38.0,0.0,26
1264610360306001030,2025-10,41.2,32.0,0.0,5
1264610360306001030,2025-11,33.44,32.0,0.0,30
1264610360306001030,2025-12,33.24,32.0,0.0,31
1264610360306001030,2026-01,28.52,32.0,0.03,30
1264610360306001030,2026-02,28.37,32.0,0.0,28
1264610360306001030,2026-03,28.25,32.0,0.0,31
1264610360306001030,2026-04,33.28,32.0,0.0,30
1264610360306001030,2026-05,33.55,32.0,0.0,31
1264610360306001030,2026-06,33.28,32.0,0.0,30
1264610360306001030,2026-07,33.39,32.0,0.0,31
1264610360306001030,2026-08,41.74,32.0,0.0,31
1264610360306001030,2026-09,41.6,32.0,0.0,30
1264610360306001030,2026-10,41.85,32.0,0.0,26
1265214876823826383,2025-10,150.64,117.0,1.0,0
1265214876823826383,2025-11,122.27,117.0,1.0,0
1265214876823826383,2025-12,121.53,117.0,0.74,8
1265214876823826383,2026-01,104.26,117.0,0.0,31
1265214876823826383,2026-02,103.71,117.0,0.0,28
1265214876823826383,2026-03,103.3,117.0,0.0,31
1265214876823826383,2026-04,121.68,117.0,0.0,30
1265214876823826383,2026-05,122.66,117.0,0.0,31
1265214876823826383,2026-06,121.68,117.0,0.0,30
1265214876823826383,2026-07,122.1,117.0,0.0,31
1265214876823826383,2026-08,152.62,117.0,0.0,31
1265214876823826383,2026-09,152.1,117.0,0.0,30
1265214876823826383,2026-10,153.0,117.0,0.04,25
1265460091980810072,2025-10,,,1.0,0
1265460091980810072,2025-11,,,1.0,0
1265460091980810072,2025-12,,,1.0,0
1265460091980810072,2026-01,,,0.0,31
1265460091980810072,2026-02,,,0.0,28
1265460091980810072,2026-03,,,0.0,31
1265460091980810072,2026-04,,,0.0,30
1265460091980810072,2026-05,,,0.94,2
1265460091980810072,2026-06,,,1.0,0
1265460091980810072,2026-07,,,1.0,0
1265460091980810072,2026-08,,,1.0,0
1265460091980810072,2026-09,,,1.0,0
1265460091980810072,2026-10,,,1.0,0
1266672286831958556,2025-10,54.08,42.0,0.6,2
1266672286831958556,2025-11,43.89,42.0,0.0,30
1266672286831958556,2025-12,43.63,42.0,0.0,31
1266672286831958556,2026-01,37.43,42.0,0.0,31
1266672286831958556,2026-02,37.23,42.0,0.0,28
1266672286831958556,2026-03,37.08,42.0,0.0,31
1266672286831958556,2026-04,43.68,42.0,0.0,30
1266672286831958556,2026-05,44.03,42.0,0.0,31
1266672286831958556,2026-06,43.68,42.0,0.0,30
1266672286831958556,2026-07,43.83,42.0,0.0,31
1266672286831958556,2026-08,54.79,42.0,0.0,31
1266672286831958556,2026-09,54.6,42.0,0.0,30
1266672286831958556,2026-10,54.92,42.0,0.0,26
1267753276233234116,2025-10,96.56,75.0,1.0,0
1267753276233234116,2025-11,78.38,75.0,0.63,11
1267753276233234116,2025-12,77.9,75.0,0.0,31
1267753276233234116,2026-01,66.83,75.0,0.0,31
1267753276233234116,2026-02,66.48,75.0,0.0,28
1267753276233234116,2026-03,66.22,75.0,0.0,31
1267753276233234116,2026-04,78.0,75.0,0.0,30
1267753276233234116,2026-05,78.63,75.0,0.0,31
1267753276233234116,2026-06,78.0,75.0,0.0,30
1267753276233234116,2026-07,78.27,75.0,0.0,31
1267753276233234116,2026-08,97.83,75.0,0.0,31
1267753276233234116,2026-09,97.5,75.0,0.0,30
1267753276233234116,2026-10,98.08,75.0,0.0,26
1268226155222722772,2025-10,,,0.0,5
1268226155222722772,2025-11,,,0.27,22
1268226155222722772,2025-12,,,0.0,31
1268226155222722772,2026-01,,,0.0,31
1268226155222722772,2026-02,,,0.0,28
1268226155222722772,2026-03,,,0.0,31
1268226155222722772,2026-04,,,0.0,30
1268226155222722772,2026-05,,,0.0,31
1268226155222722772,2026-06,,,0.0,30
1268226155222722772,2026-07,,,0.0,31
1268226155222722772,2026-08,,,0.0,31
1268226155222722772,2026-09,,,0.0,30
1268226155222722772,2026-10,,,0.0,26
1269075729323599305,2025-10,137.76,107.0,0.0,5
1269075729323599305,2025-11,111.82,107.0,0.7,9
1269075729323599305,2025-12,111.14,107.0,1.0,0
1269075729323599305,2026-01,95.35,107.0,0.0,31
1269075729323599305,2026-02,94.85,107.0,0.0,28
1269075729323599305,2026-03,94.47,107.0,0.0,31
1269075729323599305,2026-04,111.28,107.0,0.0,30
1269075729323599305,2026-05,112.18,107.0,0.0,31
1269075729323599305,2026-06,111.28,107.0,0.0,30
1269075729323599305,2026-07,111.66,107.0,0.0,31
1269075729323599305,2026-08,139.57,107.0,0.0,31
1269075729323599305,2026-09,139.1,107.0,0.0,30
1269075729323599305,2026-10,139.92,107.0,0.0,26
1269828125616321901,2025-10,43.77,34.0,0.0,5
1269828125616321901,2025-11,35.53,34.0,0.0,30
1269828125616321901,2025-12,35.32,34.0,0.0,31
1269828125616321901,2026-01,30.3,34.0,0.23,24
1269828125616321901,2026-02,30.14,34.0,1.0,0
1269828125616321901,2026-03,30.02,34.0,1.0,0
1269828125616321901,2026-04,35.36,34.0,1.0,0
1269828125616321901,2026-05,35.65,34.0,1.0,0
1269828125616321901,2026-06,35.36,34.0,1.0,0
1269828125616321901,2026-07,35.48,34.0,1.0,0
1269828125616321901,2026-08,44.35,34.0,1.0,0
1269828125616321901,2026-09,44.2,34.0,1.0,0
1269828125616321901,2026-10,44.46,34.0,1.0,0
1270430939315736842,2025-10,41.2,32.0,1.0,0
1270430939315736842,2025-11,33.44,32.0,1.0,0
1270430939315736842,2025-12,33.24,32.0,0.0,31
1270430939315736842,2026-01,28.52,32.0,0.0,31
1270430939315736842,2026-02,28.37,32.0,0.0,28
1270430939315736842,2026-03,28.25,32.0,0.0,31
1270430939315736842,2026-04,33.28,32.0,0.0,30
1270430939315736842,2026-05,33.55,32.0,0.0,31
1270430939315736842,2026-06,33.28,32.0,0.0,30
1270430939315736842,2026-07,33.39,32.0,0.0,31
1270430939315736842,2026-08,41.74,32.0,0.0,31
1270430939315736842,2026-09,41.6,32.0,0.0,30
1270430939315736842,2026-10,41.85,32.0,0.0,26
1273343107801103525,2025-10,150.64,117.0,0.0,5
1273343107801103525,2025-11,122.27,117.0,0.0,30
1273343107801103525,2025-12,121.53,117.0,0.0,31
1273343107801103525,2026-01,104.26,117.0,0.0,31
1273343107801103525,2026-02,103.71,117.0,0.0,28
1273343107801103525,2026-03,103.3,117.0,0.0,31
1273343107801103525,2026-04,121.68,117.0,0.0,30
1273343107801103525,2026-05,122.66,117.0,0.0,31
1273343107801103525,2026-06,121.68,117.0,0.0,30
1273343107801103525,2026-07,122.1,117.0,0.26,23
1273343107801103525,2026-08,152.62,117.0,1.0,0
1273343107801103525,2026-09,152.1,117.0,1.0,0
1273343107801103525,2026-10,153.0,117.0,1.0,0
1274565074997749520,2025-10,46.35,36.0,1.0,0
1274565074997749520,2025-11,37.62,36.0,0.33,20
1274565074997749520,2025-12,37.39,36.0,0.19,25
1274565074997749520,2026-01,32.08,36.0,0.0,31
1274565074997749520,2026-02,31.91,36.0,0.0,28
1274565074997749520,2026-03,31.78,36.0,0.0,31
1274565074997749520,2026-04,37.44,36.0,0.0,30
1274565074997749520,2026-05,37.74,36.0,0.0,31
1274565074997749520,2026-06,37.44,36.0,0.0,30
1274565074997749520,2026-07,37.57,36.0,0.0,31
1274565074997749520,2026-08,46.96,36.0,0.0,31
1274565074997749520,2026-09,46.8,36.0,0.0,30
1274565074997749520,2026-10,47.08,36.0,0.0,26
1280659545333642253,2025-10,238.19,185.0,1.0,0
1280659545333642253,2025-11,193.32,185.0,1.0,0
1280659545333642253,2025-12,192.16,185.0,1.0,0
1280659545333642253,2026-01,164.86,185.0,0.0,31
1280659545333642253,2026-02,163.99,185.0,0.0,28
1280659545333642253,2026-03,163.34,185.0,0.0,31
1280659545333642253,2026-04,192.4,185.0,0.0,30
1280659545333642253,2026-05,193.95,185.0,0.0,31
1280659545333642253,2026-06,192.4,185.0,0.0,30
1280659545333642253,2026-07,193.06,185.0,0.0,31
1280659545333642253,2026-08,241.32,185.0,0.0,31
1280659545333642253,2026-09,240.5,185.0,0.0,30
1280659545333642253,2026-10,241.92,185.0,0.0,26
1281416666444223883,2025-10,61.8,48.0,1.0,0
1281416666444223883,2025-11,50.16,48.0,0.0,30
1281416666444223883,2025-12,49.86,48.0,0.0,31
1281416666444223883,2026-01,42.77,48.0,0.23,24
1281416666444223883,2026-02,42.55,48.0,1.0,0
1281416666444223883,2026-03,42.38,48.0,1.0,0
1281416666444223883,2026-04,49.92,48.0,1.0,0
1281416666444223883,2026-05,50.32,48.0,1.0,0
1281416666444223883,2026-06,49.92,48.0,1.0,0
1281416666444223883,2026-07,50.09,48.0,1.0,0
1281416666444223883,2026-08,62.61,48.0,1.0,0
1281416666444223883,2026-09,62.4,48.0,1.0,0
1281416666444223883,2026-10,62.77,48.0,1.0,0
1281440799953634088,2025-10,46.35,36.0,1.0,0
1281440799953634088,2025-11,37.62,36.0,0.3,21
1281440799953634088,2025-12,37.39,36.0,0.0,31
1281440799953634088,2026-01,32.08,36.0,0.0,31
1281440799953634088,2026-02,31.91,36.0,0.0,28
1281440799953634088,2026-03,31.78,36.0,0.0,31
1281440799953634088,2026-04,37.44,36.0,0.0,30
1281440799953634088,2026-05,37.74,36.0,0.0,31
1281440799953634088,2026-06,37.44,36.0,0.0,30
1281440799953634088,2026-07,37.57,36.0,0.0,31
1281440799953634088,2026-08,46.96,36.0,0.0,31
1281440799953634088,2026-09,46.8,36.0,0.0,30
1281440799953634088,2026-10,47.08,36.0,0.0,26
1281474018379679774,2025-10,43.77,34.0,0.4,3
1281474018379679774,2025-11,35.53,34.0,0.07,28
1281474018379679774,2025-12,35.32,34.0,0.0,31
1281474018379679774,2026-01,30.3,34.0,0.0,31
1281474018379679774,2026-02,30.14,34.0,0.0,28
1281474018379679774,2026-03,30.02,34.0,0.0,31
1281474018379679774,2026-04,35.36,34.0,0.0,30
1281474018379679774,2026-05,35.65,34.0,0.0,31
1281474018379679774,2026-06,35.36,34.0,0.0,30
1281474018379679774,2026-07,35.48,34.0,0.0,31
1281474018379679774,2026-08,44.35,34.0,0.0,31
1281474018379679774,2026-09,44.2,34.0,0.0,30
1281474018379679774,2026-10,44.46,34.0,0.0,26
1281541641269129874,2025-10,39.91,31.0,1.0,0
1281541641269129874,2025-11,32.4,31.0,1.0,0
1281541641269129874,2025-12,32.2,31.0,1.0,0
1281541641269129874,2026-01,27.62,31.0,0.0,31
1281541641269129874,2026-02,27.48,31.0,0.0,28
1281541641269129874,2026-03,27.37,31.0,0.0,31
1281541641269129874,2026-04,32.24,31.0,0.0,30
1281541641269129874,2026-05,32.5,31.0,0.0,31
1281541641269129874,2026-06,32.24,31.0,0.0,30
1281541641269129874,2026-07,32.35,31.0,0.0,31
1281541641269129874,2026-08,40.44,31.0,0.0,31
1281541641269129874,2026-09,40.3,31.0,0.0,30
1281541641269129874,2026-10,40.54,31.0,0.0,26
1281568736610336383,2025-10,43.77,34.0,1.0,0
1281568736610336383,2025-11,35.53,34.0,0.97,1
1281568736610336383,2025-12,35.32,34.0,0.0,31
1281568736610336383,2026-01,30.3,34.0,0.0,31
1281568736610336383,2026-02,30.14,34.0,0.0,28
1281568736610336383,2026-03,30.02,34.0,0.0,31
1281568736610336383,2026-04,35.36,34.0,0.0,30
1281568736610336383,2026-05,35.65,34.0,0.0,31
1281568736610336383,2026-06,35.36,34.0,0.0,30
1281568736610336383,2026-07,35.48,34.0,0.0,31
1281568736610336383,2026-08,44.35,34.0,0.0,31
1281568736610336383,2026-09,44.2,34.0,0.0,30
1281568736610336383,2026-10,44.46,34.0,0.0,26
1282944066151710777,2025-10,324.45,252.0,1.0,0
1282944066151710777,2025-11,263.34,252.0,1.0,0
1282944066151710777,2025-12,261.75,252.0,1.0,0
1282944066151710777,2026-01,224.56,252.0,1.0,0
1282944066151710777,2026-02,223.38,252.0,1.0,0
1282944066151710777,2026-03,222.49,252.0,1.0,0
1282944066151710777,2026-04,262.08,252.0,0.03,29
1282944066151710777,2026-05,264.19,252.0,0.0,31
1282944066151710777,2026-06,262.08,252.0,0.0,30
1282944066151710777,2026-07,262.97,252.0,0.26,23
1282944066151710777,2026-08,328.72,252.0,1.0,0
1282944066151710777,2026-09,327.6,252.0,1.0,0
1282944066151710777,2026-10,329.54,252.0,1.0,0
1283481555462262286,2025-10,42.49,33.0,0.2,4
1283481555462262286,2025-11,34.48,33.0,0.0,30
1283481555462262286,2025-12,34.28,33.0,0.0,31
1283481555462262286,2026-01,29.41,33.0,0.0,31
1283481555462262286,2026-02,29.25,33.0,0.0,28
1283481555462262286,2026-03,29.14,33.0,0.0,31
1283481555462262286,2026-04,34.32,33.0,0.2,24
1283481555462262286,2026-05,34.6,33.0,1.0,0
1283481555462262286,2026-06,34.32,33.0,1.0,0
1283481555462262286,2026-07,34.44,33.0,1.0,0
1283481555462262286,2026-08,43.05,33.0,1.0,0
1283481555462262286,2026-09,42.9,33.0,1.0,0
1283481555462262286,2026-10,43.15,33.0,1.0,0
1284797925460237313,2025-10,153.21,119.0,1.0,0
1284797925460237313,2025-11,124.36,119.0,0.87,4
1284797925460237313,2025-12,123.61,119.0,0.16,26
1284797925460237313,2026-01,106.04,119.0,0.0,31
1284797925460237313,2026-02,105.48,119.0,0.0,28
1284797925460237313,2026-03,105.06,119.0,0.0,31
1284797925460237313,2026-04,123.76,119.0,0.0,30
1284797925460237313,2026-05,124.76,119.0,0.0,31
1284797925460237313,2026-06,123.76,119.0,0.0,30
1284797925460237313,2026-07,124.18,119.0,0.0,31
1284797925460237313,2026-08,155.23,119.0,0.0,31
1284797925460237313,2026-09,154.7,119.0,0.0,30
1284797925460237313,2026-10,155.61,119.0,0.0,26
1285488244399824852,2025-10,213.72,166.0,0.0,5
1285488244399824852,2025-11,173.47,166.0,0.27,22
1285488244399824852,2025-12,172.43,166.0,0.23,24
1285488244399824852,2026-01,147.93,166.0,0.87,4
1285488244399824852,2026-02,147.15,166.0,1.0,0
1285488244399824852,2026-03,146.56,166.0,1.0,0
1285488244399824852,2026-04,172.64,166.0,0.13,26
1285488244399824852,2026-05,174.03,166.0,0.23,24
1285488244399824852,2026-06,172.64,166.0,0.0,30
1285488244399824852,2026-07,173.23,166.0,0.68,10
1285488244399824852,2026-08,216.53,166.0,1.0,0
1285488244399824852,2026-09,215.8,166.0,0.0,30
1285488244399824852,2026-10,217.08,166.0,0.0,26
1289107191343604917,2025-10,139.05,108.0,0.2,4
1289107191343604917,2025-11,112.86,108.0,0.3,21
1289107191343604917,2025-12,112.18,108.0,0.52,15
1289107191343604917,2026-01,96.24,108.0,0.23,24
1289107191343604917,2026-02,95.73,108.0,0.25,21
1289107191343604917,2026-03,95.35,108.0,0.45,17
1289107191343604917,2026-04,112.32,108.0,0.23,23
1289107191343604917,2026-05,113.23,108.0,0.42,18
1289107191343604917,2026-06,112.32,108.0,0.13,26
1289107191343604917,2026-07,112.7,108.0,0.1,28
1289107191343604917,2026-08,140.88,108.0,0.0,31
1289107191343604917,2026-09,140.4,108.0,0.0,30
1289107191343604917,2026-10,141.23,108.0,0.0,26
1289136148781767542,2025-10,45.06,35.0,1.0,0
1289136148781767542,2025-11,36.58,35.0,0.0,30
1289136148781767542,2025-12,36.35,35.0,0.0,31
1289136148781767542,2026-01,31.19,35.0,0.0,31
1289136148781767542,2026-02,31.02,35.0,0.0,28
1289136148781767542,2026-03,30.9,35.0,0.0,31
1289136148781767542,2026-04,36.4,35.0,0.0,30
1289136148781767542,2026-05,36.69,35.0,0.0,31
1289136148781767542,2026-06,36.4,35.0,0.0,30
1289136148781767542,2026-07,36.52,35.0,0.0,31
1289136148781767542,2026-08,45.65,35.0,0.0,31
1289136148781767542,2026-09,45.5,35.0,0.0,30
1289136148781767542,2026-10,45.77,35.0,0.0,26
1290769161710005717,2025-10,52.79,41.0,0.2,4
1290769161710005717,2025-11,42.84,41.0,0.73,8
1290769161710005717,2025-12,42.59,41.0,0.0,31
1290769161710005717,2026-01,36.54,41.0,0.0,31
1290769161710005717,2026-02,36.34,41.0,0.0,28
1290769161710005717,2026-03,36.2,41.0,0.0,31
1290769161710005717,2026-04,42.64,41.0,0.0,30
1290769161710005717,2026-05,42.98,41.0,0.0,31
1290769161710005717,2026-06,42.64,41.0,0.0,30
1290769161710005717,2026-07,42.79,41.0,0.0,31
1290769161710005717,2026-08,53.48,41.0,0.0,31
1290769161710005717,2026-09,53.3,41.0,0.0,30
1290769161710005717,2026-10,53.62,41.0,0.0,26
1292717600642360565,2025-10,217.59,169.0,0.4,3
1292717600642360565,2025-11,176.6,169.0,0.27,22
1292717600642360565,2025-12,175.54,169.0,0.0,31
1292717600642360565,2026-01,150.6,169.0,0.0,31
1292717600642360565,2026-02,149.81,169.0,0.0,28
1292717600642360565,2026-03,149.21,169.0,0.65,11
1292717600642360565,2026-04,175.76,169.0,0.0,30
1292717600642360565,2026-05,177.18,169.0,0.1,28
1292717600642360565,2026-06,175.76,169.0,0.0,30
1292717600642360565,2026-07,176.36,169.0,0.0,31
1292717600642360565,2026-08,220.45,169.0,0.0,31
1292717600642360565,2026-09,219.7,169.0,0.0,30
1292717600642360565,2026-10,221.0,169.0,0.0,26
1294911445489209968,2025-10,132.61,103.0,0.4,3
1294911445489209968,2025-11,107.64,103.0,0.27,22
1294911445489209968,2025-12,106.99,103.0,0.0,31
1294911445489209968,2026-01,91.79,103.0,0.0,31
1294911445489209968,2026-02,91.3,103.0,0.0,28
1294911445489209968,2026-03,90.94,103.0,0.0,31
1294911445489209968,2026-04,107.12,103.0,0.0,30
1294911445489209968,2026-05,107.98,103.0,0.0,31
1294911445489209968,2026-06,107.12,103.0,0.0,30
1294911445489209968,2026-07,107.49,103.0,0.0,31
1294911445489209968,2026-08,134.36,103.0,0.0,31
1294911445489209968,2026-09,133.9,103.0,0.0,30
1294911445489209968,2026-10,134.69,103.0,0.0,26
1297426118285710735,2025-10,45.06,35.0,0.4,3
1297426118285710735,2025-11,36.58,35.0,0.97,1
1297426118285710735,2025-12,36.35,35.0,0.32,21
1297426118285710735,2026-01,31.19,35.0,0.0,31
1297426118285710735,2026-02,31.02,35.0,0.0,28
1297426118285710735,2026-03,30.9,35.0,0.0,31
1297426118285710735,2026-04,36.4,35.0,0.0,30
1297426118285710735,2026-05,36.69,35.0,0.0,31
1297426118285710735,2026-06,36.4,35.0,0.0,30
1297426118285710735,2026-07,36.52,35.0,0.0,31
1297426118285710735,2026-08,45.65,35.0,0.0,31
1297426118285710735,2026-09,45.5,35.0,0.0,30
1297426118285710735,2026-10,45.77,35.0,0.0,26
1298054626162676731,2025-10,45.06,35.0,0.6,2
1298054626162676731,2025-11,36.58,35.0,0.7,9
1298054626162676731,2025-12,36.35,35.0,0.19,25
1298054626162676731,2026-01,31.19,35.0,0.0,31
1298054626162676731,2026-02,31.02,35.0,0.0,28
1298054626162676731,2026-03,30.9,35.0,0.03,30
1298054626162676731,2026-04,36.4,35.0,0.0,30
1298054626162676731,2026-05,36.69,35.0,0.0,31
1298054626162676731,2026-06,36.4,35.0,0.0,30
1298054626162676731,2026-07,36.52,35.0,0.0,31
1298054626162676731,2026-08,45.65,35.0,0.0,31
1298054626162676731,2026-09,45.5,35.0,0.0,30
1298054626162676731,2026-10,45.77,35.0,0.0,26
1300686397183503456,2025-10,93.99,73.0,0.4,3
1300686397183503456,2025-11,76.29,73.0,0.57,13
1300686397183503456,2025-12,75.83,73.0,0.39,19
1300686397183503456,2026-01,65.05,73.0,0.0,31
1300686397183503456,2026-02,64.71,73.0,0.0,28
1300686397183503456,2026-03,64.45,73.0,0.0,31
1300686397183503456,2026-04,75.92,73.0,0.0,30
1300686397183503456,2026-05,76.53,73.0,0.0,31
1300686397183503456,2026-06,75.92,73.0,0.0,30
1300686397183503456,2026-07,76.18,73.0,0.26,23
1300686397183503456,2026-08,95.22,73.0,1.0,0
1300686397183503456,2026-09,94.9,73.0,1.0,0
1300686397183503456,2026-10,95.46,73.0,1.0,0
1301444093797236558,2025-10,43.77,34.0,0.2,4
1301444093797236558,2025-11,35.53,34.0,0.0,30
1301444093797236558,2025-12,35.32,34.0,0.19,25
1301444093797236558,2026-01,30.3,34.0,0.0,31
1301444093797236558,2026-02,30.14,34.0,0.0,28
1301444093797236558,2026-03,30.02,34.0,0.0,31
1301444093797236558,2026-04,35.36,34.0,0.0,30
1301444093797236558,2026-05,35.65,34.0,0.0,31
1301444093797236558,2026-06,35.36,34.0,0.0,30
1301444093797236558,2026-07,35.48,34.0,0.13,27
1301444093797236558,2026-08,44.35,34.0,1.0,0
1301444093797236558,2026-09,44.2,34.0,1.0,0
1301444093797236558,2026-10,44.46,34.0,1.0,0
1301858708855663782,2025-10,48.92,38.0,1.0,0
1301858708855663782,2025-11,39.71,38.0,1.0,0
1301858708855663782,2025-12,39.47,38.0,1.0,0
1301858708855663782,2026-01,33.86,38.0,1.0,0
1301858708855663782,2026-02,33.68,38.0,1.0,0
1301858708855663782,2026-03,33.55,38.0,0.0,31
1301858708855663782,2026-04,39.52,38.0,0.2,24
1301858708855663782,2026-05,39.84,38.0,1.0,0
1301858708855663782,2026-06,39.52,38.0,1.0,0
1301858708855663782,2026-07,39.65,38.0,1.0,0
1301858708855663782,2026-08,49.57,38.0,1.0,0
1301858708855663782,2026-09,49.4,38.0,1.0,0
1301858708855663782,2026-10,49.69,38.0,1.0,0
1301871511601665734,2025-10,51.5,40.0,0.2,4
1301871511601665734,2025-11,41.8,40.0,0.0,30
1301871511601665734,2025-12,41.55,40.0,0.0,31
1301871511601665734,2026-01,35.65,40.0,0.0,31
1301871511601665734,2026-02,35.46,40.0,0.0,28
1301871511601665734,2026-03,35.32,40.0,0.0,31
1301871511601665734,2026-04,41.6,40.0,1.0,0
1301871511601665734,2026-05,41.94,40.0,1.0,0
1301871511601665734,2026-06,41.6,40.0,1.0,0
1301871511601665734,2026-07,41.74,40.0,1.0,0
1301871511601665734,2026-08,52.18,40.0,1.0,0
1301871511601665734,2026-09,52.0,40.0,1.0,0
1301871511601665734,2026-10,52.31,40.0,1.0,0
1302920366325903405,2025-10,29.61,23.0,1.0,0
1302920366325903405,2025-11,24.04,23.0,1.0,0
1302920366325903405,2025-12,23.89,23.0,0.0,31
1302920366325903405,2026-01,20.5,23.0,0.0,31
1302920366325903405,2026-02,20.39,23.0,0.0,28
1302920366325903405,2026-03,20.31,23.0,0.0,31
1302920366325903405,2026-04,23.92,23.0,0.0,30
1302920366325903405,2026-05,24.11,23.0,0.0,31
1302920366325903405,2026-06,23.92,23.0,0.0,30
1302920366325903405,2026-07,24.0,23.0,0.0,31
1302920366325903405,2026-08,30.0,23.0,0.0,31
1302920366325903405,2026-09,29.9,23.0,0.0,30
1302920366325903405,2026-10,30.08,23.0,0.0,26
1303964477988774088,2025-10,163.51,127.0,0.2,4
1303964477988774088,2025-11,132.72,127.0,0.23,23
1303964477988774088,2025-12,131.92,127.0,0.06,29
1303964477988774088,2026-01,113.17,127.0,0.0,31
1303964477988774088,2026-02,112.58,127.0,0.0,28
1303964477988774088,2026-03,112.13,127.0,0.0,31
1303964477988774088,2026-04,132.08,127.0,0.0,30
1303964477988774088,2026-05,133.15,127.0,0.13,27
1303964477988774088,2026-06,132.08,127.0,0.0,30
1303964477988774088,2026-07,132.53,127.0,0.0,31
1303964477988774088,2026-08,165.66,127.0,0.03,30
1303964477988774088,2026-09,165.1,127.0,0.0,30
1303964477988774088,2026-10,166.08,127.0,0.0,26
1303966501886026574,2025-10,128.75,100.0,1.0,0
1303966501886026574,2025-11,104.5,100.0,1.0,0
1303966501886026574,2025-12,103.87,100.0,0.77,7
1303966501886026574,2026-01,89.11,100.0,0.23,24
1303966501886026574,2026-02,88.64,100.0,1.0,0
1303966501886026574,2026-03,88.29,100.0,1.0,0
1303966501886026574,2026-04,104.0,100.0,1.0,0
1303966501886026574,2026-05,104.84,100.0,1.0,0
1303966501886026574,2026-06,104.0,100.0,1.0,0
1303966501886026574,2026-07,104.35,100.0,1.0,0
1303966501886026574,2026-08,130.44,100.0,1.0,0
1303966501886026574,2026-09,130.0,100.0,1.0,0
1303966501886026574,2026-10,130.77,100.0,1.0,0
1304689019380054605,2025-10,148.06,115.0,1.0,0
1304689019380054605,2025-11,120.18,115.0,1.0,0
1304689019380054605,2025-12,119.45,115.0,1.0,0
1304689019380054605,2026-01,102.48,115.0,1.0,0
1304689019380054605,2026-02,101.94,115.0,1.0,0
1304689019380054605,2026-03,101.53,115.0,1.0,0
1304689019380054605,2026-04,119.6,115.0,1.0,0
1304689019380054605,2026-05,120.56,115.0,0.97,1
1304689019380054605,2026-06,119.6,115.0,0.53,14
1304689019380054605,2026-07,120.01,115.0,1.0,0
1304689019380054605,2026-08,150.01,115.0,0.97,1
1304689019380054605,2026-09,149.5,115.0,0.0,30
1304689019380054605,2026-10,150.38,115.0,0.0,26
1305816679198562589,2025-10,162.22,126.0,0.6,2
1305816679198562589,2025-11,131.67,126.0,0.87,4
1305816679198562589,2025-12,130.88,126.0,0.35,20
1305816679198562589,2026-01,112.28,126.0,0.0,31
1305816679198562589,2026-02,111.69,126.0,0.46,15
1305816679198562589,2026-03,111.24,126.0,0.03,30
1305816679198562589,2026-04,131.04,126.0,0.0,30
1305816679198562589,2026-05,132.1,126.0,0.19,25
1305816679198562589,2026-06,131.04,126.0,0.13,26
1305816679198562589,2026-07,131.49,126.0,0.0,31
1305816679198562589,2026-08,164.36,126.0,0.0,31
1305816679198562589,2026-09,163.8,126.0,0.07,28
1305816679198562589,2026-10,164.77,126.0,0.0,26
1305876200336755530,2025-10,189.26,147.0,0.0,5
1305876200336755530,2025-11,153.61,147.0,0.03,29
1305876200336755530,2025-12,152.69,147.0,0.0,31
1305876200336755530,2026-01,131.0,147.0,0.0,31
1305876200336755530,2026-02,130.3,147.0,0.0,28
1305876200336755530,2026-03,129.79,147.0,0.0,31
1305876200336755530,2026-04,152.88,147.0,0.0,30
1305876200336755530,2026-05,154.11,147.0,0.0,31
1305876200336755530,2026-06,152.88,147.0,0.0,30
1305876200336755530,2026-07,153.4,147.0,0.0,31
1305876200336755530,2026-08,191.75,147.0,0.0,31
1305876200336755530,2026-09,191.1,147.0,0.0,30
1305876200336755530,2026-10,192.23,147.0,0.0,26
1310277417246275602,2025-10,,,0.2,4
1310277417246275602,2025-11,,,0.0,30
1310277417246275602,2025-12,,,0.0,31
1310277417246275602,2026-01,,,0.23,24
1310277417246275602,2026-02,,,1.0,0
1310277417246275602,2026-03,,,1.0,0
1310277417246275602,2026-04,,,1.0,0
1310277417246275602,2026-05,,,1.0,0
1310277417246275602,2026-06,,,1.0,0
1310277417246275602,2026-07,,,1.0,0
1310277417246275602,2026-08,,,1.0,0
1310277417246275602,2026-09,,,1.0,0
1310277417246275602,2026-10,,,1.0,0
1310808548325201994,2025-10,104.29,81.0,1.0,0
1310808548325201994,2025-11,84.64,81.0,1.0,0
1310808548325201994,2025-12,84.14,81.0,1.0,0
1310808548325201994,2026-01,72.18,81.0,0.0,31
1310808548325201994,2026-02,71.8,81.0,0.0,28
1310808548325201994,2026-03,71.52,81.0,1.0,0
1310808548325201994,2026-04,84.24,81.0,1.0,0
1310808548325201994,2026-05,84.92,81.0,1.0,0
1310808548325201994,2026-06,84.24,81.0,1.0,0
1310808548325201994,2026-07,84.53,81.0,1.0,0
1310808548325201994,2026-08,105.66,81.0,1.0,0
1310808548325201994,2026-09,105.3,81.0,1.0,0
1310808548325201994,2026-10,105.92,81.0,1.0,0
1310975938412513596,2025-10,104.29,81.0,0.8,1
1310975938412513596,2025-11,84.64,81.0,0.0,30
1310975938412513596,2025-12,84.14,81.0,0.0,31
1310975938412513596,2026-01,72.18,81.0,1.0,0
1310975938412513596,2026-02,71.8,81.0,1.0,0
1310975938412513596,2026-03,71.52,81.0,1.0,0
1310975938412513596,2026-04,84.24,81.0,1.0,0
1310975938412513596,2026-05,84.92,81.0,1.0,0
1310975938412513596,2026-06,84.24,81.0,1.0,0
1310975938412513596,2026-07,84.53,81.0,1.0,0
1310975938412513596,2026-08,105.66,81.0,1.0,0
1310975938412513596,2026-09,105.3,81.0,1.0,0
1310975938412513596,2026-10,105.92,81.0,1.0,0
1312399704046005018,2025-10,150.64,117.0,0.8,1
1312399704046005018,2025-11,122.27,117.0,0.33,20
1312399704046005018,2025-12,121.53,117.0,0.26,23
1312399704046005018,2026-01,104.26,117.0,0.0,31
1312399704046005018,2026-02,103.71,117.0,0.0,28
1312399704046005018,2026-03,103.3,117.0,0.0,31
1312399704046005018,2026-04,121.68,117.0,0.0,30
1312399704046005018,2026-05,122.66,117.0,0.23,24
1312399704046005018,2026-06,121.68,117.0,0.0,30
1312399704046005018,2026-07,122.1,117.0,0.0,31
1312399704046005018,2026-08,152.62,117.0,0.0,31
1312399704046005018,2026-09,152.1,117.0,0.0,30
1312399704046005018,2026-10,153.0,117.0,0.0,26
1313755115307058206,2025-10,47.64,37.0,0.0,5
1313755115307058206,2025-11,38.66,37.0,0.0,30
1313755115307058206,2025-12,38.43,37.0,0.0,31
1313755115307058206,2026-01,32.97,37.0,0.03,30
1313755115307058206,2026-02,32.8,37.0,0.0,28
1313755115307058206,2026-03,32.67,37.0,0.0,31
1313755115307058206,2026-04,38.48,37.0,0.0,30
1313755115307058206,2026-05,38.79,37.0,0.0,31
1313755115307058206,2026-06,38.48,37.0,0.0,30
1313755115307058206,2026-07,38.61,37.0,0.0,31
1313755115307058206,2026-08,48.26,37.0,0.0,31
1313755115307058206,2026-09,48.1,37.0,0.0,30
1313755115307058206,2026-10,48.39,37.0,0.0,26
1314397584481423991,2025-10,104.29,81.0,1.0,0
1314397584481423991,2025-11,84.64,81.0,0.07,28
1314397584481423991,2025-12,84.14,81.0,0.0,31
1314397584481423991,2026-01,72.18,81.0,0.0,31
1314397584481423991,2026-02,71.8,81.0,0.0,28
1314397584481423991,2026-03,71.52,81.0,0.0,31
1314397584481423991,2026-04,84.24,81.0,0.0,30
1314397584481423991,2026-05,84.92,81.0,0.0,31
1314397584481423991,2026-06,84.24,81.0,0.0,30
1314397584481423991,2026-07,84.53,81.0,0.26,23
1314397584481423991,2026-08,105.66,81.0,1.0,0
1314397584481423991,2026-09,105.3,81.0,1.0,0
1314397584481423991,2026-10,105.92,81.0,1.0,0
1314804205076057495,2025-10,43.77,34.0,0.4,3
1314804205076057495,2025-11,35.53,34.0,0.7,9
1314804205076057495,2025-12,35.32,34.0,0.19,25
1314804205076057495,2026-01,30.3,34.0,0.0,31
1314804205076057495,2026-02,30.14,34.0,0.0,28
1314804205076057495,2026-03,30.02,34.0,0.03,30
1314804205076057495,2026-04,35.36,34.0,0.0,30
1314804205076057495,2026-05,35.65,34.0,0.0,31
1314804205076057495,2026-06,35.36,34.0,0.0,30
1314804205076057495,2026-07,35.48,34.0,0.0,31
1314804205076057495,2026-08,44.35,34.0,0.0,31
1314804205076057495,2026-09,44.2,34.0,0.0,30
1314804205076057495,2026-10,44.46,34.0,0.0,26
1320369317634135695,2025-10,142.91,111.0,1.0,0
1320369317634135695,2025-11,115.99,111.0,0.57,13
1320369317634135695,2025-12,115.3,111.0,0.1,28
1320369317634135695,2026-01,98.91,111.0,0.0,31
1320369317634135695,2026-02,98.39,111.0,0.0,28
1320369317634135695,2026-03,98.0,111.0,0.0,31
1320369317634135695,2026-04,115.44,111.0,0.0,30
1320369317634135695,2026-05,116.37,111.0,0.0,31
1320369317634135695,2026-06,115.44,111.0,0.0,30
1320369317634135695,2026-07,115.83,111.0,0.0,31
1320369317634135695,2026-08,144.79,111.0,0.0,31
1320369317634135695,2026-09,144.3,111.0,0.0,30
1320369317634135695,2026-10,145.15,111.0,0.0,26
1320369319651462745,2025-10,135.19,105.0,0.8,1
1320369319651462745,2025-11,109.72,105.0,0.87,4
1320369319651462745,2025-12,109.06,105.0,0.23,24
1320369319651462745,2026-01,93.57,105.0,0.0,31
1320369319651462745,2026-02,93.08,105.0,0.07,26
1320369319651462745,2026-03,92.71,105.0,0.0,31
1320369319651462745,2026-04,109.2,105.0,0.0,30
1320369319651462745,2026-05,110.08,105.0,0.0,31
1320369319651462745,2026-06,109.2,105.0,0.0,30
1320369319651462745,2026-07,109.57,105.0,0.0,31
1320369319651462745,2026-08,136.97,105.0,0.0,31
1320369319651462745,2026-09,136.5,105.0,0.0,30
1320369319651462745,2026-10,137.31,105.0,0.0,26
1322554045705984466,2025-10,230.46,179.0,0.4,3
1322554045705984466,2025-11,187.05,179.0,0.4,18
1322554045705984466,2025-12,185.93,179.0,0.19,25
1322554045705984466,2026-01,159.51,179.0,0.06,29
1322554045705984466,2026-02,158.67,179.0,0.0,28
1322554045705984466,2026-03,158.04,179.0,0.0,31
1322554045705984466,2026-04,186.16,179.0,0.0,30
1322554045705984466,2026-05,187.66,179.0,0.0,31
1322554045705984466,2026-06,186.16,179.0,0.0,30
1322554045705984466,2026-07,186.8,179.0,0.0,31
1322554045705984466,2026-08,233.49,179.0,0.0,31
1322554045705984466,2026-09,232.7,179.0,0.0,30
1322554045705984466,2026-10,234.08,179.0,0.0,26
1322626871904956780,2025-10,86.26,67.0,1.0,0
1322626871904956780,2025-11,70.02,67.0,1.0,0
1322626871904956780,2025-12,69.59,67.0,0.16,26
1322626871904956780,2026-01,59.7,67.0,0.0,31
1322626871904956780,2026-02,59.39,67.0,0.0,28
1322626871904956780,2026-03,59.15,67.0,0.0,31
1322626871904956780,2026-04,69.68,67.0,0.0,30
1322626871904956780,2026-05,70.24,67.0,0.0,31
1322626871904956780,2026-06,69.68,67.0,0.0,30
1322626871904956780,2026-07,69.92,67.0,0.0,31
1322626871904956780,2026-08,87.4,67.0,0.0,31
1322626871904956780,2026-09,87.1,67.0,0.0,30
1322626871904956780,2026-10,87.61,67.0,0.0,26
1323836282604177972,2025-10,,,1.0,0
1323836282604177972,2025-11,,,1.0,0
1323836282604177972,2025-12,,,1.0,0
1323836282604177972,2026-01,,,1.0,0
1323836282604177972,2026-02,,,1.0,0
1323836282604177972,2026-03,,,1.0,0
1323836282604177972,2026-04,,,1.0,0
1323836282604177972,2026-05,,,1.0,0
1323836282604177972,2026-06,,,1.0,0
1323836282604177972,2026-07,,,1.0,0
1323836282604177972,2026-08,,,1.0,0
1323836282604177972,2026-09,,,1.0,0
1323836282604177972,2026-10,,,1.0,0
1329363380596670390,2025-10,131.32,102.0,1.0,0
1329363380596670390,2025-11,106.59,102.0,0.03,29
1329363380596670390,2025-12,105.95,102.0,0.0,31
1329363380596670390,2026-01,90.89,102.0,0.0,31
1329363380596670390,2026-02,90.41,102.0,0.0,28
1329363380596670390,2026-03,90.05,102.0,0.0,31
1329363380596670390,2026-04,106.08,102.0,0.0,30
1329363380596670390,2026-05,106.94,102.0,0.52,15
1329363380596670390,2026-06,106.08,102.0,0.0,30
1329363380596670390,2026-07,106.44,102.0,0.0,31
1329363380596670390,2026-08,133.05,102.0,0.0,31
1329363380596670390,2026-09,132.6,102.0,0.0,30
1329363380596670390,2026-10,133.38,102.0,0.0,26
1332912508617969439,2025-10,211.15,164.0,0.0,5
1332912508617969439,2025-11,171.38,164.0,0.3,21
1332912508617969439,2025-12,170.35,164.0,0.0,31
1332912508617969439,2026-01,146.15,164.0,0.0,31
1332912508617969439,2026-02,145.37,164.0,0.0,28
1332912508617969439,2026-03,144.8,164.0,0.0,31
1332912508617969439,2026-04,170.56,164.0,0.0,30
1332912508617969439,2026-05,171.94,164.0,0.26,23
1332912508617969439,2026-06,170.56,164.0,0.0,30
1332912508617969439,2026-07,171.14,164.0,0.0,31
1332912508617969439,2026-08,213.93,164.0,0.0,31
1332912508617969439,2026-09,213.2,164.0,0.0,30
1332912508617969439,2026-10,214.46,164.0,0.0,26
1333464727263115102,2025-10,151.92,118.0,1.0,0
1333464727263115102,2025-11,123.31,118.0,0.5,15
1333464727263115102,2025-12,122.57,118.0,0.0,31
1333464727263115102,2026-01,105.15,118.0,0.0,31
1333464727263115102,2026-02,104.6,118.0,0.0,28
1333464727263115102,2026-03,104.18,118.0,0.0,31
1333464727263115102,2026-04,122.72,118.0,0.0,30
1333464727263115102,2026-05,123.71,118.0,0.0,31
1333464727263115102,2026-06,122.72,118.0,0.0,30
1333464727263115102,2026-07,123.14,118.0,0.0,31
1333464727263115102,2026-08,153.92,118.0,0.0,31
1333464727263115102,2026-09,153.4,118.0,0.0,30
1333464727263115102,2026-10,154.31,118.0,0.0,26
1334313182120373470,2025-10,234.32,182.0,1.0,0
1334313182120373470,2025-11,190.19,182.0,1.0,0
1334313182120373470,2025-12,189.05,182.0,1.0,0
1334313182120373470,2026-01,162.18,182.0,1.0,0
1334313182120373470,2026-02,161.33,182.0,0.11,25
1334313182120373470,2026-03,160.69,182.0,0.0,31
1334313182120373470,2026-04,189.28,182.0,0.2,24
1334313182120373470,2026-05,190.81,182.0,1.0,0
1334313182120373470,2026-06,189.28,182.0,1.0,0
1334313182120373470,2026-07,189.93,182.0,1.0,0
1334313182120373470,2026-08,237.41,182.0,1.0,0
1334313182120373470,2026-09,236.6,182.0,1.0,0
1334313182120373470,2026-10,238.0,182.0,1.0,0
1334852448877818971,2025-10,119.74,93.0,0.0,5
1334852448877818971,2025-11,97.18,93.0,0.0,30
1334852448877818971,2025-12,96.6,93.0,0.0,31
1334852448877818971,2026-01,82.88,93.0,0.0,31
1334852448877818971,2026-02,82.44,93.0,0.0,28
1334852448877818971,2026-03,82.11,93.0,0.0,31
1334852448877818971,2026-04,96.72,93.0,0.0,30
1334852448877818971,2026-05,97.5,93.0,0.0,31
1334852448877818971,2026-06,96.72,93.0,0.0,30
1334852448877818971,2026-07,97.05,93.0,0.0,31
1334852448877818971,2026-08,121.31,93.0,0.0,31
1334852448877818971,2026-09,120.9,93.0,0.0,30
1334852448877818971,2026-10,121.62,93.0,0.0,26
1335964795468388530,2025-10,127.46,99.0,0.2,4
1335964795468388530,2025-11,103.46,99.0,0.1,27
1335964795468388530,2025-12,102.83,99.0,0.0,31
1335964795468388530,2026-01,88.22,99.0,0.0,31
1335964795468388530,2026-02,87.76,99.0,0.61,11
1335964795468388530,2026-03,87.41,99.0,1.0,0
1335964795468388530,2026-04,102.96,99.0,1.0,0
1335964795468388530,2026-05,103.79,99.0,1.0,0
1335964795468388530,2026-06,102.96,99.0,1.0,0
1335964795468388530,2026-07,103.31,99.0,1.0,0
1335964795468388530,2026-08,129.14,99.0,1.0,0
1335964795468388530,2026-09,128.7,99.0,1.0,0
1335964795468388530,2026-10,129.46,99.0,1.0,0
1336746191712136844,2025-10,245.91,191.0,0.2,4
1336746191712136844,2025-11,199.6,191.0,0.23,23
1336746191712136844,2025-12,198.39,191.0,0.13,27
1336746191712136844,2026-01,170.2,191.0,0.13,27
1336746191712136844,2026-02,169.31,191.0,0.04,27
1336746191712136844,2026-03,168.63,191.0,0.0,31
1336746191712136844,2026-04,198.64,191.0,0.03,29
1336746191712136844,2026-05,200.24,191.0,0.23,24
1336746191712136844,2026-06,198.64,191.0,0.07,28
1336746191712136844,2026-07,199.32,191.0,0.0,31
1336746191712136844,2026-08,249.15,191.0,0.0,31
1336746191712136844,2026-09,248.3,191.0,0.0,30
1336746191712136844,2026-10,249.77,191.0,0.0,26
1336979931287146067,2025-10,715.85,556.0,0.2,4
1336979931287146067,2025-11,581.02,556.0,0.0,30
1336979931287146067,2025-12,577.52,556.0,0.0,31
1336979931287146067,2026-01,495.47,556.0,0.0,31
1336979931287146067,2026-02,492.85,556.0,0.0,28
1336979931287146067,2026-03,490.89,556.0,0.0,31
1336979931287146067,2026-04,578.24,556.0,0.0,30
1336979931287146067,2026-05,582.9,556.0,0.0,31
1336979931287146067,2026-06,578.24,556.0,0.0,30
1336979931287146067,2026-07,580.21,556.0,0.0,31
1336979931287146067,2026-08,725.27,556.0,0.0,31
1336979931287146067,2026-09,722.8,556.0,0.0,30
1336979931287146067,2026-10,727.08,556.0,0.0,26
1340987659942325561,2025-10,115.87,90.0,1.0,0
1340987659942325561,2025-11,94.05,90.0,1.0,0
1340987659942325561,2025-12,93.48,90.0,1.0,0
1340987659942325561,2026-01,80.2,90.0,1.0,0
1340987659942325561,2026-02,79.78,90.0,1.0,0
1340987659942325561,2026-03,79.46,90.0,1.0,0
1340987659942325561,2026-04,93.6,90.0,1.0,0
1340987659942325561,2026-05,94.35,90.0,1.0,0
1340987659942325561,2026-06,93.6,90.0,1.0,0
1340987659942325561,2026-07,93.92,90.0,1.0,0
1340987659942325561,2026-08,117.4,90.0,0.0,31
1340987659942325561,2026-09,117.0,90.0,0.0,30
1340987659942325561,2026-10,117.69,90.0,0.0,26
1341331374961879506,2025-10,105.58,82.0,1.0,0
1341331374961879506,2025-11,85.69,82.0,1.0,0
1341331374961879506,2025-12,85.17,82.0,0.26,23
1341331374961879506,2026-01,73.07,82.0,0.0,31
1341331374961879506,2026-02,72.69,82.0,0.0,28
1341331374961879506,2026-03,72.4,82.0,0.0,31
1341331374961879506,2026-04,85.28,82.0,0.0,30
1341331374961879506,2026-05,85.97,82.0,0.0,31
1341331374961879506,2026-06,85.28,82.0,0.0,30
1341331374961879506,2026-07,85.57,82.0,0.26,23
1341331374961879506,2026-08,106.97,82.0,1.0,0
1341331374961879506,2026-09,106.6,82.0,1.0,0
1341331374961879506,2026-10,107.23,82.0,1.0,0
1341381194752576647,2025-10,42.49,33.0,1.0,0
1341381194752576647,2025-11,34.48,33.0,1.0,0
1341381194752576647,2025-12,34.28,33.0,1.0,0
1341381194752576647,2026-01,29.41,33.0,0.97,1
1341381194752576647,2026-02,29.25,33.0,0.0,28
1341381194752576647,2026-03,29.14,33.0,0.0,31
1341381194752576647,2026-04,34.32,33.0,0.0,30
1341381194752576647,2026-05,34.6,33.0,0.0,31
1341381194752576647,2026-06,34.32,33.0,0.0,30
1341381194752576647,2026-07,34.44,33.0,0.0,31
1341381194752576647,2026-08,43.05,33.0,0.0,31
1341381194752576647,2026-09,42.9,33.0,0.0,30
1341381194752576647,2026-10,43.15,33.0,0.0,26
1342281449564708174,2025-10,121.02,94.0,1.0,0
1342281449564708174,2025-11,98.23,94.0,0.67,10
1342281449564708174,2025-12,97.64,94.0,0.1,28
1342281449564708174,2026-01,83.76,94.0,0.0,31
1342281449564708174,2026-02,83.32,94.0,0.0,28
1342281449564708174,2026-03,82.99,94.0,0.0,31
1342281449564708174,2026-04,97.76,94.0,0.0,30
1342281449564708174,2026-05,98.55,94.0,0.1,28
1342281449564708174,2026-06,97.76,94.0,0.0,30
1342281449564708174,2026-07,98.09,94.0,0.26,23
1342281449564708174,2026-08,122.62,94.0,1.0,0
1342281449564708174,2026-09,122.2,94.0,1.0,0
1342281449564708174,2026-10,122.92,94.0,1.0,0
1343113942184694686,2025-10,99.14,77.0,0.4,3
1343113942184694686,2025-11,80.46,77.0,0.37,19
1343113942184694686,2025-12,79.98,77.0,0.16,26
1343113942184694686,2026-01,68.62,77.0,0.0,31
1343113942184694686,2026-02,68.26,77.0,0.0,28
1343113942184694686,2026-03,67.98,77.0,0.0,31
1343113942184694686,2026-04,80.08,77.0,0.0,30
1343113942184694686,2026-05,80.73,77.0,0.0,31
1343113942184694686,2026-06,80.08,77.0,0.0,30
1343113942184694686,2026-07,80.35,77.0,0.0,31
1343113942184694686,2026-08,100.44,77.0,0.0,31
1343113942184694686,2026-09,100.1,77.0,0.0,30
1343113942184694686,2026-10,100.69,77.0,0.0,26
1343139731864767404,2025-10,275.52,214.0,1.0,0
1343139731864767404,2025-11,223.63,214.0,1.0,0
1343139731864767404,2025-12,222.28,214.0,1.0,0
1343139731864767404,2026-01,190.7,214.0,0.29,22
1343139731864767404,2026-02,189.7,214.0,0.0,28
1343139731864767404,2026-03,188.94,214.0,0.0,31
1343139731864767404,2026-04,222.56,214.0,0.0,30
1343139731864767404,2026-05,224.35,214.0,0.0,31
1343139731864767404,2026-06,222.56,214.0,0.0,30
1343139731864767404,2026-07,223.32,214.0,0.26,23
1343139731864767404,2026-08,279.15,214.0,1.0,0
1343139731864767404,2026-09,278.2,214.0,1.0,0
1343139731864767404,2026-10,279.84,214.0,1.0,0
1343144172010491690,2025-10,155.79,121.0,0.4,3
1343144172010491690,2025-11,126.44,121.0,0.13,26
1343144172010491690,2025-12,125.68,121.0,0.0,31
1343144172010491690,2026-01,107.83,121.0,0.0,31
1343144172010491690,2026-02,107.26,121.0,0.0,28
1343144172010491690,2026-03,106.83,121.0,0.0,31
1343144172010491690,2026-04,125.84,121.0,0.0,30
1343144172010491690,2026-05,126.85,121.0,0.0,31
1343144172010491690,2026-06,125.84,121.0,0.0,30
1343144172010491690,2026-07,126.27,121.0,0.0,31
1343144172010491690,2026-08,157.84,121.0,0.0,31
1343144172010491690,2026-09,157.3,121.0,0.0,30
1343144172010491690,2026-10,158.23,121.0,0.0,26
1344228481490726990,2025-10,142.91,111.0,1.0,0
1344228481490726990,2025-11,115.99,111.0,1.0,0
1344228481490726990,2025-12,115.3,111.0,1.0,0
1344228481490726990,2026-01,98.91,111.0,0.0,31
1344228481490726990,2026-02,98.39,111.0,0.0,28
1344228481490726990,2026-03,98.0,111.0,0.0,31
1344228481490726990,2026-04,115.44,111.0,0.0,30
1344228481490726990,2026-05,116.37,111.0,0.0,31
1344228481490726990,2026-06,115.44,111.0,0.0,30
1344228481490726990,2026-07,115.83,111.0,0.0,31
1344228481490726990,2026-08,144.79,111.0,0.0,31
1344228481490726990,2026-09,144.3,111.0,0.0,30
1344228481490726990,2026-10,145.15,111.0,0.0,26
1344951713329153532,2025-10,38.62,30.0,1.0,0
1344951713329153532,2025-11,31.35,30.0,1.0,0
1344951713329153532,2025-12,31.16,30.0,1.0,0
1344951713329153532,2026-01,26.73,30.0,1.0,0
1344951713329153532,2026-02,26.59,30.0,0.25,21
1344951713329153532,2026-03,26.49,30.0,0.0,31
1344951713329153532,2026-04,31.2,30.0,0.0,30
1344951713329153532,2026-05,31.45,30.0,0.0,31
1344951713329153532,2026-06,31.2,30.0,0.0,30
1344951713329153532,2026-07,31.31,30.0,0.0,31
1344951713329153532,2026-08,39.13,30.0,0.0,31
1344951713329153532,2026-09,39.0,30.0,0.0,30
1344951713329153532,2026-10,39.23,30.0,0.0,26
1345170046719762263,2025-10,92.7,72.0,1.0,0
1345170046719762263,2025-11,75.24,72.0,1.0,0
1345170046719762263,2025-12,74.79,72.0,1.0,0
1345170046719762263,2026-01,64.16,72.0,1.0,0
1345170046719762263,2026-02,63.82,72.0,1.0,0
1345170046719762263,2026-03,63.57,72.0,0.9,3
1345170046719762263,2026-04,74.88,72.0,0.0,30
1345170046719762263,2026-05,75.48,72.0,0.0,31
1345170046719762263,2026-06,74.88,72.0,0.0,30
1345170046719762263,2026-07,75.14,72.0,0.0,31
1345170046719762263,2026-08,93.92,72.0,0.0,31
1345170046719762263,2026-09,93.6,72.0,0.0,30
1345170046719762263,2026-10,94.15,72.0,0.0,26
1345239313751439166,2025-10,343.76,267.0,0.6,2
1345239313751439166,2025-11,279.02,267.0,0.53,14
1345239313751439166,2025-12,277.34,267.0,0.26,23
1345239313751439166,2026-01,237.93,267.0,0.06,29
1345239313751439166,2026-02,236.68,267.0,0.0,28
1345239313751439166,2026-03,235.73,267.0,0.13,27
1345239313751439166,2026-04,277.68,267.0,0.0,30
1345239313751439166,2026-05,279.92,267.0,0.35,20
1345239313751439166,2026-06,277.68,267.0,0.0,30
1345239313751439166,2026-07,278.63,267.0,0.26,23
1345239313751439166,2026-08,348.28,267.0,1.0,0
1345239313751439166,2026-09,347.1,267.0,1.0,0
1345239313751439166,2026-10,349.15,267.0,1.0,0
1346522592171840626,2025-10,46.35,36.0,0.2,4
1346522592171840626,2025-11,37.62,36.0,0.0,30
1346522592171840626,2025-12,37.39,36.0,0.0,31
1346522592171840626,2026-01,32.08,36.0,0.0,31
1346522592171840626,2026-02,31.91,36.0,0.0,28
1346522592171840626,2026-03,31.78,36.0,0.0,31
1346522592171840626,2026-04,37.44,36.0,0.0,30
1346522592171840626,2026-05,37.74,36.0,0.0,31
1346522592171840626,2026-06,37.44,36.0,0.0,30
1346522592171840626,2026-07,37.57,36.0,0.0,31
1346522592171840626,2026-08,46.96,36.0,0.0,31
1346522592171840626,2026-09,46.8,36.0,0.0,30
1346522592171840626,2026-10,47.08,36.0,0.0,26
1346735445878689994,2025-10,200.85,156.0,0.0,5
1346735445878689994,2025-11,163.02,156.0,0.23,23
1346735445878689994,2025-12,162.04,156.0,0.0,31
1346735445878689994,2026-01,139.02,156.0,0.0,31
1346735445878689994,2026-02,138.28,156.0,0.0,28
1346735445878689994,2026-03,137.73,156.0,0.0,31
1346735445878689994,2026-04,162.24,156.0,0.0,30
1346735445878689994,2026-05,163.55,156.0,0.0,31
1346735445878689994,2026-06,162.24,156.0,0.0,30
1346735445878689994,2026-07,162.79,156.0,0.0,31
1346735445878689994,2026-08,203.49,156.0,0.0,31
1346735445878689994,2026-09,202.8,156.0,0.0,30
1346735445878689994,2026-10,204.0,156.0,0.0,26
1347236189348326241,2025-10,65.66,51.0,0.2,4
1347236189348326241,2025-11,53.29,51.0,0.0,30
1347236189348326241,2025-12,52.97,51.0,0.0,31
1347236189348326241,2026-01,45.45,51.0,0.0,31
1347236189348326241,2026-02,45.21,51.0,0.0,28
1347236189348326241,2026-03,45.03,51.0,0.0,31
1347236189348326241,2026-04,53.04,51.0,0.0,30
1347236189348326241,2026-05,53.47,51.0,0.0,31
1347236189348326241,2026-06,53.04,51.0,0.0,30
1347236189348326241,2026-07,53.22,51.0,0.0,31
1347236189348326241,2026-08,66.53,51.0,0.0,31
1347236189348326241,2026-09,66.3,51.0,0.0,30
1347236189348326241,2026-10,66.69,51.0,0.0,26
1347287034897088886,2025-10,43.77,34.0,0.0,5
1347287034897088886,2025-11,35.53,34.0,0.0,30
1347287034897088886,2025-12,35.32,34.0,0.0,31
1347287034897088886,2026-01,30.3,34.0,0.0,31
1347287034897088886,2026-02,30.14,34.0,0.0,28
1347287034897088886,2026-03,30.02,34.0,0.0,31
1347287034897088886,2026-04,35.36,34.0,0.0,30
1347287034897088886,2026-05,35.65,34.0,0.0,31
1347287034897088886,2026-06,35.36,34.0,0.0,30
1347287034897088886,2026-07,35.48,34.0,0.0,31
1347287034897088886,2026-08,44.35,34.0,0.0,31
1347287034897088886,2026-09,44.2,34.0,0.0,30
1347287034897088886,2026-10,44.46,34.0,0.0,26
1347293364082656645,2025-10,190.55,148.0,1.0,0
1347293364082656645,2025-11,154.66,148.0,1.0,0
1347293364082656645,2025-12,153.73,148.0,1.0,0
1347293364082656645,2026-01,131.89,148.0,1.0,0
1347293364082656645,2026-02,131.19,148.0,1.0,0
1347293364082656645,2026-03,130.67,148.0,1.0,0
1347293364082656645,2026-04,153.92,148.0,1.0,0
1347293364082656645,2026-05,155.16,148.0,1.0,0
1347293364082656645,2026-06,153.92,148.0,0.0,30
1347293364082656645,2026-07,154.45,148.0,0.0,31
1347293364082656645,2026-08,193.06,148.0,0.0,31
1347293364082656645,2026-09,192.4,148.0,0.0,30
1347293364082656645,2026-10,193.54,148.0,0.0,26
1347348894262164980,2025-10,46.35,36.0,0.2,4
1347348894262164980,2025-11,37.62,36.0,0.2,24
1347348894262164980,2025-12,37.39,36.0,0.0,31
1347348894262164980,2026-01,32.08,36.0,0.0,31
1347348894262164980,2026-02,31.91,36.0,0.0,28
1347348894262164980,2026-03,31.78,36.0,0.0,31
1347348894262164980,2026-04,37.44,36.0,0.0,30
1347348894262164980,2026-05,37.74,36.0,0.0,31
1347348894262164980,2026-06,37.44,36.0,0.0,30
1347348894262164980,2026-07,37.57,36.0,0.0,31
1347348894262164980,2026-08,46.96,36.0,0.0,31
1347348894262164980,2026-09,46.8,36.0,0.0,30
1347348894262164980,2026-10,47.08,36.0,0.0,26
1347354502902153727,2025-10,61.8,48.0,1.0,0
1347354502902153727,2025-11,50.16,48.0,0.1,27
1347354502902153727,2025-12,49.86,48.0,0.0,31
1347354502902153727,2026-01,42.77,48.0,0.0,31
1347354502902153727,2026-02,42.55,48.0,0.0,28
1347354502902153727,2026-03,42.38,48.0,0.03,30
1347354502902153727,2026-04,49.92,48.0,0.0,30
1347354502902153727,2026-05,50.32,48.0,0.0,31
1347354502902153727,2026-06,49.92,48.0,0.0,30
1347354502902153727,2026-07,50.09,48.0,0.0,31
1347354502902153727,2026-08,62.61,48.0,0.0,31
1347354502902153727,2026-09,62.4,48.0,0.0,30
1347354502902153727,2026-10,62.77,48.0,0.0,26
1350267697837221897,2025-10,46.35,36.0,0.2,4
1350267697837221897,2025-11,37.62,36.0,0.0,30
1350267697837221897,2025-12,37.39,36.0,0.0,31
1350267697837221897,2026-01,32.08,36.0,0.0,31
1350267697837221897,2026-02,31.91,36.0,0.0,28
1350267697837221897,2026-03,31.78,36.0,0.0,31
1350267697837221897,2026-04,37.44,36.0,0.0,30
1350267697837221897,2026-05,37.74,36.0,0.0,31
1350267697837221897,2026-06,37.44,36.0,0.0,30
1350267697837221897,2026-07,37.57,36.0,0.0,31
1350267697837221897,2026-08,46.96,36.0,0.0,31
1350267697837221897,2026-09,46.8,36.0,0.0,30
1350267697837221897,2026-10,47.08,36.0,0.0,26
1350283457772391886,2025-10,43.77,34.0,0.2,4
1350283457772391886,2025-11,35.53,34.0,0.0,30
1350283457772391886,2025-12,35.32,34.0,0.0,31
1350283457772391886,2026-01,30.3,34.0,0.0,31
1350283457772391886,2026-02,30.14,34.0,0.0,28
1350283457772391886,2026-03,30.02,34.0,0.0,31
1350283457772391886,2026-04,35.36,34.0,0.0,30
1350283457772391886,2026-05,35.65,34.0,0.0,31
1350283457772391886,2026-06,35.36,34.0,0.0,30
1350283457772391886,2026-07,35.48,34.0,0.0,31
1350283457772391886,2026-08,44.35,34.0,0.0,31
1350283457772391886,2026-09,44.2,34.0,0.0,30
1350283457772391886,2026-10,44.46,34.0,0.0,26
1350335127063413109,2025-10,43.77,34.0,0.2,4
1350335127063413109,2025-11,35.53,34.0,0.0,30
1350335127063413109,2025-12,35.32,34.0,0.0,31
1350335127063413109,2026-01,30.3,34.0,0.0,31
1350335127063413109,2026-02,30.14,34.0,0.0,28
1350335127063413109,2026-03,30.02,34.0,0.0,31
1350335127063413109,2026-04,35.36,34.0,0.0,30
1350335127063413109,2026-05,35.65,34.0,0.0,31
1350335127063413109,2026-06,35.36,34.0,0.0,30
1350335127063413109,2026-07,35.48,34.0,0.0,31
1350335127063413109,2026-08,44.35,34.0,0.0,31
1350335127063413109,2026-09,44.2,34.0,0.0,30
1350335127063413109,2026-10,44.46,34.0,0.0,26
1350789632978356048,2025-10,144.2,112.0,1.0,0
1350789632978356048,2025-11,117.04,112.0,0.07,28
1350789632978356048,2025-12,116.34,112.0,0.0,31
1350789632978356048,2026-01,99.81,112.0,0.23,24
1350789632978356048,2026-02,99.28,112.0,1.0,0
1350789632978356048,2026-03,98.89,112.0,1.0,0
1350789632978356048,2026-04,116.48,112.0,1.0,0
1350789632978356048,2026-05,117.42,112.0,1.0,0
1350789632978356048,2026-06,116.48,112.0,1.0,0
1350789632978356048,2026-07,116.88,112.0,1.0,0
1350789632978356048,2026-08,146.1,112.0,1.0,0
1350789632978356048,2026-09,145.6,112.0,1.0,0
1350789632978356048,2026-10,146.46,112.0,1.0,0
1350969442037080382,2025-10,242.05,188.0,1.0,0
1350969442037080382,2025-11,196.46,188.0,0.87,4
1350969442037080382,2025-12,195.28,188.0,0.84,5
1350969442037080382,2026-01,167.53,188.0,0.0,31
1350969442037080382,2026-02,166.65,188.0,0.0,28
1350969442037080382,2026-03,165.99,188.0,0.0,31
1350969442037080382,2026-04,195.52,188.0,0.0,30
1350969442037080382,2026-05,197.1,188.0,0.13,27
1350969442037080382,2026-06,195.52,188.0,0.0,30
1350969442037080382,2026-07,196.19,188.0,0.0,31
1350969442037080382,2026-08,245.23,188.0,0.06,29
1350969442037080382,2026-09,244.4,188.0,1.0,0
1350969442037080382,2026-10,245.85,188.0,1.0,0
1351019453982365609,2025-10,46.35,36.0,0.2,4
1351019453982365609,2025-11,37.62,36.0,0.2,24
1351019453982365609,2025-12,37.39,36.0,0.0,31
1351019453982365609,2026-01,32.08,36.0,0.0,31
1351019453982365609,2026-02,31.91,36.0,0.0,28
1351019453982365609,2026-03,31.78,36.0,0.0,31
1351019453982365609,2026-04,37.44,36.0,0.0,30
1351019453982365609,2026-05,37.74,36.0,0.0,31
1351019453982365609,2026-06,37.44,36.0,0.0,30
1351019453982365609,2026-07,37.57,36.0,0.0,31
1351019453982365609,2026-08,46.96,36.0,0.0,31
1351019453982365609,2026-09,46.8,36.0,0.0,30
1351019453982365609,2026-10,47.08,36.0,0.0,26
1352786961167656284,2025-10,278.1,216.0,0.0,5
1352786961167656284,2025-11,225.72,216.0,0.0,30
1352786961167656284,2025-12,224.36,216.0,0.26,23
1352786961167656284,2026-01,192.48,216.0,0.0,31
1352786961167656284,2026-02,191.47,216.0,0.0,28
1352786961167656284,2026-03,190.71,216.0,0.0,31
1352786961167656284,2026-04,224.64,216.0,0.0,30
1352786961167656284,2026-05,226.45,216.0,0.0,31
1352786961167656284,2026-06,224.64,216.0,0.0,30
1352786961167656284,2026-07,225.41,216.0,0.0,31
1352786961167656284,2026-08,281.76,216.0,0.0,31
1352786961167656284,2026-09,280.8,216.0,0.0,30
1352786961167656284,2026-10,282.46,216.0,0.0,26
1353702701210232934,2025-10,247.2,192.0,1.0,0
1353702701210232934,2025-11,200.64,192.0,0.43,17
1353702701210232934,2025-12,199.43,192.0,0.13,27
1353702701210232934,2026-01,171.1,192.0,0.0,31
1353702701210232934,2026-02,170.19,192.0,0.0,28
1353702701210232934,2026-03,169.52,192.0,0.0,31
1353702701210232934,2026-04,199.68,192.0,0.0,30
1353702701210232934,2026-05,201.29,192.0,0.0,31
1353702701210232934,2026-06,199.68,192.0,1.0,0
1353702701210232934,2026-07,200.36,192.0,1.0,0
1353702701210232934,2026-08,250.45,192.0,1.0,0
1353702701210232934,2026-09,249.6,192.0,1.0,0
1353702701210232934,2026-10,251.08,192.0,1.0,0
1353719926313353001,2025-10,81.11,63.0,0.4,3
1353719926313353001,2025-11,65.83,63.0,0.37,19
1353719926313353001,2025-12,65.44,63.0,0.16,26
1353719926313353001,2026-01,56.14,63.0,0.0,31
1353719926313353001,2026-02,55.84,63.0,0.0,28
1353719926313353001,2026-03,55.62,63.0,0.0,31
1353719926313353001,2026-04,65.52,63.0,0.0,30
1353719926313353001,2026-05,66.05,63.0,0.0,31
1353719926313353001,2026-06,65.52,63.0,0.0,30
1353719926313353001,2026-07,65.74,63.0,0.1,28
1353719926313353001,2026-08,82.18,63.0,0.0,31
1353719926313353001,2026-09,81.9,63.0,0.0,30
1353719926313353001,2026-10,82.38,63.0,0.0,26
1355862130430773146,2025-10,278.1,216.0,0.0,5
1355862130430773146,2025-11,225.72,216.0,0.0,30
1355862130430773146,2025-12,224.36,216.0,0.26,23
1355862130430773146,2026-01,192.48,216.0,0.0,31
1355862130430773146,2026-02,191.47,216.0,0.0,28
1355862130430773146,2026-03,190.71,216.0,0.0,31
1355862130430773146,2026-04,224.64,216.0,0.0,30
1355862130430773146,2026-05,226.45,216.0,0.0,31
1355862130430773146,2026-06,224.64,216.0,0.0,30
1355862130430773146,2026-07,225.41,216.0,0.0,31
1355862130430773146,2026-08,281.76,216.0,0.0,31
1355862130430773146,2026-09,280.8,216.0,0.0,30
1355862130430773146,2026-10,282.46,216.0,0.0,26
1358017690644935324,2025-10,,,1.0,0
1358017690644935324,2025-11,,,1.0,0
1358017690644935324,2025-12,,,1.0,0
1358017690644935324,2026-01,,,1.0,0
1358017690644935324,2026-02,,,1.0,0
1358017690644935324,2026-03,,,1.0,0
1358017690644935324,2026-04,,,1.0,0
1358017690644935324,2026-05,,,1.0,0
1358017690644935324,2026-06,,,1.0,0
1358017690644935324,2026-07,,,1.0,0
1358017690644935324,2026-08,,,1.0,0
1358017690644935324,2026-09,,,1.0,0
1358017690644935324,2026-10,,,1.0,0
1359513299075351416,2025-10,209.86,163.0,1.0,0
1359513299075351416,2025-11,170.34,163.0,0.67,10
1359513299075351416,2025-12,169.31,163.0,0.06,29
1359513299075351416,2026-01,145.25,163.0,0.0,31
1359513299075351416,2026-02,144.49,163.0,0.0,28
1359513299075351416,2026-03,143.91,163.0,0.0,31
1359513299075351416,2026-04,169.52,163.0,0.0,30
1359513299075351416,2026-05,170.89,163.0,0.13,27
1359513299075351416,2026-06,169.52,163.0,0.0,30
1359513299075351416,2026-07,170.1,163.0,0.0,31
1359513299075351416,2026-08,212.62,163.0,0.0,31
1359513299075351416,2026-09,211.9,163.0,0.0,30
1359513299075351416,2026-10,213.15,163.0,0.27,19
1359649883634343323,2025-10,140.34,109.0,1.0,0
1359649883634343323,2025-11,113.9,109.0,1.0,0
1359649883634343323,2025-12,113.22,109.0,1.0,0
1359649883634343323,2026-01,97.13,109.0,1.0,0
1359649883634343323,2026-02,96.62,109.0,1.0,0
1359649883634343323,2026-03,96.24,109.0,1.0,0
1359649883634343323,2026-04,113.36,109.0,1.0,0
1359649883634343323,2026-05,114.27,109.0,0.9,3
1359649883634343323,2026-06,113.36,109.0,0.0,30
1359649883634343323,2026-07,113.75,109.0,0.0,31
1359649883634343323,2026-08,142.18,109.0,0.0,31
1359649883634343323,2026-09,141.7,109.0,0.0,30
1359649883634343323,2026-10,142.54,109.0,0.0,26
1362615499770599211,2025-10,43.77,34.0,1.0,0
1362615499770599211,2025-11,35.53,34.0,1.0,0
1362615499770599211,2025-12,35.32,34.0,1.0,0
1362615499770599211,2026-01,30.3,34.0,0.0,31
1362615499770599211,2026-02,30.14,34.0,0.0,28
1362615499770599211,2026-03,30.02,34.0,0.0,31
1362615499770599211,2026-04,35.36,34.0,0.0,30
1362615499770599211,2026-05,35.65,34.0,0.0,31
1362615499770599211,2026-06,35.36,34.0,0.0,30
1362615499770599211,2026-07,35.48,34.0,0.0,31
1362615499770599211,2026-08,44.35,34.0,0.0,31
1362615499770599211,2026-09,44.2,34.0,0.0,30
1362615499770599211,2026-10,44.46,34.0,0.0,26
1363987964439969291,2025-10,354.06,275.0,0.0,5
1363987964439969291,2025-11,287.38,275.0,0.3,21
1363987964439969291,2025-12,285.65,275.0,0.87,4
1363987964439969291,2026-01,245.06,275.0,0.0,31
1363987964439969291,2026-02,243.77,275.0,0.0,28
1363987964439969291,2026-03,242.8,275.0,0.0,31
1363987964439969291,2026-04,286.0,275.0,0.2,24
1363987964439969291,2026-05,288.31,275.0,1.0,0
1363987964439969291,2026-06,286.0,275.0,1.0,0
1363987964439969291,2026-07,286.98,275.0,1.0,0
1363987964439969291,2026-08,358.72,275.0,1.0,0
1363987964439969291,2026-09,357.5,275.0,1.0,0
1363987964439969291,2026-10,359.61,275.0,1.0,0
1364177515974814910,2025-10,151.92,118.0,1.0,0
1364177515974814910,2025-11,123.31,118.0,1.0,0
1364177515974814910,2025-12,122.57,118.0,0.0,31
1364177515974814910,2026-01,105.15,118.0,0.0,31
1364177515974814910,2026-02,104.6,118.0,0.0,28
1364177515974814910,2026-03,104.18,118.0,0.0,31
1364177515974814910,2026-04,122.72,118.0,0.0,30
1364177515974814910,2026-05,123.71,118.0,0.0,31
1364177515974814910,2026-06,122.72,118.0,0.0,30
1364177515974814910,2026-07,123.14,118.0,0.0,31
1364177515974814910,2026-08,153.92,118.0,0.0,31
1364177515974814910,2026-09,153.4,118.0,0.0,30
1364177515974814910,2026-10,154.31,118.0,0.0,26
1364490933439751124,2025-10,56.65,44.0,0.8,1
1364490933439751124,2025-11,45.98,44.0,0.23,23
1364490933439751124,2025-12,45.7,44.0,0.0,31
1364490933439751124,2026-01,39.21,44.0,0.0,31
1364490933439751124,2026-02,39.0,44.0,0.07,26
1364490933439751124,2026-03,38.85,44.0,0.0,31
1364490933439751124,2026-04,45.76,44.0,0.0,30
1364490933439751124,2026-05,46.13,44.0,0.0,31
1364490933439751124,2026-06,45.76,44.0,0.0,30
1364490933439751124,2026-07,45.92,44.0,0.0,31
1364490933439751124,2026-08,57.4,44.0,0.0,31
1364490933439751124,2026-09,57.2,44.0,0.0,30
1364490933439751124,2026-10,57.54,44.0,0.0,26
1364506439992714843,2025-10,39.91,31.0,0.8,1
1364506439992714843,2025-11,32.4,31.0,0.97,1
1364506439992714843,2025-12,32.2,31.0,0.0,31
1364506439992714843,2026-01,27.62,31.0,0.0,31
1364506439992714843,2026-02,27.48,31.0,0.07,26
1364506439992714843,2026-03,27.37,31.0,0.0,31
1364506439992714843,2026-04,32.24,31.0,0.0,30
1364506439992714843,2026-05,32.5,31.0,0.0,31
1364506439992714843,2026-06,32.24,31.0,0.0,30
1364506439992714843,2026-07,32.35,31.0,0.0,31
1364506439992714843,2026-08,40.44,31.0,0.0,31
1364506439992714843,2026-09,40.3,31.0,0.0,30
1364506439992714843,2026-10,40.54,31.0,0.0,26
1364529482763680678,2025-10,41.2,32.0,1.0,0
1364529482763680678,2025-11,33.44,32.0,0.47,16
1364529482763680678,2025-12,33.24,32.0,0.0,31
1364529482763680678,2026-01,28.52,32.0,0.0,31
1364529482763680678,2026-02,28.37,32.0,0.07,26
1364529482763680678,2026-03,28.25,32.0,0.0,31
1364529482763680678,2026-04,33.28,32.0,0.0,30
1364529482763680678,2026-05,33.55,32.0,0.0,31
1364529482763680678,2026-06,33.28,32.0,0.0,30
1364529482763680678,2026-07,33.39,32.0,0.0,31
1364529482763680678,2026-08,41.74,32.0,0.0,31
1364529482763680678,2026-09,41.6,32.0,0.0,30
1364529482763680678,2026-10,41.85,32.0,0.0,26
1364533908835869460,2025-10,,,1.0,0
1364533908835869460,2025-11,,,0.2,24
1364533908835869460,2025-12,,,0.0,31
1364533908835869460,2026-01,,,0.0,31
1364533908835869460,2026-02,,,0.07,26
1364533908835869460,2026-03,,,0.0,31
1364533908835869460,2026-04,,,0.0,30
1364533908835869460,2026-05,,,0.0,31
1364533908835869460,2026-06,,,0.4,18
1364533908835869460,2026-07,,,0.0,31
1364533908835869460,2026-08,,,0.0,31
1364533908835869460,2026-09,,,0.0,30
1364533908835869460,2026-10,,,0.0,26
1364539192154902542,2025-10,41.2,32.0,1.0,0
1364539192154902542,2025-11,33.44,32.0,0.7,9
1364539192154902542,2025-12,33.24,32.0,0.0,31
1364539192154902542,2026-01,28.52,32.0,0.0,31
1364539192154902542,2026-02,28.37,32.0,0.07,26
1364539192154902542,2026-03,28.25,32.0,0.0,31
1364539192154902542,2026-04,33.28,32.0,0.0,30
1364539192154902542,2026-05,33.55,32.0,0.0,31
1364539192154902542,2026-06,33.28,32.0,0.0,30
1364539192154902542,2026-07,33.39,32.0,0.0,31
1364539192154902542,2026-08,41.74,32.0,0.0,31
1364539192154902542,2026-09,41.6,32.0,0.0,30
1364539192154902542,2026-10,41.85,32.0,0.0,26
1364550588477377988,2025-10,38.62,30.0,1.0,0
1364550588477377988,2025-11,31.35,30.0,0.2,24
1364550588477377988,2025-12,31.16,30.0,0.0,31
1364550588477377988,2026-01,26.73,30.0,0.0,31
1364550588477377988,2026-02,26.59,30.0,0.07,26
1364550588477377988,2026-03,26.49,30.0,0.0,31
1364550588477377988,2026-04,31.2,30.0,0.0,30
1364550588477377988,2026-05,31.45,30.0,0.0,31
1364550588477377988,2026-06,31.2,30.0,0.0,30
1364550588477377988,2026-07,31.31,30.0,0.0,31
1364550588477377988,2026-08,39.13,30.0,0.0,31
1364550588477377988,2026-09,39.0,30.0,0.0,30
1364550588477377988,2026-10,39.23,30.0,0.0,26
1364769671537263524,2025-10,104.29,81.0,0.2,4
1364769671537263524,2025-11,84.64,81.0,0.13,26
1364769671537263524,2025-12,84.14,81.0,0.0,31
1364769671537263524,2026-01,72.18,81.0,0.0,31
1364769671537263524,2026-02,71.8,81.0,0.0,28
1364769671537263524,2026-03,71.52,81.0,0.0,31
1364769671537263524,2026-04,84.24,81.0,0.0,30
1364769671537263524,2026-05,84.92,81.0,0.1,28
1364769671537263524,2026-06,84.24,81.0,0.1,27
1364769671537263524,2026-07,84.53,81.0,0.0,31
1364769671537263524,2026-08,105.66,81.0,0.0,31
1364769671537263524,2026-09,105.3,81.0,0.0,30
1364769671537263524,2026-10,105.92,81.0,0.0,26
1366890748262226704,2025-10,130.04,101.0,1.0,0
1366890748262226704,2025-11,105.54,101.0,1.0,0
1366890748262226704,2025-12,104.91,101.0,1.0,0
1366890748262226704,2026-01,90.0,101.0,0.0,31
1366890748262226704,2026-02,89.53,101.0,0.0,28
1366890748262226704,2026-03,89.17,101.0,0.0,31
1366890748262226704,2026-04,105.04,101.0,0.0,30
1366890748262226704,2026-05,105.89,101.0,0.0,31
1366890748262226704,2026-06,105.04,101.0,0.0,30
1366890748262226704,2026-07,105.4,101.0,0.0,31
1366890748262226704,2026-08,131.75,101.0,0.0,31
1366890748262226704,2026-09,131.3,101.0,0.0,30
1366890748262226704,2026-10,132.08,101.0,0.0,26
1369622685589752198,2025-10,38.62,30.0,1.0,0
1369622685589752198,2025-11,31.35,30.0,0.97,1
1369622685589752198,2025-12,31.16,30.0,0.0,31
1369622685589752198,2026-01,26.73,30.0,0.0,31
1369622685589752198,2026-02,26.59,30.0,0.0,28
1369622685589752198,2026-03,26.49,30.0,0.0,31
1369622685589752198,2026-04,31.2,30.0,0.0,30
1369622685589752198,2026-05,31.45,30.0,0.0,31
1369622685589752198,2026-06,31.2,30.0,0.0,30
1369622685589752198,2026-07,31.31,30.0,0.0,31
1369622685589752198,2026-08,39.13,30.0,0.0,31
1369622685589752198,2026-09,39.0,30.0,0.0,30
1369622685589752198,2026-10,39.23,30.0,0.0,26
1370356122121969673,2025-10,43.77,34.0,1.0,0
1370356122121969673,2025-11,35.53,34.0,0.23,23
1370356122121969673,2025-12,35.32,34.0,0.0,31
1370356122121969673,2026-01,30.3,34.0,0.0,31
1370356122121969673,2026-02,30.14,34.0,0.0,28
1370356122121969673,2026-03,30.02,34.0,0.0,31
1370356122121969673,2026-04,35.36,34.0,0.0,30
1370356122121969673,2026-05,35.65,34.0,0.0,31
1370356122121969673,2026-06,35.36,34.0,0.0,30
1370356122121969673,2026-07,35.48,34.0,0.0,31
1370356122121969673,2026-08,44.35,34.0,0.0,31
1370356122121969673,2026-09,44.2,34.0,0.0,30
1370356122121969673,2026-10,44.46,34.0,0.0,26
1370409536976416669,2025-10,61.8,48.0,1.0,0
1370409536976416669,2025-11,50.16,48.0,0.0,30
1370409536976416669,2025-12,49.86,48.0,0.0,31
1370409536976416669,2026-01,42.77,48.0,0.0,31
1370409536976416669,2026-02,42.55,48.0,0.0,28
1370409536976416669,2026-03,42.38,48.0,0.03,30
1370409536976416669,2026-04,49.92,48.0,0.0,30
1370409536976416669,2026-05,50.32,48.0,0.0,31
1370409536976416669,2026-06,49.92,48.0,0.0,30
1370409536976416669,2026-07,50.09,48.0,0.0,31
1370409536976416669,2026-08,62.61,48.0,0.0,31
1370409536976416669,2026-09,62.4,48.0,0.0,30
1370409536976416669,2026-10,62.77,48.0,0.0,26
1370422114666479169,2025-10,43.77,34.0,0.4,3
1370422114666479169,2025-11,35.53,34.0,0.07,28
1370422114666479169,2025-12,35.32,34.0,0.0,31
1370422114666479169,2026-01,30.3,34.0,0.0,31
1370422114666479169,2026-02,30.14,34.0,0.0,28
1370422114666479169,2026-03,30.02,34.0,0.0,31
1370422114666479169,2026-04,35.36,34.0,0.0,30
1370422114666479169,2026-05,35.65,34.0,0.0,31
1370422114666479169,2026-06,35.36,34.0,0.0,30
1370422114666479169,2026-07,35.48,34.0,0.0,31
1370422114666479169,2026-08,44.35,34.0,0.0,31
1370422114666479169,2026-09,44.2,34.0,0.0,30
1370422114666479169,2026-10,44.46,34.0,0.0,26
1370622025254396866,2025-10,115.87,90.0,1.0,0
1370622025254396866,2025-11,94.05,90.0,1.0,0
1370622025254396866,2025-12,93.48,90.0,1.0,0
1370622025254396866,2026-01,80.2,90.0,0.0,31
1370622025254396866,2026-02,79.78,90.0,0.0,28
1370622025254396866,2026-03,79.46,90.0,0.0,31
1370622025254396866,2026-04,93.6,90.0,0.0,30
1370622025254396866,2026-05,94.35,90.0,0.0,31
1370622025254396866,2026-06,93.6,90.0,0.0,30
1370622025254396866,2026-07,93.92,90.0,0.0,31
1370622025254396866,2026-08,117.4,90.0,0.0,31
1370622025254396866,2026-09,117.0,90.0,0.0,30
1370622025254396866,2026-10,117.69,90.0,0.0,26
1371024449753031809,2025-10,202.14,157.0,1.0,0
1371024449753031809,2025-11,164.06,157.0,0.2,24
1371024449753031809,2025-12,163.08,157.0,0.0,31
1371024449753031809,2026-01,139.91,157.0,0.0,31
1371024449753031809,2026-02,139.17,157.0,0.0,28
1371024449753031809,2026-03,138.62,157.0,0.03,30
1371024449753031809,2026-04,163.28,157.0,0.03,29
1371024449753031809,2026-05,164.6,157.0,0.06,29
1371024449753031809,2026-06,163.28,157.0,0.0,30
1371024449753031809,2026-07,163.84,157.0,0.35,20
1371024449753031809,2026-08,204.8,157.0,0.0,31
1371024449753031809,2026-09,204.1,157.0,0.0,30
1371024449753031809,2026-10,205.31,157.0,0.0,26
1372834708507516480,2025-10,95.28,74.0,0.8,1
1372834708507516480,2025-11,77.33,74.0,0.5,15
1372834708507516480,2025-12,76.86,74.0,0.87,4
1372834708507516480,2026-01,65.94,74.0,1.0,0
1372834708507516480,2026-02,65.59,74.0,1.0,0
1372834708507516480,2026-03,65.33,74.0,1.0,0
1372834708507516480,2026-04,76.96,74.0,0.0,30
1372834708507516480,2026-05,77.58,74.0,0.0,31
1372834708507516480,2026-06,76.96,74.0,0.0,30
1372834708507516480,2026-07,77.22,74.0,0.0,31
1372834708507516480,2026-08,96.53,74.0,0.0,31
1372834708507516480,2026-09,96.2,74.0,0.0,30
1372834708507516480,2026-10,96.77,74.0,0.0,26
1374542800057908316,2025-10,106.86,83.0,0.8,1
1374542800057908316,2025-11,86.74,83.0,0.43,17
1374542800057908316,2025-12,86.21,83.0,0.29,22
1374542800057908316,2026-01,73.96,83.0,0.0,31
1374542800057908316,2026-02,73.57,83.0,0.96,1
1374542800057908316,2026-03,73.28,83.0,0.0,31
1374542800057908316,2026-04,86.32,83.0,0.2,24
1374542800057908316,2026-05,87.02,83.0,1.0,0
1374542800057908316,2026-06,86.32,83.0,1.0,0
1374542800057908316,2026-07,86.61,83.0,1.0,0
1374542800057908316,2026-08,108.27,83.0,1.0,0
1374542800057908316,2026-09,107.9,83.0,1.0,0
1374542800057908316,2026-10,108.54,83.0,1.0,0
1377440125856735172,2025-10,238.19,185.0,0.0,5
1377440125856735172,2025-11,193.32,185.0,0.0,30
1377440125856735172,2025-12,192.16,185.0,0.0,31
1377440125856735172,2026-01,164.86,185.0,0.0,31
1377440125856735172,2026-02,163.99,185.0,0.0,28
1377440125856735172,2026-03,163.34,185.0,0.0,31
1377440125856735172,2026-04,192.4,185.0,0.0,30
1377440125856735172,2026-05,193.95,185.0,0.1,28
1377440125856735172,2026-06,192.4,185.0,0.0,30
1377440125856735172,2026-07,193.06,185.0,0.0,31
1377440125856735172,2026-08,241.32,185.0,0.0,31
1377440125856735172,2026-09,240.5,185.0,0.0,30
1377440125856735172,2026-10,241.92,185.0,0.0,26
1379284620006155402,2025-10,,,1.0,0
1379284620006155402,2025-11,,,1.0,0
1379284620006155402,2025-12,,,1.0,0
1379284620006155402,2026-01,,,1.0,0
1379284620006155402,2026-02,,,1.0,0
1379284620006155402,2026-03,,,1.0,0
1379284620006155402,2026-04,,,0.1,27
1379284620006155402,2026-05,,,0.0,31
1379284620006155402,2026-06,,,0.0,30
1379284620006155402,2026-07,,,0.26,23
1379284620006155402,2026-08,,,1.0,0
1379284620006155402,2026-09,,,1.0,0
1379284620006155402,2026-10,,,1.0,0
1381209284391312788,2025-10,132.61,103.0,1.0,0
1381209284391312788,2025-11,107.64,103.0,0.4,18
1381209284391312788,2025-12,106.99,103.0,0.0,31
1381209284391312788,2026-01,91.79,103.0,0.0,31
1381209284391312788,2026-02,91.3,103.0,0.0,28
1381209284391312788,2026-03,90.94,103.0,0.0,31
1381209284391312788,2026-04,107.12,103.0,0.2,24
1381209284391312788,2026-05,107.98,103.0,1.0,0
1381209284391312788,2026-06,107.12,103.0,1.0,0
1381209284391312788,2026-07,107.49,103.0,1.0,0
1381209284391312788,2026-08,134.36,103.0,1.0,0
1381209284391312788,2026-09,133.9,103.0,1.0,0
1381209284391312788,2026-10,134.69,103.0,1.0,0
1381209380260762933,2025-10,88.84,69.0,0.4,3
1381209380260762933,2025-11,72.1,69.0,0.0,30
1381209380260762933,2025-12,71.67,69.0,0.0,31
1381209380260762933,2026-01,61.49,69.0,0.0,31
1381209380260762933,2026-02,61.16,69.0,0.0,28
1381209380260762933,2026-03,60.92,69.0,0.0,31
1381209380260762933,2026-04,71.76,69.0,0.2,24
1381209380260762933,2026-05,72.34,69.0,1.0,0
1381209380260762933,2026-06,71.76,69.0,1.0,0
1381209380260762933,2026-07,72.0,69.0,1.0,0
1381209380260762933,2026-08,90.01,69.0,1.0,0
1381209380260762933,2026-09,89.7,69.0,1.0,0
1381209380260762933,2026-10,90.23,69.0,1.0,0
1381209466223359822,2025-10,90.12,70.0,0.8,1
1381209466223359822,2025-11,73.15,70.0,0.0,30
1381209466223359822,2025-12,72.71,70.0,0.0,31
1381209466223359822,2026-01,62.38,70.0,0.0,31
1381209466223359822,2026-02,62.05,70.0,0.0,28
1381209466223359822,2026-03,61.8,70.0,0.0,31
1381209466223359822,2026-04,72.8,70.0,0.2,24
1381209466223359822,2026-05,73.39,70.0,1.0,0
1381209466223359822,2026-06,72.8,70.0,1.0,0
1381209466223359822,2026-07,73.05,70.0,1.0,0
1381209466223359822,2026-08,91.31,70.0,1.0,0
1381209466223359822,2026-09,91.0,70.0,1.0,0
1381209466223359822,2026-10,91.54,70.0,1.0,0
1383413318275421209,2025-10,65.66,51.0,0.6,2
1383413318275421209,2025-11,53.29,51.0,0.17,25
1383413318275421209,2025-12,52.97,51.0,0.0,31
1383413318275421209,2026-01,45.45,51.0,0.0,31
1383413318275421209,2026-02,45.21,51.0,0.0,28
1383413318275421209,2026-03,45.03,51.0,0.0,31
1383413318275421209,2026-04,53.04,51.0,0.0,30
1383413318275421209,2026-05,53.47,51.0,0.0,31
1383413318275421209,2026-06,53.04,51.0,0.0,30
1383413318275421209,2026-07,53.22,51.0,0.0,31
1383413318275421209,2026-08,66.53,51.0,0.0,31
1383413318275421209,2026-09,66.3,51.0,0.0,30
1383413318275421209,2026-10,66.69,51.0,0.0,26
1383869369440600577,2025-10,173.81,135.0,0.8,1
1383869369440600577,2025-11,141.07,135.0,0.07,28
1383869369440600577,2025-12,140.23,135.0,0.0,31
1383869369440600577,2026-01,120.3,135.0,0.1,28
1383869369440600577,2026-02,119.67,135.0,0.0,28
1383869369440600577,2026-03,119.19,135.0,0.0,31
1383869369440600577,2026-04,140.4,135.0,0.2,24
1383869369440600577,2026-05,141.53,135.0,1.0,0
1383869369440600577,2026-06,140.4,135.0,1.0,0
1383869369440600577,2026-07,140.88,135.0,1.0,0
1383869369440600577,2026-08,176.1,135.0,1.0,0
1383869369440600577,2026-09,175.5,135.0,1.0,0
1383869369440600577,2026-10,176.54,135.0,1.0,0
1385633782320014693,2025-10,68.24,53.0,1.0,0
1385633782320014693,2025-11,55.38,53.0,0.97,1
1385633782320014693,2025-12,55.05,53.0,0.0,31
1385633782320014693,2026-01,47.23,53.0,0.0,31
1385633782320014693,2026-02,46.98,53.0,0.0,28
1385633782320014693,2026-03,46.79,53.0,0.0,31
1385633782320014693,2026-04,55.12,53.0,0.0,30
1385633782320014693,2026-05,55.56,53.0,0.0,31
1385633782320014693,2026-06,55.12,53.0,0.0,30
1385633782320014693,2026-07,55.31,53.0,0.0,31
1385633782320014693,2026-08,69.14,53.0,0.0,31
1385633782320014693,2026-09,68.9,53.0,0.0,30
1385633782320014693,2026-10,69.31,53.0,0.0,26
1386076272128025966,2025-10,46.35,36.0,1.0,0
1386076272128025966,2025-11,37.62,36.0,1.0,0
1386076272128025966,2025-12,37.39,36.0,0.0,31
1386076272128025966,2026-01,32.08,36.0,0.0,31
1386076272128025966,2026-02,31.91,36.0,0.0,28
1386076272128025966,2026-03,31.78,36.0,0.0,31
1386076272128025966,2026-04,37.44,36.0,0.0,30
1386076272128025966,2026-05,37.74,36.0,0.0,31
1386076272128025966,2026-06,37.44,36.0,0.0,30
1386076272128025966,2026-07,37.57,36.0,0.0,31
1386076272128025966,2026-08,46.96,36.0,0.0,31
1386076272128025966,2026-09,46.8,36.0,0.0,30
1386076272128025966,2026-10,47.08,36.0,0.0,26
1386299436748750838,2025-10,96.56,75.0,1.0,0
1386299436748750838,2025-11,78.38,75.0,0.67,10
1386299436748750838,2025-12,77.9,75.0,0.23,24
1386299436748750838,2026-01,66.83,75.0,0.0,31
1386299436748750838,2026-02,66.48,75.0,0.0,28
1386299436748750838,2026-03,66.22,75.0,0.0,31
1386299436748750838,2026-04,78.0,75.0,0.2,24
1386299436748750838,2026-05,78.63,75.0,1.0,0
1386299436748750838,2026-06,78.0,75.0,1.0,0
1386299436748750838,2026-07,78.27,75.0,1.0,0
1386299436748750838,2026-08,97.83,75.0,1.0,0
1386299436748750838,2026-09,97.5,75.0,1.0,0
1386299436748750838,2026-10,98.08,75.0,1.0,0
1394443050212559627,2025-10,261.36,203.0,1.0,0
1394443050212559627,2025-11,212.14,203.0,0.2,24
1394443050212559627,2025-12,210.86,203.0,0.0,31
1394443050212559627,2026-01,180.9,203.0,0.23,24
1394443050212559627,2026-02,179.94,203.0,1.0,0
1394443050212559627,2026-03,179.23,203.0,1.0,0
1394443050212559627,2026-04,211.12,203.0,1.0,0
1394443050212559627,2026-05,212.82,203.0,1.0,0
1394443050212559627,2026-06,211.12,203.0,1.0,0
1394443050212559627,2026-07,211.84,203.0,1.0,0
1394443050212559627,2026-08,264.8,203.0,1.0,0
1394443050212559627,2026-09,263.9,203.0,1.0,0
1394443050212559627,2026-10,265.46,203.0,1.0,0
1395081016472869422,2025-10,128.75,100.0,1.0,0
1395081016472869422,2025-11,104.5,100.0,0.83,5
1395081016472869422,2025-12,103.87,100.0,0.0,31
1395081016472869422,2026-01,89.11,100.0,0.0,31
1395081016472869422,2026-02,88.64,100.0,0.0,28
1395081016472869422,2026-03,88.29,100.0,0.0,31
1395081016472869422,2026-04,104.0,100.0,0.0,30
1395081016472869422,2026-05,104.84,100.0,0.0,31
1395081016472869422,2026-06,104.0,100.0,0.0,30
1395081016472869422,2026-07,104.35,100.0,0.26,23
1395081016472869422,2026-08,130.44,100.0,1.0,0
1395081016472869422,2026-09,130.0,100.0,1.0,0
1395081016472869422,2026-10,130.77,100.0,1.0,0
1398260870702624568,2025-10,128.75,100.0,0.0,5
1398260870702624568,2025-11,104.5,100.0,0.0,30
1398260870702624568,2025-12,103.87,100.0,0.0,31
1398260870702624568,2026-01,89.11,100.0,0.0,31
1398260870702624568,2026-02,88.64,100.0,0.0,28
1398260870702624568,2026-03,88.29,100.0,0.0,31
1398260870702624568,2026-04,104.0,100.0,0.0,30
1398260870702624568,2026-05,104.84,100.0,0.0,31
1398260870702624568,2026-06,104.0,100.0,0.0,30
1398260870702624568,2026-07,104.35,100.0,0.0,31
1398260870702624568,2026-08,130.44,100.0,0.0,31
1398260870702624568,2026-09,130.0,100.0,0.0,30
1398260870702624568,2026-10,130.77,100.0,0.0,26
1399350105408660909,2025-10,128.75,100.0,0.6,2
1399350105408660909,2025-11,104.5,100.0,0.23,23
1399350105408660909,2025-12,103.87,100.0,0.9,3
1399350105408660909,2026-01,89.11,100.0,0.0,31
1399350105408660909,2026-02,88.64,100.0,0.0,28
1399350105408660909,2026-03,88.29,100.0,0.0,31
1399350105408660909,2026-04,104.0,100.0,0.0,30
1399350105408660909,2026-05,104.84,100.0,0.16,26
1399350105408660909,2026-06,104.0,100.0,0.0,30
1399350105408660909,2026-07,104.35,100.0,0.0,31
1399350105408660909,2026-08,130.44,100.0,0.0,31
1399350105408660909,2026-09,130.0,100.0,0.0,30
1399350105408660909,2026-10,130.77,100.0,0.0,26
1399406669847756900,2025-10,162.22,126.0,1.0,0
1399406669847756900,2025-11,131.67,126.0,1.0,0
1399406669847756900,2025-12,130.88,126.0,0.9,3
1399406669847756900,2026-01,112.28,126.0,0.0,31
1399406669847756900,2026-02,111.69,126.0,0.0,28
1399406669847756900,2026-03,111.24,126.0,0.0,31
1399406669847756900,2026-04,131.04,126.0,0.0,30
1399406669847756900,2026-05,132.1,126.0,0.0,31
1399406669847756900,2026-06,131.04,126.0,0.0,30
1399406669847756900,2026-07,131.49,126.0,0.0,31
1399406669847756900,2026-08,164.36,126.0,0.0,31
1399406669847756900,2026-09,163.8,126.0,0.0,30
1399406669847756900,2026-10,164.77,126.0,0.0,26
1399559713325689017,2025-10,61.8,48.0,0.0,5
1399559713325689017,2025-11,50.16,48.0,0.0,30
1399559713325689017,2025-12,49.86,48.0,0.0,31
1399559713325689017,2026-01,42.77,48.0,0.0,31
1399559713325689017,2026-02,42.55,48.0,0.0,28
1399559713325689017,2026-03,42.38,48.0,0.0,31
1399559713325689017,2026-04,49.92,48.0,0.0,30
1399559713325689017,2026-05,50.32,48.0,0.0,31
1399559713325689017,2026-06,49.92,48.0,0.0,30
1399559713325689017,2026-07,50.09,48.0,0.0,31
1399559713325689017,2026-08,62.61,48.0,0.0,31
1399559713325689017,2026-09,62.4,48.0,0.0,30
1399559713325689017,2026-10,62.77,48.0,0.0,26
1401084961277434353,2025-10,289.69,225.0,0.0,5
1401084961277434353,2025-11,235.12,225.0,0.1,27
1401084961277434353,2025-12,233.71,225.0,0.0,31
1401084961277434353,2026-01,200.5,225.0,0.0,31
1401084961277434353,2026-02,199.45,225.0,0.0,28
1401084961277434353,2026-03,198.65,225.0,0.0,31
1401084961277434353,2026-04,234.0,225.0,0.0,30
1401084961277434353,2026-05,235.89,225.0,0.06,29
1401084961277434353,2026-06,234.0,225.0,0.0,30
1401084961277434353,2026-07,234.8,225.0,0.0,31
1401084961277434353,2026-08,293.5,225.0,0.0,31
1401084961277434353,2026-09,292.5,225.0,0.0,30
1401084961277434353,2026-10,294.23,225.0,0.0,26
1401663909805406842,2025-10,140.34,109.0,0.6,2
1401663909805406842,2025-11,113.9,109.0,0.83,5
1401663909805406842,2025-12,113.22,109.0,0.0,31
1401663909805406842,2026-01,97.13,109.0,0.9,3
1401663909805406842,2026-02,96.62,109.0,0.0,28
1401663909805406842,2026-03,96.24,109.0,0.0,31
1401663909805406842,2026-04,113.36,109.0,0.0,30
1401663909805406842,2026-05,114.27,109.0,0.0,31
1401663909805406842,2026-06,113.36,109.0,0.0,30
1401663909805406842,2026-07,113.75,109.0,0.0,31
1401663909805406842,2026-08,142.18,109.0,0.0,31
1401663909805406842,2026-09,141.7,109.0,0.0,30
1401663909805406842,2026-10,142.54,109.0,0.0,26
1402367698983041610,2025-10,115.87,90.0,0.0,5
1402367698983041610,2025-11,94.05,90.0,0.0,30
1402367698983041610,2025-12,93.48,90.0,0.0,31
1402367698983041610,2026-01,80.2,90.0,0.23,24
1402367698983041610,2026-02,79.78,90.0,1.0,0
1402367698983041610,2026-03,79.46,90.0,1.0,0
1402367698983041610,2026-04,93.6,90.0,1.0,0
1402367698983041610,2026-05,94.35,90.0,1.0,0
1402367698983041610,2026-06,93.6,90.0,1.0,0
1402367698983041610,2026-07,93.92,90.0,1.0,0
1402367698983041610,2026-08,117.4,90.0,1.0,0
1402367698983041610,2026-09,117.0,90.0,1.0,0
1402367698983041610,2026-10,117.69,90.0,1.0,0
1405001876822340211,2025-10,753.19,585.0,1.0,0
1405001876822340211,2025-11,611.33,585.0,1.0,0
1405001876822340211,2025-12,607.65,585.0,1.0,0
1405001876822340211,2026-01,521.31,585.0,0.1,28
1405001876822340211,2026-02,518.56,585.0,0.0,28
1405001876822340211,2026-03,516.5,585.0,0.1,28
1405001876822340211,2026-04,608.4,585.0,0.0,30
1405001876822340211,2026-05,613.31,585.0,0.0,31
1405001876822340211,2026-06,608.4,585.0,0.0,30
1405001876822340211,2026-07,610.48,585.0,0.0,31
1405001876822340211,2026-08,763.1,585.0,0.0,31
1405001876822340211,2026-09,760.5,585.0,0.0,30
1405001876822340211,2026-10,765.0,585.0,0.0,26
1405046833405244544,2025-10,168.66,131.0,0.4,3
1405046833405244544,2025-11,136.9,131.0,0.03,29
1405046833405244544,2025-12,136.07,131.0,0.0,31
1405046833405244544,2026-01,116.74,131.0,0.0,31
1405046833405244544,2026-02,116.12,131.0,0.0,28
1405046833405244544,2026-03,115.66,131.0,0.0,31
1405046833405244544,2026-04,136.24,131.0,0.0,30
1405046833405244544,2026-05,137.34,131.0,0.0,31
1405046833405244544,2026-06,136.24,131.0,0.0,30
1405046833405244544,2026-07,136.7,131.0,0.0,31
1405046833405244544,2026-08,170.88,131.0,0.0,31
1405046833405244544,2026-09,170.3,131.0,0.0,30
1405046833405244544,2026-10,171.31,131.0,0.0,26
1409017740855710230,2025-10,81.11,63.0,0.0,5
1409017740855710230,2025-11,65.83,63.0,0.0,30
1409017740855710230,2025-12,65.44,63.0,0.0,31
1409017740855710230,2026-01,56.14,63.0,0.0,31
1409017740855710230,2026-02,55.84,63.0,0.0,28
1409017740855710230,2026-03,55.62,63.0,0.0,31
1409017740855710230,2026-04,65.52,63.0,0.0,30
1409017740855710230,2026-05,66.05,63.0,0.0,31
1409017740855710230,2026-06,65.52,63.0,0.0,30
1409017740855710230,2026-07,65.74,63.0,0.26,23
1409017740855710230,2026-08,82.18,63.0,1.0,0
1409017740855710230,2026-09,81.9,63.0,1.0,0
1409017740855710230,2026-10,82.38,63.0,1.0,0
1409107014141524661,2025-10,81.11,63.0,0.0,5
1409107014141524661,2025-11,65.83,63.0,0.0,30
1409107014141524661,2025-12,65.44,63.0,0.0,31
1409107014141524661,2026-01,56.14,63.0,0.0,31
1409107014141524661,2026-02,55.84,63.0,0.0,28
1409107014141524661,2026-03,55.62,63.0,0.0,31
1409107014141524661,2026-04,65.52,63.0,0.0,30
1409107014141524661,2026-05,66.05,63.0,0.0,31
1409107014141524661,2026-06,65.52,63.0,0.0,30
1409107014141524661,2026-07,65.74,63.0,0.0,31
1409107014141524661,2026-08,82.18,63.0,0.0,31
1409107014141524661,2026-09,81.9,63.0,0.0,30
1409107014141524661,2026-10,82.38,63.0,0.0,26
1409530530062960221,2025-10,266.51,207.0,0.4,3
1409530530062960221,2025-11,216.32,207.0,0.1,27
1409530530062960221,2025-12,215.01,207.0,0.42,18
1409530530062960221,2026-01,184.46,207.0,0.06,29
1409530530062960221,2026-02,183.49,207.0,0.0,28
1409530530062960221,2026-03,182.76,207.0,0.0,31
1409530530062960221,2026-04,215.28,207.0,0.0,30
1409530530062960221,2026-05,217.02,207.0,0.29,22
1409530530062960221,2026-06,215.28,207.0,0.37,19
1409530530062960221,2026-07,216.01,207.0,0.0,31
1409530530062960221,2026-08,270.02,207.0,0.0,31
1409530530062960221,2026-09,269.1,207.0,0.13,26
1409530530062960221,2026-10,270.69,207.0,0.0,26
1411845305660881189,2025-10,83.69,65.0,1.0,0
1411845305660881189,2025-11,67.92,65.0,1.0,0
1411845305660881189,2025-12,67.52,65.0,1.0,0
1411845305660881189,2026-01,57.92,65.0,1.0,0
1411845305660881189,2026-02,57.62,65.0,1.0,0
1411845305660881189,2026-03,57.39,65.0,1.0,0
1411845305660881189,2026-04,67.6,65.0,0.03,29
1411845305660881189,2026-05,68.15,65.0,0.0,31
1411845305660881189,2026-06,67.6,65.0,0.0,30
1411845305660881189,2026-07,67.83,65.0,0.0,31
1411845305660881189,2026-08,84.79,65.0,0.0,31
1411845305660881189,2026-09,84.5,65.0,0.0,30
1411845305660881189,2026-10,85.0,65.0,0.0,26
1411887860396257482,2025-10,51.5,40.0,1.0,0
1411887860396257482,2025-11,41.8,40.0,1.0,0
1411887860396257482,2025-12,41.55,40.0,1.0,0
1411887860396257482,2026-01,35.65,40.0,0.97,1
1411887860396257482,2026-02,35.46,40.0,0.0,28
1411887860396257482,2026-03,35.32,40.0,0.0,31
1411887860396257482,2026-04,41.6,40.0,0.0,30
1411887860396257482,2026-05,41.94,40.0,0.0,31
1411887860396257482,2026-06,41.6,40.0,0.0,30
1411887860396257482,2026-07,41.74,40.0,0.0,31
1411887860396257482,2026-08,52.18,40.0,0.0,31
1411887860396257482,2026-09,52.0,40.0,0.0,30
1411887860396257482,2026-10,52.31,40.0,0.0,26
1416018309105968955,2025-10,41.2,32.0,1.0,0
1416018309105968955,2025-11,33.44,32.0,1.0,0
1416018309105968955,2025-12,33.24,32.0,0.61,12
1416018309105968955,2026-01,28.52,32.0,0.0,31
1416018309105968955,2026-02,28.37,32.0,0.0,28
1416018309105968955,2026-03,28.25,32.0,0.0,31
1416018309105968955,2026-04,33.28,32.0,0.2,24
1416018309105968955,2026-05,33.55,32.0,1.0,0
1416018309105968955,2026-06,33.28,32.0,1.0,0
1416018309105968955,2026-07,33.39,32.0,1.0,0
1416018309105968955,2026-08,41.74,32.0,1.0,0
1416018309105968955,2026-09,41.6,32.0,1.0,0
1416018309105968955,2026-10,41.85,32.0,1.0,0
1416183160539546520,2025-10,133.9,104.0,1.0,0
1416183160539546520,2025-11,108.68,104.0,0.43,17
1416183160539546520,2025-12,108.03,104.0,0.03,30
1416183160539546520,2026-01,92.68,104.0,0.23,24
1416183160539546520,2026-02,92.19,104.0,1.0,0
1416183160539546520,2026-03,91.82,104.0,1.0,0
1416183160539546520,2026-04,108.16,104.0,1.0,0
1416183160539546520,2026-05,109.03,104.0,1.0,0
1416183160539546520,2026-06,108.16,104.0,1.0,0
1416183160539546520,2026-07,108.53,104.0,1.0,0
1416183160539546520,2026-08,135.66,104.0,1.0,0
1416183160539546520,2026-09,135.2,104.0,1.0,0
1416183160539546520,2026-10,136.0,104.0,1.0,0
1417308716026554811,2025-10,41.2,32.0,1.0,0
1417308716026554811,2025-11,33.44,32.0,1.0,0
1417308716026554811,2025-12,33.24,32.0,0.48,16
1417308716026554811,2026-01,28.52,32.0,0.0,31
1417308716026554811,2026-02,28.37,32.0,0.0,28
1417308716026554811,2026-03,28.25,32.0,0.0,31
1417308716026554811,2026-04,33.28,32.0,0.2,24
1417308716026554811,2026-05,33.55,32.0,1.0,0
1417308716026554811,2026-06,33.28,32.0,1.0,0
1417308716026554811,2026-07,33.39,32.0,1.0,0
1417308716026554811,2026-08,41.74,32.0,1.0,0
1417308716026554811,2026-09,41.6,32.0,1.0,0
1417308716026554811,2026-10,41.85,32.0,1.0,0
1418038518810498689,2025-10,36.05,28.0,1.0,0
1418038518810498689,2025-11,29.26,28.0,1.0,0
1418038518810498689,2025-12,29.08,28.0,1.0,0
1418038518810498689,2026-01,24.95,28.0,0.97,1
1418038518810498689,2026-02,24.82,28.0,0.0,28
1418038518810498689,2026-03,24.72,28.0,0.0,31
1418038518810498689,2026-04,29.12,28.0,0.0,30
1418038518810498689,2026-05,29.35,28.0,0.0,31
1418038518810498689,2026-06,29.12,28.0,0.0,30
1418038518810498689,2026-07,29.22,28.0,0.26,23
1418038518810498689,2026-08,36.52,28.0,1.0,0
1418038518810498689,2026-09,36.4,28.0,1.0,0
1418038518810498689,2026-10,36.62,28.0,1.0,0
1419093567870054377,2025-10,123.6,96.0,1.0,0
1419093567870054377,2025-11,100.32,96.0,0.03,29
1419093567870054377,2025-12,99.72,96.0,0.0,31
1419093567870054377,2026-01,85.55,96.0,0.0,31
1419093567870054377,2026-02,85.1,96.0,0.0,28
1419093567870054377,2026-03,84.76,96.0,0.0,31
1419093567870054377,2026-04,99.84,96.0,0.0,30
1419093567870054377,2026-05,100.65,96.0,0.0,31
1419093567870054377,2026-06,99.84,96.0,0.0,30
1419093567870054377,2026-07,100.18,96.0,0.0,31
1419093567870054377,2026-08,125.23,96.0,0.0,31
1419093567870054377,2026-09,124.8,96.0,0.0,30
1419093567870054377,2026-10,125.54,96.0,0.0,26
1419472073265141182,2025-10,46.35,36.0,1.0,0
1419472073265141182,2025-11,37.62,36.0,1.0,0
1419472073265141182,2025-12,37.39,36.0,1.0,0
1419472073265141182,2026-01,32.08,36.0,0.45,17
1419472073265141182,2026-02,31.91,36.0,0.0,28
1419472073265141182,2026-03,31.78,36.0,0.0,31
1419472073265141182,2026-04,37.44,36.0,0.2,24
1419472073265141182,2026-05,37.74,36.0,1.0,0
1419472073265141182,2026-06,37.44,36.0,1.0,0
1419472073265141182,2026-07,37.57,36.0,1.0,0
1419472073265141182,2026-08,46.96,36.0,1.0,0
1419472073265141182,2026-09,46.8,36.0,1.0,0
1419472073265141182,2026-10,47.08,36.0,1.0,0
1419479039493525531,2025-10,46.35,36.0,0.2,4
1419479039493525531,2025-11,37.62,36.0,0.8,6
1419479039493525531,2025-12,37.39,36.0,1.0,0
1419479039493525531,2026-01,32.08,36.0,1.0,0
1419479039493525531,2026-02,31.91,36.0,0.5,14
1419479039493525531,2026-03,31.78,36.0,0.0,31
1419479039493525531,2026-04,37.44,36.0,1.0,0
1419479039493525531,2026-05,37.74,36.0,1.0,0
1419479039493525531,2026-06,37.44,36.0,1.0,0
1419479039493525531,2026-07,37.57,36.0,1.0,0
1419479039493525531,2026-08,46.96,36.0,1.0,0
1419479039493525531,2026-09,46.8,36.0,1.0,0
1419479039493525531,2026-10,47.08,36.0,1.0,0
1420481999082390643,2025-10,202.14,157.0,1.0,0
1420481999082390643,2025-11,164.06,157.0,0.43,17
1420481999082390643,2025-12,163.08,157.0,0.0,31
1420481999082390643,2026-01,139.91,157.0,0.0,31
1420481999082390643,2026-02,139.17,157.0,0.0,28
1420481999082390643,2026-03,138.62,157.0,0.0,31
1420481999082390643,2026-04,163.28,157.0,0.0,30
1420481999082390643,2026-05,164.6,157.0,0.0,31
1420481999082390643,2026-06,163.28,157.0,0.0,30
1420481999082390643,2026-07,163.84,157.0,0.0,31
1420481999082390643,2026-08,204.8,157.0,0.0,31
1420481999082390643,2026-09,204.1,157.0,0.0,30
1420481999082390643,2026-10,205.31,157.0,0.0,26
1421981478761410494,2025-10,157.07,122.0,0.6,2
1421981478761410494,2025-11,127.49,122.0,0.0,30
1421981478761410494,2025-12,126.72,122.0,0.0,31
1421981478761410494,2026-01,108.72,122.0,0.0,31
1421981478761410494,2026-02,108.14,122.0,0.0,28
1421981478761410494,2026-03,107.71,122.0,0.0,31
1421981478761410494,2026-04,126.88,122.0,0.0,30
1421981478761410494,2026-05,127.9,122.0,0.0,31
1421981478761410494,2026-06,126.88,122.0,0.0,30
1421981478761410494,2026-07,127.31,122.0,0.0,31
1421981478761410494,2026-08,159.14,122.0,0.0,31
1421981478761410494,2026-09,158.6,122.0,0.0,30
1421981478761410494,2026-10,159.54,122.0,0.0,26
1422126927469746616,2025-10,135.19,105.0,0.0,5
1422126927469746616,2025-11,109.72,105.0,0.0,30
1422126927469746616,2025-12,109.06,105.0,0.0,31
1422126927469746616,2026-01,93.57,105.0,0.0,31
1422126927469746616,2026-02,93.08,105.0,0.0,28
1422126927469746616,2026-03,92.71,105.0,0.0,31
1422126927469746616,2026-04,109.2,105.0,0.2,24
1422126927469746616,2026-05,110.08,105.0,1.0,0
1422126927469746616,2026-06,109.2,105.0,1.0,0
1422126927469746616,2026-07,109.57,105.0,1.0,0
1422126927469746616,2026-08,136.97,105.0,1.0,0
1422126927469746616,2026-09,136.5,105.0,1.0,0
1422126927469746616,2026-10,137.31,105.0,1.0,0
1423147576969215626,2025-10,181.54,141.0,0.6,2
1423147576969215626,2025-11,147.34,141.0,0.53,14
1423147576969215626,2025-12,146.46,141.0,0.0,31
1423147576969215626,2026-01,125.65,141.0,0.0,31
1423147576969215626,2026-02,124.99,141.0,0.0,28
1423147576969215626,2026-03,124.49,141.0,0.0,31
1423147576969215626,2026-04,146.64,141.0,0.0,30
1423147576969215626,2026-05,147.82,141.0,0.0,31
1423147576969215626,2026-06,146.64,141.0,0.0,30
1423147576969215626,2026-07,147.14,141.0,0.0,31
1423147576969215626,2026-08,183.93,141.0,0.0,31
1423147576969215626,2026-09,183.3,141.0,0.0,30
1423147576969215626,2026-10,184.39,141.0,0.0,26
1424597405566028018,2025-10,41.2,32.0,1.0,0
1424597405566028018,2025-11,33.44,32.0,0.83,5
1424597405566028018,2025-12,33.24,32.0,0.0,31
1424597405566028018,2026-01,28.52,32.0,0.0,31
1424597405566028018,2026-02,28.37,32.0,0.0,28
1424597405566028018,2026-03,28.25,32.0,0.0,31
1424597405566028018,2026-04,33.28,32.0,0.2,24
1424597405566028018,2026-05,33.55,32.0,1.0,0
1424597405566028018,2026-06,33.28,32.0,1.0,0
1424597405566028018,2026-07,33.39,32.0,1.0,0
1424597405566028018,2026-08,41.74,32.0,1.0,0
1424597405566028018,2026-09,41.6,32.0,1.0,0
1424597405566028018,2026-10,41.85,32.0,1.0,0
1424630812273374811,2025-10,46.35,36.0,1.0,0
1424630812273374811,2025-11,37.62,36.0,0.87,4
1424630812273374811,2025-12,37.39,36.0,0.0,31
1424630812273374811,2026-01,32.08,36.0,0.0,31
1424630812273374811,2026-02,31.91,36.0,0.0,28
1424630812273374811,2026-03,31.78,36.0,0.0,31
1424630812273374811,2026-04,37.44,36.0,0.2,24
1424630812273374811,2026-05,37.74,36.0,1.0,0
1424630812273374811,2026-06,37.44,36.0,1.0,0
1424630812273374811,2026-07,37.57,36.0,1.0,0
1424630812273374811,2026-08,46.96,36.0,1.0,0
1424630812273374811,2026-09,46.8,36.0,1.0,0
1424630812273374811,2026-10,47.08,36.0,1.0,0
1426043236931161244,2025-10,73.39,57.0,0.6,2
1426043236931161244,2025-11,59.57,57.0,0.63,11
1426043236931161244,2025-12,59.21,57.0,0.19,25
1426043236931161244,2026-01,50.8,57.0,0.0,31
1426043236931161244,2026-02,50.53,57.0,0.0,28
1426043236931161244,2026-03,50.33,57.0,0.0,31
1426043236931161244,2026-04,59.28,57.0,0.0,30
1426043236931161244,2026-05,59.76,57.0,0.0,31
1426043236931161244,2026-06,59.28,57.0,0.03,29
1426043236931161244,2026-07,59.48,57.0,0.0,31
1426043236931161244,2026-08,74.35,57.0,0.0,31
1426043236931161244,2026-09,74.1,57.0,0.0,30
1426043236931161244,2026-10,74.54,57.0,0.0,26
1427855052135903431,2025-10,36.05,28.0,0.8,1
1427855052135903431,2025-11,29.26,28.0,0.13,26
1427855052135903431,2025-12,29.08,28.0,0.0,31
1427855052135903431,2026-01,24.95,28.0,0.0,31
1427855052135903431,2026-02,24.82,28.0,0.0,28
1427855052135903431,2026-03,24.72,28.0,0.0,31
1427855052135903431,2026-04,29.12,28.0,0.0,30
1427855052135903431,2026-05,29.35,28.0,0.0,31
1427855052135903431,2026-06,29.12,28.0,0.0,30
1427855052135903431,2026-07,29.22,28.0,0.0,31
1427855052135903431,2026-08,36.52,28.0,0.0,31
1427855052135903431,2026-09,36.4,28.0,0.0,30
1427855052135903431,2026-10,36.62,28.0,0.0,26
1428017856864006057,2025-10,126.18,98.0,0.0,5
1428017856864006057,2025-11,102.41,98.0,0.0,30
1428017856864006057,2025-12,101.79,98.0,0.0,31
1428017856864006057,2026-01,87.33,98.0,0.0,31
1428017856864006057,2026-02,86.87,98.0,0.0,28
1428017856864006057,2026-03,86.52,98.0,0.0,31
1428017856864006057,2026-04,101.92,98.0,0.2,24
1428017856864006057,2026-05,102.74,98.0,1.0,0
1428017856864006057,2026-06,101.92,98.0,1.0,0
1428017856864006057,2026-07,102.27,98.0,1.0,0
1428017856864006057,2026-08,127.84,98.0,1.0,0
1428017856864006057,2026-09,127.4,98.0,1.0,0
1428017856864006057,2026-10,128.16,98.0,1.0,0
1428226325056569486,2025-10,46.35,36.0,0.4,3
1428226325056569486,2025-11,37.62,36.0,0.0,30
1428226325056569486,2025-12,37.39,36.0,0.0,31
1428226325056569486,2026-01,32.08,36.0,0.0,31
1428226325056569486,2026-02,31.91,36.0,0.0,28
1428226325056569486,2026-03,31.78,36.0,0.0,31
1428226325056569486,2026-04,37.44,36.0,0.0,30
1428226325056569486,2026-05,37.74,36.0,0.0,31
1428226325056569486,2026-06,37.44,36.0,0.0,30
1428226325056569486,2026-07,37.57,36.0,0.0,31
1428226325056569486,2026-08,46.96,36.0,0.0,31
1428226325056569486,2026-09,46.8,36.0,0.0,30
1428226325056569486,2026-10,47.08,36.0,0.0,26
1431078978560093778,2025-10,46.35,36.0,1.0,0
1431078978560093778,2025-11,37.62,36.0,0.73,8
1431078978560093778,2025-12,37.39,36.0,0.0,31
1431078978560093778,2026-01,32.08,36.0,0.0,31
1431078978560093778,2026-02,31.91,36.0,0.0,28
1431078978560093778,2026-03,31.78,36.0,0.0,31
1431078978560093778,2026-04,37.44,36.0,0.0,30
1431078978560093778,2026-05,37.74,36.0,0.0,31
1431078978560093778,2026-06,37.44,36.0,0.0,30
1431078978560093778,2026-07,37.57,36.0,0.0,31
1431078978560093778,2026-08,46.96,36.0,0.0,31
1431078978560093778,2026-09,46.8,36.0,0.0,30
1431078978560093778,2026-10,47.08,36.0,0.0,26
1431973034166569735,2025-10,119.74,93.0,1.0,0
1431973034166569735,2025-11,97.18,93.0,0.47,16
1431973034166569735,2025-12,96.6,93.0,0.0,31
1431973034166569735,2026-01,82.88,93.0,0.0,31
1431973034166569735,2026-02,82.44,93.0,0.0,28
1431973034166569735,2026-03,82.11,93.0,0.0,31
1431973034166569735,2026-04,96.72,93.0,0.2,24
1431973034166569735,2026-05,97.5,93.0,1.0,0
1431973034166569735,2026-06,96.72,93.0,1.0,0
1431973034166569735,2026-07,97.05,93.0,1.0,0
1431973034166569735,2026-08,121.31,93.0,1.0,0
1431973034166569735,2026-09,120.9,93.0,1.0,0
1431973034166569735,2026-10,121.62,93.0,1.0,0
1432525114906863816,2025-10,46.35,36.0,1.0,0
1432525114906863816,2025-11,37.62,36.0,1.0,0
1432525114906863816,2025-12,37.39,36.0,0.03,30
1432525114906863816,2026-01,32.08,36.0,0.0,31
1432525114906863816,2026-02,31.91,36.0,0.0,28
1432525114906863816,2026-03,31.78,36.0,0.0,31
1432525114906863816,2026-04,37.44,36.0,0.2,24
1432525114906863816,2026-05,37.74,36.0,1.0,0
1432525114906863816,2026-06,37.44,36.0,1.0,0
1432525114906863816,2026-07,37.57,36.0,1.0,0
1432525114906863816,2026-08,46.96,36.0,1.0,0
1432525114906863816,2026-09,46.8,36.0,1.0,0
1432525114906863816,2026-10,47.08,36.0,1.0,0
1435750662884366033,2025-10,208.57,162.0,1.0,0
1435750662884366033,2025-11,169.29,162.0,0.07,28
1435750662884366033,2025-12,168.27,162.0,0.0,31
1435750662884366033,2026-01,144.36,162.0,0.0,31
1435750662884366033,2026-02,143.6,162.0,0.0,28
1435750662884366033,2026-03,143.03,162.0,0.0,31
1435750662884366033,2026-04,168.48,162.0,0.0,30
1435750662884366033,2026-05,169.84,162.0,0.0,31
1435750662884366033,2026-06,168.48,162.0,0.0,30
1435750662884366033,2026-07,169.05,162.0,0.0,31
1435750662884366033,2026-08,211.32,162.0,0.0,31
1435750662884366033,2026-09,210.6,162.0,0.0,30
1435750662884366033,2026-10,211.84,162.0,0.0,26
1436150446122135043,2025-10,36.05,28.0,1.0,0
1436150446122135043,2025-11,29.26,28.0,0.77,7
1436150446122135043,2025-12,29.08,28.0,0.0,31
1436150446122135043,2026-01,24.95,28.0,0.0,31
1436150446122135043,2026-02,24.82,28.0,0.0,28
1436150446122135043,2026-03,24.72,28.0,0.0,31
1436150446122135043,2026-04,29.12,28.0,0.2,24
1436150446122135043,2026-05,29.35,28.0,1.0,0
1436150446122135043,2026-06,29.12,28.0,1.0,0
1436150446122135043,2026-07,29.22,28.0,1.0,0
1436150446122135043,2026-08,36.52,28.0,1.0,0
1436150446122135043,2026-09,36.4,28.0,1.0,0
1436150446122135043,2026-10,36.62,28.0,1.0,0
1436159574301351126,2025-10,41.2,32.0,1.0,0
1436159574301351126,2025-11,33.44,32.0,1.0,0
1436159574301351126,2025-12,33.24,32.0,0.0,31
1436159574301351126,2026-01,28.52,32.0,0.0,31
1436159574301351126,2026-02,28.37,32.0,0.0,28
1436159574301351126,2026-03,28.25,32.0,0.0,31
1436159574301351126,2026-04,33.28,32.0,0.2,24
1436159574301351126,2026-05,33.55,32.0,1.0,0
1436159574301351126,2026-06,33.28,32.0,1.0,0
1436159574301351126,2026-07,33.39,32.0,1.0,0
1436159574301351126,2026-08,41.74,32.0,1.0,0
1436159574301351126,2026-09,41.6,32.0,1.0,0
1436159574301351126,2026-10,41.85,32.0,1.0,0
1437007519510257103,2025-10,171.24,133.0,0.2,4
1437007519510257103,2025-11,138.99,133.0,0.0,30
1437007519510257103,2025-12,138.15,133.0,0.0,31
1437007519510257103,2026-01,118.52,133.0,0.0,31
1437007519510257103,2026-02,117.9,133.0,0.0,28
1437007519510257103,2026-03,117.43,133.0,0.0,31
1437007519510257103,2026-04,138.32,133.0,0.0,30
1437007519510257103,2026-05,139.44,133.0,0.39,19
1437007519510257103,2026-06,138.32,133.0,0.0,30
1437007519510257103,2026-07,138.79,133.0,0.26,23
1437007519510257103,2026-08,173.49,133.0,1.0,0
1437007519510257103,2026-09,172.9,133.0,1.0,0
1437007519510257103,2026-10,173.92,133.0,1.0,0
1439242935263171632,2025-10,52.79,41.0,0.4,3
1439242935263171632,2025-11,42.84,41.0,0.0,30
1439242935263171632,2025-12,42.59,41.0,1.0,0
1439242935263171632,2026-01,36.54,41.0,1.0,0
1439242935263171632,2026-02,36.34,41.0,1.0,0
1439242935263171632,2026-03,36.2,41.0,1.0,0
1439242935263171632,2026-04,42.64,41.0,1.0,0
1439242935263171632,2026-05,42.98,41.0,1.0,0
1439242935263171632,2026-06,42.64,41.0,1.0,0
1439242935263171632,2026-07,42.79,41.0,1.0,0
1439242935263171632,2026-08,53.48,41.0,1.0,0
1439242935263171632,2026-09,53.3,41.0,1.0,0
1439242935263171632,2026-10,53.62,41.0,0.0,26
1440036086563624799,2025-10,56.65,44.0,1.0,0
1440036086563624799,2025-11,45.98,44.0,0.13,26
1440036086563624799,2025-12,45.7,44.0,1.0,0
1440036086563624799,2026-01,39.21,44.0,1.0,0
1440036086563624799,2026-02,39.0,44.0,1.0,0
1440036086563624799,2026-03,38.85,44.0,1.0,0
1440036086563624799,2026-04,45.76,44.0,1.0,0
1440036086563624799,2026-05,46.13,44.0,1.0,0
1440036086563624799,2026-06,45.76,44.0,1.0,0
1440036086563624799,2026-07,45.92,44.0,1.0,0
1440036086563624799,2026-08,57.4,44.0,1.0,0
1440036086563624799,2026-09,57.2,44.0,1.0,0
1440036086563624799,2026-10,57.54,44.0,0.0,26
1441387049807474036,2025-10,154.5,120.0,0.0,5
1441387049807474036,2025-11,125.4,120.0,0.0,30
1441387049807474036,2025-12,124.65,120.0,0.0,31
1441387049807474036,2026-01,106.94,120.0,0.0,31
1441387049807474036,2026-02,106.37,120.0,0.0,28
1441387049807474036,2026-03,105.95,120.0,0.0,31
1441387049807474036,2026-04,124.8,120.0,0.2,24
1441387049807474036,2026-05,125.81,120.0,1.0,0
1441387049807474036,2026-06,124.8,120.0,1.0,0
1441387049807474036,2026-07,125.23,120.0,1.0,0
1441387049807474036,2026-08,156.53,120.0,1.0,0
1441387049807474036,2026-09,156.0,120.0,1.0,0
1441387049807474036,2026-10,156.92,120.0,1.0,0
1442219912105236312,2025-10,56.65,44.0,0.4,3
1442219912105236312,2025-11,45.98,44.0,0.0,30
1442219912105236312,2025-12,45.7,44.0,1.0,0
1442219912105236312,2026-01,39.21,44.0,1.0,0
1442219912105236312,2026-02,39.0,44.0,1.0,0
1442219912105236312,2026-03,38.85,44.0,1.0,0
1442219912105236312,2026-04,45.76,44.0,1.0,0
1442219912105236312,2026-05,46.13,44.0,1.0,0
1442219912105236312,2026-06,45.76,44.0,1.0,0
1442219912105236312,2026-07,45.92,44.0,1.0,0
1442219912105236312,2026-08,57.4,44.0,1.0,0
1442219912105236312,2026-09,57.2,44.0,1.0,0
1442219912105236312,2026-10,57.54,44.0,0.0,26
1444551423614326680,2025-10,100.42,78.0,1.0,0
1444551423614326680,2025-11,81.51,78.0,1.0,0
1444551423614326680,2025-12,81.02,78.0,1.0,0
1444551423614326680,2026-01,69.51,78.0,1.0,0
1444551423614326680,2026-02,69.14,78.0,1.0,0
1444551423614326680,2026-03,68.87,78.0,0.0,31
1444551423614326680,2026-04,81.12,78.0,0.0,30
1444551423614326680,2026-05,81.77,78.0,0.0,31
1444551423614326680,2026-06,81.12,78.0,0.0,30
1444551423614326680,2026-07,81.4,78.0,0.0,31
1444551423614326680,2026-08,101.74,78.0,0.0,31
1444551423614326680,2026-09,101.4,78.0,0.0,30
1444551423614326680,2026-10,102.0,78.0,0.0,26
1445033628917255959,2025-10,187.97,146.0,0.0,5
1445033628917255959,2025-11,152.57,146.0,0.17,25
1445033628917255959,2025-12,151.65,146.0,0.0,31
1445033628917255959,2026-01,130.1,146.0,0.0,31
1445033628917255959,2026-02,129.42,146.0,0.0,28
1445033628917255959,2026-03,128.9,146.0,0.0,31
1445033628917255959,2026-04,151.84,146.0,0.0,30
1445033628917255959,2026-05,153.06,146.0,0.19,25
1445033628917255959,2026-06,151.84,146.0,0.0,30
1445033628917255959,2026-07,152.36,146.0,0.0,31
1445033628917255959,2026-08,190.45,146.0,0.0,31
1445033628917255959,2026-09,189.8,146.0,0.0,30
1445033628917255959,2026-10,190.92,146.0,0.0,26
1447190289523428020,2025-10,,,0.2,4
1447190289523428020,2025-11,,,0.0,30
1447190289523428020,2025-12,,,0.0,31
1447190289523428020,2026-01,,,0.0,31
1447190289523428020,2026-02,,,0.0,28
1447190289523428020,2026-03,,,0.0,31
1447190289523428020,2026-04,,,0.0,30
1447190289523428020,2026-05,,,0.0,31
1447190289523428020,2026-06,,,0.0,30
1447190289523428020,2026-07,,,0.0,31
1447190289523428020,2026-08,,,0.0,31
1447190289523428020,2026-09,,,0.0,30
1447190289523428020,2026-10,,,0.0,26
1447260168339004937,2025-10,104.29,81.0,1.0,0
1447260168339004937,2025-11,84.64,81.0,1.0,0
1447260168339004937,2025-12,84.14,81.0,1.0,0
1447260168339004937,2026-01,72.18,81.0,0.42,18
1447260168339004937,2026-02,71.8,81.0,0.0,28
1447260168339004937,2026-03,71.52,81.0,0.0,31
1447260168339004937,2026-04,84.24,81.0,0.0,30
1447260168339004937,2026-05,84.92,81.0,0.0,31
1447260168339004937,2026-06,84.24,81.0,0.0,30
1447260168339004937,2026-07,84.53,81.0,0.0,31
1447260168339004937,2026-08,105.66,81.0,0.0,31
1447260168339004937,2026-09,105.3,81.0,0.0,30
1447260168339004937,2026-10,105.92,81.0,0.0,26
1450706392766029768,2025-10,45.06,35.0,1.0,0
1450706392766029768,2025-11,36.58,35.0,1.0,0
1450706392766029768,2025-12,36.35,35.0,1.0,0
1450706392766029768,2026-01,31.19,35.0,1.0,0
1450706392766029768,2026-02,31.02,35.0,0.39,17
1450706392766029768,2026-03,30.9,35.0,0.0,31
1450706392766029768,2026-04,36.4,35.0,0.0,30
1450706392766029768,2026-05,36.69,35.0,0.0,31
1450706392766029768,2026-06,36.4,35.0,0.0,30
1450706392766029768,2026-07,36.52,35.0,0.0,31
1450706392766029768,2026-08,45.65,35.0,0.0,31
1450706392766029768,2026-09,45.5,35.0,0.0,30
1450706392766029768,2026-10,45.77,35.0,0.0,26
1451041028551781560,2025-10,,,1.0,0
1451041028551781560,2025-11,,,1.0,0
1451041028551781560,2025-12,,,1.0,0
1451041028551781560,2026-01,,,1.0,0
1451041028551781560,2026-02,,,1.0,0
1451041028551781560,2026-03,,,1.0,0
1451041028551781560,2026-04,,,1.0,0
1451041028551781560,2026-05,,,1.0,0
1451041028551781560,2026-06,,,1.0,0
1451041028551781560,2026-07,,,1.0,0
1451041028551781560,2026-08,,,1.0,0
1451041028551781560,2026-09,,,1.0,0
1451041028551781560,2026-10,,,1.0,0
1452068704280129806,2025-10,36.05,28.0,1.0,0
1452068704280129806,2025-11,29.26,28.0,0.07,28
1452068704280129806,2025-12,29.08,28.0,0.0,31
1452068704280129806,2026-01,24.95,28.0,0.0,31
1452068704280129806,2026-02,24.82,28.0,0.0,28
1452068704280129806,2026-03,24.72,28.0,0.0,31
1452068704280129806,2026-04,29.12,28.0,0.0,30
1452068704280129806,2026-05,29.35,28.0,0.0,31
1452068704280129806,2026-06,29.12,28.0,0.0,30
1452068704280129806,2026-07,29.22,28.0,0.0,31
1452068704280129806,2026-08,36.52,28.0,0.0,31
1452068704280129806,2026-09,36.4,28.0,0.0,30
1452068704280129806,2026-10,36.62,28.0,0.0,26
1452070118715948630,2025-10,36.05,28.0,1.0,0
1452070118715948630,2025-11,29.26,28.0,0.07,28
1452070118715948630,2025-12,29.08,28.0,0.0,31
1452070118715948630,2026-01,24.95,28.0,0.0,31
1452070118715948630,2026-02,24.82,28.0,0.0,28
1452070118715948630,2026-03,24.72,28.0,0.0,31
1452070118715948630,2026-04,29.12,28.0,0.0,30
1452070118715948630,2026-05,29.35,28.0,0.0,31
1452070118715948630,2026-06,29.12,28.0,0.0,30
1452070118715948630,2026-07,29.22,28.0,0.0,31
1452070118715948630,2026-08,36.52,28.0,0.0,31
1452070118715948630,2026-09,36.4,28.0,0.0,30
1452070118715948630,2026-10,36.62,28.0,0.0,26
1453733289440164769,2025-10,41.2,32.0,1.0,0
1453733289440164769,2025-11,33.44,32.0,1.0,0
1453733289440164769,2025-12,33.24,32.0,0.42,18
1453733289440164769,2026-01,28.52,32.0,0.0,31
1453733289440164769,2026-02,28.37,32.0,0.0,28
1453733289440164769,2026-03,28.25,32.0,0.0,31
1453733289440164769,2026-04,33.28,32.0,0.0,30
1453733289440164769,2026-05,33.55,32.0,0.0,31
1453733289440164769,2026-06,33.28,32.0,0.0,30
1453733289440164769,2026-07,33.39,32.0,0.0,31
1453733289440164769,2026-08,41.74,32.0,0.0,31
1453733289440164769,2026-09,41.6,32.0,0.0,30
1453733289440164769,2026-10,41.85,32.0,0.0,26
1455357306477550222,2025-10,54.08,42.0,1.0,0
1455357306477550222,2025-11,43.89,42.0,0.03,29
1455357306477550222,2025-12,43.63,42.0,0.0,31
1455357306477550222,2026-01,37.43,42.0,0.0,31
1455357306477550222,2026-02,37.23,42.0,0.0,28
1455357306477550222,2026-03,37.08,42.0,0.0,31
1455357306477550222,2026-04,43.68,42.0,0.0,30
1455357306477550222,2026-05,44.03,42.0,0.0,31
1455357306477550222,2026-06,43.68,42.0,0.0,30
1455357306477550222,2026-07,43.83,42.0,0.0,31
1455357306477550222,2026-08,54.79,42.0,0.0,31
1455357306477550222,2026-09,54.6,42.0,0.0,30
1455357306477550222,2026-10,54.92,42.0,0.0,26
1455673871291198399,2025-10,36.05,28.0,1.0,0
1455673871291198399,2025-11,29.26,28.0,0.13,26
1455673871291198399,2025-12,29.08,28.0,0.16,26
1455673871291198399,2026-01,24.95,28.0,0.0,31
1455673871291198399,2026-02,24.82,28.0,0.0,28
1455673871291198399,2026-03,24.72,28.0,0.0,31
1455673871291198399,2026-04,29.12,28.0,0.0,30
1455673871291198399,2026-05,29.35,28.0,0.0,31
1455673871291198399,2026-06,29.12,28.0,0.0,30
1455673871291198399,2026-07,29.22,28.0,0.0,31
1455673871291198399,2026-08,36.52,28.0,0.0,31
1455673871291198399,2026-09,36.4,28.0,0.0,30
1455673871291198399,2026-10,36.62,28.0,0.0,26
1455678913796472284,2025-10,36.05,28.0,0.0,5
1455678913796472284,2025-11,29.26,28.0,0.0,30
1455678913796472284,2025-12,29.08,28.0,0.0,31
1455678913796472284,2026-01,24.95,28.0,0.0,31
1455678913796472284,2026-02,24.82,28.0,0.0,28
1455678913796472284,2026-03,24.72,28.0,0.0,31
1455678913796472284,2026-04,29.12,28.0,0.0,30
1455678913796472284,2026-05,29.35,28.0,0.0,31
1455678913796472284,2026-06,29.12,28.0,0.0,30
1455678913796472284,2026-07,29.22,28.0,0.0,31
1455678913796472284,2026-08,36.52,28.0,0.0,31
1455678913796472284,2026-09,36.4,28.0,0.0,30
1455678913796472284,2026-10,36.62,28.0,0.0,26
1455679403853645011,2025-10,55.36,43.0,0.0,5
1455679403853645011,2025-11,44.93,43.0,0.8,6
1455679403853645011,2025-12,44.66,43.0,0.19,25
1455679403853645011,2026-01,38.32,43.0,0.0,31
1455679403853645011,2026-02,38.12,43.0,0.0,28
1455679403853645011,2026-03,37.96,43.0,0.0,31
1455679403853645011,2026-04,44.72,43.0,0.0,30
1455679403853645011,2026-05,45.08,43.0,0.0,31
1455679403853645011,2026-06,44.72,43.0,0.0,30
1455679403853645011,2026-07,44.87,43.0,0.0,31
1455679403853645011,2026-08,56.09,43.0,0.0,31
1455679403853645011,2026-09,55.9,43.0,0.0,30
1455679403853645011,2026-10,56.23,43.0,0.0,26
1455891514167841022,2025-10,77.25,60.0,0.2,4
1455891514167841022,2025-11,62.7,60.0,0.0,30
1455891514167841022,2025-12,62.32,60.0,0.0,31
1455891514167841022,2026-01,53.47,60.0,0.0,31
1455891514167841022,2026-02,53.19,60.0,0.0,28
1455891514167841022,2026-03,52.97,60.0,0.0,31
1455891514167841022,2026-04,62.4,60.0,0.0,30
1455891514167841022,2026-05,62.9,60.0,0.0,31
1455891514167841022,2026-06,62.4,60.0,0.0,30
1455891514167841022,2026-07,62.61,60.0,0.0,31
1455891514167841022,2026-08,78.27,60.0,0.0,31
1455891514167841022,2026-09,78.0,60.0,0.0,30
1455891514167841022,2026-10,78.46,60.0,0.0,26
1457948782352177879,2025-10,157.07,122.0,1.0,0
1457948782352177879,2025-11,127.49,122.0,0.47,16
1457948782352177879,2025-12,126.72,122.0,0.0,31
1457948782352177879,2026-01,108.72,122.0,0.0,31
1457948782352177879,2026-02,108.14,122.0,0.0,28
1457948782352177879,2026-03,107.71,122.0,0.0,31
1457948782352177879,2026-04,126.88,122.0,0.0,30
1457948782352177879,2026-05,127.9,122.0,0.0,31
1457948782352177879,2026-06,126.88,122.0,0.0,30
1457948782352177879,2026-07,127.31,122.0,0.0,31
1457948782352177879,2026-08,159.14,122.0,0.0,31
1457948782352177879,2026-09,158.6,122.0,0.0,30
1457948782352177879,2026-10,159.54,122.0,0.0,26
1457981080661342883,2025-10,136.48,106.0,0.8,1
1457981080661342883,2025-11,110.77,106.0,0.47,16
1457981080661342883,2025-12,110.1,106.0,0.32,21
1457981080661342883,2026-01,94.46,106.0,0.0,31
1457981080661342883,2026-02,93.96,106.0,0.0,28
1457981080661342883,2026-03,93.59,106.0,0.0,31
1457981080661342883,2026-04,110.24,106.0,0.0,30
1457981080661342883,2026-05,111.13,106.0,0.0,31
1457981080661342883,2026-06,110.24,106.0,0.0,30
1457981080661342883,2026-07,110.62,106.0,0.0,31
1457981080661342883,2026-08,138.27,106.0,0.0,31
1457981080661342883,2026-09,137.8,106.0,0.0,30
1457981080661342883,2026-10,138.62,106.0,0.0,26
1458169040054476924,2025-10,128.75,100.0,0.0,5
1458169040054476924,2025-11,104.5,100.0,0.23,23
1458169040054476924,2025-12,103.87,100.0,0.0,31
1458169040054476924,2026-01,89.11,100.0,0.0,31
1458169040054476924,2026-02,88.64,100.0,0.0,28
1458169040054476924,2026-03,88.29,100.0,0.0,31
1458169040054476924,2026-04,104.0,100.0,0.0,30
1458169040054476924,2026-05,104.84,100.0,0.0,31
1458169040054476924,2026-06,104.0,100.0,0.0,30
1458169040054476924,2026-07,104.35,100.0,0.0,31
1458169040054476924,2026-08,130.44,100.0,0.0,31
1458169040054476924,2026-09,130.0,100.0,0.0,30
1458169040054476924,2026-10,130.77,100.0,0.0,26
1459499887613475458,2025-10,56.65,44.0,1.0,0
1459499887613475458,2025-11,45.98,44.0,1.0,0
1459499887613475458,2025-12,45.7,44.0,1.0,0
1459499887613475458,2026-01,39.21,44.0,0.0,31
1459499887613475458,2026-02,39.0,44.0,0.0,28
1459499887613475458,2026-03,38.85,44.0,0.0,31
1459499887613475458,2026-04,45.76,44.0,0.0,30
1459499887613475458,2026-05,46.13,44.0,0.0,31
1459499887613475458,2026-06,45.76,44.0,0.0,30
1459499887613475458,2026-07,45.92,44.0,0.0,31
1459499887613475458,2026-08,57.4,44.0,0.0,31
1459499887613475458,2026-09,57.2,44.0,0.0,30
1459499887613475458,2026-10,57.54,44.0,0.0,26
1459805098324602160,2025-10,52.79,41.0,0.0,5
1459805098324602160,2025-11,42.84,41.0,0.0,30
1459805098324602160,2025-12,42.59,41.0,0.0,31
1459805098324602160,2026-01,36.54,41.0,0.0,31
1459805098324602160,2026-02,36.34,41.0,0.0,28
1459805098324602160,2026-03,36.2,41.0,0.0,31
1459805098324602160,2026-04,42.64,41.0,0.0,30
1459805098324602160,2026-05,42.98,41.0,0.0,31
1459805098324602160,2026-06,42.64,41.0,0.0,30
1459805098324602160,2026-07,42.79,41.0,0.0,31
1459805098324602160,2026-08,53.48,41.0,0.0,31
1459805098324602160,2026-09,53.3,41.0,0.0,30
1459805098324602160,2026-10,53.62,41.0,0.0,26
1460981390212895748,2025-10,,,1.0,0
1460981390212895748,2025-11,,,1.0,0
1460981390212895748,2025-12,,,1.0,0
1460981390212895748,2026-01,,,1.0,0
1460981390212895748,2026-02,,,1.0,0
1460981390212895748,2026-03,,,1.0,0
1460981390212895748,2026-04,,,1.0,0
1460981390212895748,2026-05,,,1.0,0
1460981390212895748,2026-06,,,0.97,1
1460981390212895748,2026-07,,,1.0,0
1460981390212895748,2026-08,,,0.97,1
1460981390212895748,2026-09,,,1.0,0
1460981390212895748,2026-10,,,0.12,23
1461756996675864137,2025-10,518.86,403.0,1.0,0
1461756996675864137,2025-11,421.14,403.0,1.0,0
1461756996675864137,2025-12,418.6,403.0,1.0,0
1461756996675864137,2026-01,359.12,403.0,0.0,31
1461756996675864137,2026-02,357.23,403.0,0.0,28
1461756996675864137,2026-03,355.81,403.0,0.0,31
1461756996675864137,2026-04,419.12,403.0,0.0,30
1461756996675864137,2026-05,422.5,403.0,0.0,31
1461756996675864137,2026-06,419.12,403.0,0.0,30
1461756996675864137,2026-07,420.55,403.0,0.0,31
1461756996675864137,2026-08,525.69,403.0,0.0,31
1461756996675864137,2026-09,523.9,403.0,0.0,30
1461756996675864137,2026-10,527.0,403.0,0.0,26
1466110132956687504,2025-10,57.94,45.0,0.8,1
1466110132956687504,2025-11,47.02,45.0,0.0,30
1466110132956687504,2025-12,46.74,45.0,0.0,31
1466110132956687504,2026-01,40.1,45.0,0.03,30
1466110132956687504,2026-02,39.89,45.0,0.0,28
1466110132956687504,2026-03,39.73,45.0,0.0,31
1466110132956687504,2026-04,46.8,45.0,0.0,30
1466110132956687504,2026-05,47.18,45.0,0.0,31
1466110132956687504,2026-06,46.8,45.0,0.0,30
1466110132956687504,2026-07,46.96,45.0,0.52,15
1466110132956687504,2026-08,58.7,45.0,1.0,0
1466110132956687504,2026-09,58.5,45.0,1.0,0
1466110132956687504,2026-10,58.85,45.0,1.0,0
1469727630679239036,2025-10,36.05,28.0,1.0,0
1469727630679239036,2025-11,29.26,28.0,1.0,0
1469727630679239036,2025-12,29.08,28.0,1.0,0
1469727630679239036,2026-01,24.95,28.0,1.0,0
1469727630679239036,2026-02,24.82,28.0,1.0,0
1469727630679239036,2026-03,24.72,28.0,1.0,0
1469727630679239036,2026-04,29.12,28.0,1.0,0
1469727630679239036,2026-05,29.35,28.0,1.0,0
1469727630679239036,2026-06,29.12,28.0,0.63,11
1469727630679239036,2026-07,29.22,28.0,0.0,31
1469727630679239036,2026-08,36.52,28.0,0.0,31
1469727630679239036,2026-09,36.4,28.0,0.0,30
1469727630679239036,2026-10,36.62,28.0,0.0,26
1472400793163456074,2025-10,233.04,181.0,1.0,0
1472400793163456074,2025-11,189.14,181.0,0.97,1
1472400793163456074,2025-12,188.01,181.0,1.0,0
1472400793163456074,2026-01,161.3,181.0,0.77,7
1472400793163456074,2026-02,160.44,181.0,1.0,0
1472400793163456074,2026-03,159.81,181.0,1.0,0
1472400793163456074,2026-04,188.24,181.0,1.0,0
1472400793163456074,2026-05,189.76,181.0,1.0,0
1472400793163456074,2026-06,188.24,181.0,1.0,0
1472400793163456074,2026-07,188.88,181.0,1.0,0
1472400793163456074,2026-08,236.1,181.0,1.0,0
1472400793163456074,2026-09,235.3,181.0,1.0,0
1472400793163456074,2026-10,236.69,181.0,1.0,0
1474600570717729292,2025-10,153.21,119.0,0.0,5
1474600570717729292,2025-11,124.36,119.0,0.0,30
1474600570717729292,2025-12,123.61,119.0,0.0,31
1474600570717729292,2026-01,106.04,119.0,0.0,31
1474600570717729292,2026-02,105.48,119.0,0.0,28
1474600570717729292,2026-03,105.06,119.0,0.0,31
1474600570717729292,2026-04,123.76,119.0,0.0,30
1474600570717729292,2026-05,124.76,119.0,0.0,31
1474600570717729292,2026-06,123.76,119.0,0.0,30
1474600570717729292,2026-07,124.18,119.0,0.0,31
1474600570717729292,2026-08,155.23,119.0,0.0,31
1474600570717729292,2026-09,154.7,119.0,0.0,30
1474600570717729292,2026-10,155.61,119.0,0.0,26
1475478567311696855,2025-10,65.66,51.0,1.0,0
1475478567311696855,2025-11,53.29,51.0,0.0,30
1475478567311696855,2025-12,52.97,51.0,0.0,31
1475478567311696855,2026-01,45.45,51.0,0.0,31
1475478567311696855,2026-02,45.21,51.0,0.0,28
1475478567311696855,2026-03,45.03,51.0,0.0,31
1475478567311696855,2026-04,53.04,51.0,0.0,30
1475478567311696855,2026-05,53.47,51.0,0.0,31
1475478567311696855,2026-06,53.04,51.0,0.0,30
1475478567311696855,2026-07,53.22,51.0,0.0,31
1475478567311696855,2026-08,66.53,51.0,0.0,31
1475478567311696855,2026-09,66.3,51.0,0.0,30
1475478567311696855,2026-10,66.69,51.0,0.0,26
1475558951144418180,2025-10,182.82,142.0,1.0,0
1475558951144418180,2025-11,148.39,142.0,1.0,0
1475558951144418180,2025-12,147.5,142.0,1.0,0
1475558951144418180,2026-01,126.54,142.0,0.0,31
1475558951144418180,2026-02,125.87,142.0,0.0,28
1475558951144418180,2026-03,125.37,142.0,0.0,31
1475558951144418180,2026-04,147.68,142.0,0.0,30
1475558951144418180,2026-05,148.87,142.0,0.0,31
1475558951144418180,2026-06,147.68,142.0,0.0,30
1475558951144418180,2026-07,148.18,142.0,0.0,31
1475558951144418180,2026-08,185.23,142.0,0.0,31
1475558951144418180,2026-09,184.6,142.0,0.0,30
1475558951144418180,2026-10,185.69,142.0,0.0,26
1476368987225773272,2025-10,164.8,128.0,0.2,4
1476368987225773272,2025-11,133.76,128.0,0.6,12
1476368987225773272,2025-12,132.95,128.0,0.13,27
1476368987225773272,2026-01,114.06,128.0,0.0,31
1476368987225773272,2026-02,113.46,128.0,0.0,28
1476368987225773272,2026-03,113.01,128.0,0.0,31
1476368987225773272,2026-04,133.12,128.0,0.0,30
1476368987225773272,2026-05,134.19,128.0,0.06,29
1476368987225773272,2026-06,133.12,128.0,0.0,30
1476368987225773272,2026-07,133.57,128.0,0.0,31
1476368987225773272,2026-08,166.97,128.0,0.0,31
1476368987225773272,2026-09,166.4,128.0,0.0,30
1476368987225773272,2026-10,167.38,128.0,0.0,26
1477057696951945472,2025-10,65.66,51.0,1.0,0
1477057696951945472,2025-11,53.29,51.0,1.0,0
1477057696951945472,2025-12,52.97,51.0,1.0,0
1477057696951945472,2026-01,45.45,51.0,1.0,0
1477057696951945472,2026-02,45.21,51.0,1.0,0
1477057696951945472,2026-03,45.03,51.0,1.0,0
1477057696951945472,2026-04,53.04,51.0,0.07,28
1477057696951945472,2026-05,53.47,51.0,0.0,31
1477057696951945472,2026-06,53.04,51.0,0.0,30
1477057696951945472,2026-07,53.22,51.0,0.0,31
1477057696951945472,2026-08,66.53,51.0,0.0,31
1477057696951945472,2026-09,66.3,51.0,0.0,30
1477057696951945472,2026-10,66.69,51.0,0.0,26
1477176745424380229,2025-10,115.87,90.0,1.0,0
1477176745424380229,2025-11,94.05,90.0,1.0,0
1477176745424380229,2025-12,93.48,90.0,1.0,0
1477176745424380229,2026-01,80.2,90.0,0.0,31
1477176745424380229,2026-02,79.78,90.0,0.0,28
1477176745424380229,2026-03,79.46,90.0,0.0,31
1477176745424380229,2026-04,93.6,90.0,0.0,30
1477176745424380229,2026-05,94.35,90.0,0.0,31
1477176745424380229,2026-06,93.6,90.0,0.0,30
1477176745424380229,2026-07,93.92,90.0,0.0,31
1477176745424380229,2026-08,117.4,90.0,0.0,31
1477176745424380229,2026-09,117.0,90.0,0.0,30
1477176745424380229,2026-10,117.69,90.0,0.0,26
1477919882152614279,2025-10,66.95,52.0,0.0,5
1477919882152614279,2025-11,54.34,52.0,0.0,30
1477919882152614279,2025-12,54.01,52.0,0.06,29
1477919882152614279,2026-01,46.34,52.0,0.0,31
1477919882152614279,2026-02,46.09,52.0,0.0,28
1477919882152614279,2026-03,45.91,52.0,0.0,31
1477919882152614279,2026-04,54.08,52.0,0.0,30
1477919882152614279,2026-05,54.52,52.0,0.0,31
1477919882152614279,2026-06,54.08,52.0,0.0,30
1477919882152614279,2026-07,54.26,52.0,0.0,31
1477919882152614279,2026-08,67.83,52.0,0.0,31
1477919882152614279,2026-09,67.6,52.0,0.0,30
1477919882152614279,2026-10,68.0,52.0,0.0,26
1478477662722016148,2025-10,38.62,30.0,1.0,0
1478477662722016148,2025-11,31.35,30.0,0.73,8
1478477662722016148,2025-12,31.16,30.0,0.0,31
1478477662722016148,2026-01,26.73,30.0,0.0,31
1478477662722016148,2026-02,26.59,30.0,0.0,28
1478477662722016148,2026-03,26.49,30.0,0.0,31
1478477662722016148,2026-04,31.2,30.0,0.0,30
1478477662722016148,2026-05,31.45,30.0,0.0,31
1478477662722016148,2026-06,31.2,30.0,0.0,30
1478477662722016148,2026-07,31.31,30.0,0.0,31
1478477662722016148,2026-08,39.13,30.0,0.0,31
1478477662722016148,2026-09,39.0,30.0,0.0,30
1478477662722016148,2026-10,39.23,30.0,0.0,26
1478556998665062511,2025-10,,,1.0,0
1478556998665062511,2025-11,,,1.0,0
1478556998665062511,2025-12,,,1.0,0
1478556998665062511,2026-01,,,1.0,0
1478556998665062511,2026-02,,,1.0,0
1478556998665062511,2026-03,,,1.0,0
1478556998665062511,2026-04,,,1.0,0
1478556998665062511,2026-05,,,1.0,0
1478556998665062511,2026-06,,,1.0,0
1478556998665062511,2026-07,,,1.0,0
1478556998665062511,2026-08,,,1.0,0
1478556998665062511,2026-09,,,1.0,0
1478556998665062511,2026-10,,,0.0,26
1481491740092045469,2025-10,65.66,51.0,0.0,5
1481491740092045469,2025-11,53.29,51.0,0.0,30
1481491740092045469,2025-12,52.97,51.0,0.06,29
1481491740092045469,2026-01,45.45,51.0,0.0,31
1481491740092045469,2026-02,45.21,51.0,0.0,28
1481491740092045469,2026-03,45.03,51.0,0.0,31
1481491740092045469,2026-04,53.04,51.0,0.0,30
1481491740092045469,2026-05,53.47,51.0,0.03,30
1481491740092045469,2026-06,53.04,51.0,0.0,30
1481491740092045469,2026-07,53.22,51.0,0.0,31
1481491740092045469,2026-08,66.53,51.0,0.0,31
1481491740092045469,2026-09,66.3,51.0,0.0,30
1481491740092045469,2026-10,66.69,51.0,0.0,26
1481497133976257780,2025-10,63.09,49.0,0.2,4
1481497133976257780,2025-11,51.21,49.0,0.03,29
1481497133976257780,2025-12,50.9,49.0,0.06,29
1481497133976257780,2026-01,43.67,49.0,0.0,31
1481497133976257780,2026-02,43.44,49.0,0.0,28
1481497133976257780,2026-03,43.26,49.0,0.0,31
1481497133976257780,2026-04,50.96,49.0,0.0,30
1481497133976257780,2026-05,51.37,49.0,0.0,31
1481497133976257780,2026-06,50.96,49.0,0.0,30
1481497133976257780,2026-07,51.13,49.0,0.0,31
1481497133976257780,2026-08,63.92,49.0,0.0,31
1481497133976257780,2026-09,63.7,49.0,0.0,30
1481497133976257780,2026-10,64.08,49.0,0.0,26
1481501155567124474,2025-10,60.51,47.0,0.2,4
1481501155567124474,2025-11,49.12,47.0,0.13,26
1481501155567124474,2025-12,48.82,47.0,0.06,29
1481501155567124474,2026-01,41.88,47.0,0.1,28
1481501155567124474,2026-02,41.66,47.0,0.0,28
1481501155567124474,2026-03,41.5,47.0,0.0,31
1481501155567124474,2026-04,48.88,47.0,0.03,29
1481501155567124474,2026-05,49.27,47.0,0.0,31
1481501155567124474,2026-06,48.88,47.0,0.0,30
1481501155567124474,2026-07,49.05,47.0,0.0,31
1481501155567124474,2026-08,61.31,47.0,0.0,31
1481501155567124474,2026-09,61.1,47.0,0.0,30
1481501155567124474,2026-10,61.46,47.0,0.0,26
1483308879674147338,2025-10,164.8,128.0,0.6,2
1483308879674147338,2025-11,133.76,128.0,0.27,22
1483308879674147338,2025-12,132.95,128.0,0.19,25
1483308879674147338,2026-01,114.06,128.0,0.06,29
1483308879674147338,2026-02,113.46,128.0,0.0,28
1483308879674147338,2026-03,113.01,128.0,0.0,31
1483308879674147338,2026-04,133.12,128.0,0.0,30
1483308879674147338,2026-05,134.19,128.0,0.19,25
1483308879674147338,2026-06,133.12,128.0,0.0,30
1483308879674147338,2026-07,133.57,128.0,0.0,31
1483308879674147338,2026-08,166.97,128.0,0.0,31
1483308879674147338,2026-09,166.4,128.0,0.0,30
1483308879674147338,2026-10,167.38,128.0,0.0,26
1484115793121887771,2025-10,290.98,226.0,1.0,0
1484115793121887771,2025-11,236.17,226.0,1.0,0
1484115793121887771,2025-12,234.75,226.0,1.0,0
1484115793121887771,2026-01,201.39,226.0,1.0,0
1484115793121887771,2026-02,200.33,226.0,1.0,0
1484115793121887771,2026-03,199.53,226.0,1.0,0
1484115793121887771,2026-04,235.04,226.0,0.03,29
1484115793121887771,2026-05,236.94,226.0,0.0,31
1484115793121887771,2026-06,235.04,226.0,0.0,30
1484115793121887771,2026-07,235.84,226.0,0.0,31
1484115793121887771,2026-08,294.8,226.0,0.0,31
1484115793121887771,2026-09,293.8,226.0,0.0,30
1484115793121887771,2026-10,295.54,226.0,0.0,26
1484191597868988728,2025-10,90.12,70.0,1.0,0
1484191597868988728,2025-11,73.15,70.0,0.9,3
1484191597868988728,2025-12,72.71,70.0,0.0,31
1484191597868988728,2026-01,62.38,70.0,0.0,31
1484191597868988728,2026-02,62.05,70.0,0.0,28
1484191597868988728,2026-03,61.8,70.0,0.0,31
1484191597868988728,2026-04,72.8,70.0,0.0,30
1484191597868988728,2026-05,73.39,70.0,0.0,31
1484191597868988728,2026-06,72.8,70.0,0.0,30
1484191597868988728,2026-07,73.05,70.0,0.0,31
1484191597868988728,2026-08,91.31,70.0,0.0,31
1484191597868988728,2026-09,91.0,70.0,0.0,30
1484191597868988728,2026-10,91.54,70.0,0.0,26
1484935948674803290,2025-10,144.2,112.0,0.0,5
1484935948674803290,2025-11,117.04,112.0,0.0,30
1484935948674803290,2025-12,116.34,112.0,0.0,31
1484935948674803290,2026-01,99.81,112.0,0.0,31
1484935948674803290,2026-02,99.28,112.0,0.0,28
1484935948674803290,2026-03,98.89,112.0,0.0,31
1484935948674803290,2026-04,116.48,112.0,0.0,30
1484935948674803290,2026-05,117.42,112.0,0.0,31
1484935948674803290,2026-06,116.48,112.0,0.0,30
1484935948674803290,2026-07,116.88,112.0,0.0,31
1484935948674803290,2026-08,146.1,112.0,0.0,31
1484935948674803290,2026-09,145.6,112.0,0.0,30
1484935948674803290,2026-10,146.46,112.0,0.0,26
1485636431268665942,2025-10,142.91,111.0,0.2,4
1485636431268665942,2025-11,115.99,111.0,0.4,18
1485636431268665942,2025-12,115.3,111.0,0.1,28
1485636431268665942,2026-01,98.91,111.0,0.26,23
1485636431268665942,2026-02,98.39,111.0,0.0,28
1485636431268665942,2026-03,98.0,111.0,0.06,29
1485636431268665942,2026-04,115.44,111.0,0.0,30
1485636431268665942,2026-05,116.37,111.0,0.0,31
1485636431268665942,2026-06,115.44,111.0,0.0,30
1485636431268665942,2026-07,115.83,111.0,0.0,31
1485636431268665942,2026-08,144.79,111.0,0.0,31
1485636431268665942,2026-09,144.3,111.0,0.0,30
1485636431268665942,2026-10,145.15,111.0,0.0,26
1485740908194332674,2025-10,45.06,35.0,1.0,0
1485740908194332674,2025-11,36.58,35.0,1.0,0
1485740908194332674,2025-12,36.35,35.0,1.0,0
1485740908194332674,2026-01,31.19,35.0,0.0,31
1485740908194332674,2026-02,31.02,35.0,0.0,28
1485740908194332674,2026-03,30.9,35.0,0.0,31
1485740908194332674,2026-04,36.4,35.0,0.0,30
1485740908194332674,2026-05,36.69,35.0,0.0,31
1485740908194332674,2026-06,36.4,35.0,0.0,30
1485740908194332674,2026-07,36.52,35.0,0.0,31
1485740908194332674,2026-08,45.65,35.0,0.0,31
1485740908194332674,2026-09,45.5,35.0,0.0,30
1485740908194332674,2026-10,45.77,35.0,0.0,26
1488038993436297754,2025-10,128.75,100.0,1.0,0
1488038993436297754,2025-11,104.5,100.0,1.0,0
1488038993436297754,2025-12,103.87,100.0,0.35,20
1488038993436297754,2026-01,89.11,100.0,0.0,31
1488038993436297754,2026-02,88.64,100.0,0.0,28
1488038993436297754,2026-03,88.29,100.0,0.0,31
1488038993436297754,2026-04,104.0,100.0,0.0,30
1488038993436297754,2026-05,104.84,100.0,0.0,31
1488038993436297754,2026-06,104.0,100.0,0.0,30
1488038993436297754,2026-07,104.35,100.0,0.0,31
1488038993436297754,2026-08,130.44,100.0,0.0,31
1488038993436297754,2026-09,130.0,100.0,0.0,30
1488038993436297754,2026-10,130.77,100.0,0.0,26
1489154157834511536,2025-10,206.0,160.0,1.0,0
1489154157834511536,2025-11,167.2,160.0,0.47,16
1489154157834511536,2025-12,166.19,160.0,0.0,31
1489154157834511536,2026-01,142.58,160.0,0.0,31
1489154157834511536,2026-02,141.83,160.0,0.0,28
1489154157834511536,2026-03,141.26,160.0,0.0,31
1489154157834511536,2026-04,166.4,160.0,0.0,30
1489154157834511536,2026-05,167.74,160.0,0.0,31
1489154157834511536,2026-06,166.4,160.0,0.0,30
1489154157834511536,2026-07,166.97,160.0,0.0,31
1489154157834511536,2026-08,208.71,160.0,0.0,31
1489154157834511536,2026-09,208.0,160.0,0.0,30
1489154157834511536,2026-10,209.23,160.0,0.0,26
1489181215263661797,2025-10,158.36,123.0,0.4,3
1489181215263661797,2025-11,128.54,123.0,0.37,19
1489181215263661797,2025-12,127.76,123.0,0.13,27
1489181215263661797,2026-01,109.61,123.0,0.0,31
1489181215263661797,2026-02,109.03,123.0,0.0,28
1489181215263661797,2026-03,108.6,123.0,0.0,31
1489181215263661797,2026-04,127.92,123.0,0.0,30
1489181215263661797,2026-05,128.95,123.0,0.26,23
1489181215263661797,2026-06,127.92,123.0,0.0,30
1489181215263661797,2026-07,128.36,123.0,0.26,23
1489181215263661797,2026-08,160.44,123.0,1.0,0
1489181215263661797,2026-09,159.9,123.0,1.0,0
1489181215263661797,2026-10,160.85,123.0,1.0,0
1489943690204104610,2025-10,51.5,40.0,0.8,1
1489943690204104610,2025-11,41.8,40.0,0.0,30
1489943690204104610,2025-12,41.55,40.0,0.0,31
1489943690204104610,2026-01,35.65,40.0,0.0,31
1489943690204104610,2026-02,35.46,40.0,0.0,28
1489943690204104610,2026-03,35.32,40.0,0.0,31
1489943690204104610,2026-04,41.6,40.0,0.0,30
1489943690204104610,2026-05,41.94,40.0,0.0,31
1489943690204104610,2026-06,41.6,40.0,0.0,30
1489943690204104610,2026-07,41.74,40.0,0.0,31
1489943690204104610,2026-08,52.18,40.0,0.0,31
1489943690204104610,2026-09,52.0,40.0,0.0,30
1489943690204104610,2026-10,52.31,40.0,0.0,26
1489966711179263819,2025-10,41.2,32.0,1.0,0
1489966711179263819,2025-11,33.44,32.0,0.0,30
1489966711179263819,2025-12,33.24,32.0,0.0,31
1489966711179263819,2026-01,28.52,32.0,0.0,31
1489966711179263819,2026-02,28.37,32.0,0.0,28
1489966711179263819,2026-03,28.25,32.0,0.0,31
1489966711179263819,2026-04,33.28,32.0,0.0,30
1489966711179263819,2026-05,33.55,32.0,0.0,31
1489966711179263819,2026-06,33.28,32.0,0.0,30
1489966711179263819,2026-07,33.39,32.0,0.0,31
1489966711179263819,2026-08,41.74,32.0,0.0,31
1489966711179263819,2026-09,41.6,32.0,0.0,30
1489966711179263819,2026-10,41.85,32.0,0.0,26
1490702135443949829,2025-10,45.06,35.0,1.0,0
1490702135443949829,2025-11,36.58,35.0,0.2,24
1490702135443949829,2025-12,36.35,35.0,0.0,31
1490702135443949829,2026-01,31.19,35.0,0.0,31
1490702135443949829,2026-02,31.02,35.0,0.0,28
1490702135443949829,2026-03,30.9,35.0,0.0,31
1490702135443949829,2026-04,36.4,35.0,0.0,30
1490702135443949829,2026-05,36.69,35.0,0.0,31
1490702135443949829,2026-06,36.4,35.0,0.0,30
1490702135443949829,2026-07,36.52,35.0,0.0,31
1490702135443949829,2026-08,45.65,35.0,0.0,31
1490702135443949829,2026-09,45.5,35.0,0.0,30
1490702135443949829,2026-10,45.77,35.0,0.0,26
1491379258440610080,2025-10,142.91,111.0,1.0,0
1491379258440610080,2025-11,115.99,111.0,0.83,5
1491379258440610080,2025-12,115.3,111.0,1.0,0
1491379258440610080,2026-01,98.91,111.0,0.84,5
1491379258440610080,2026-02,98.39,111.0,0.0,28
1491379258440610080,2026-03,98.0,111.0,0.0,31
1491379258440610080,2026-04,115.44,111.0,0.0,30
1491379258440610080,2026-05,116.37,111.0,0.0,31
1491379258440610080,2026-06,115.44,111.0,0.0,30
1491379258440610080,2026-07,115.83,111.0,0.0,31
1491379258440610080,2026-08,144.79,111.0,0.0,31
1491379258440610080,2026-09,144.3,111.0,0.0,30
1491379258440610080,2026-10,145.15,111.0,0.0,26
1492644793701725389,2025-10,206.0,160.0,1.0,0
1492644793701725389,2025-11,167.2,160.0,0.0,30
1492644793701725389,2025-12,166.19,160.0,0.0,31
1492644793701725389,2026-01,142.58,160.0,0.0,31
1492644793701725389,2026-02,141.83,160.0,0.0,28
1492644793701725389,2026-03,141.26,160.0,0.0,31
1492644793701725389,2026-04,166.4,160.0,0.0,30
1492644793701725389,2026-05,167.74,160.0,0.0,31
1492644793701725389,2026-06,166.4,160.0,0.0,30
1492644793701725389,2026-07,166.97,160.0,0.0,31
1492644793701725389,2026-08,208.71,160.0,0.0,31
1492644793701725389,2026-09,208.0,160.0,0.0,30
1492644793701725389,2026-10,209.23,160.0,0.0,26
1492901978236141772,2025-10,34.76,27.0,1.0,0
1492901978236141772,2025-11,28.22,27.0,1.0,0
1492901978236141772,2025-12,28.05,27.0,1.0,0
1492901978236141772,2026-01,24.06,27.0,0.0,31
1492901978236141772,2026-02,23.93,27.0,0.0,28
1492901978236141772,2026-03,23.84,27.0,0.0,31
1492901978236141772,2026-04,28.08,27.0,0.0,30
1492901978236141772,2026-05,28.31,27.0,0.0,31
1492901978236141772,2026-06,28.08,27.0,0.0,30
1492901978236141772,2026-07,28.18,27.0,0.0,31
1492901978236141772,2026-08,35.22,27.0,0.0,31
1492901978236141772,2026-09,35.1,27.0,0.0,30
1492901978236141772,2026-10,35.31,27.0,0.0,26
1495708563582814313,2025-10,157.07,122.0,0.0,5
1495708563582814313,2025-11,127.49,122.0,0.07,28
1495708563582814313,2025-12,126.72,122.0,0.0,31
1495708563582814313,2026-01,108.72,122.0,0.0,31
1495708563582814313,2026-02,108.14,122.0,0.0,28
1495708563582814313,2026-03,107.71,122.0,0.0,31
1495708563582814313,2026-04,126.88,122.0,0.0,30
1495708563582814313,2026-05,127.9,122.0,0.0,31
1495708563582814313,2026-06,126.88,122.0,0.0,30
1495708563582814313,2026-07,127.31,122.0,0.26,23
1495708563582814313,2026-08,159.14,122.0,1.0,0
1495708563582814313,2026-09,158.6,122.0,1.0,0
1495708563582814313,2026-10,159.54,122.0,1.0,0
1495797762208735734,2025-10,42.49,33.0,0.0,5
1495797762208735734,2025-11,34.48,33.0,0.0,30
1495797762208735734,2025-12,34.28,33.0,0.0,31
1495797762208735734,2026-01,29.41,33.0,0.0,31
1495797762208735734,2026-02,29.25,33.0,0.0,28
1495797762208735734,2026-03,29.14,33.0,0.0,31
1495797762208735734,2026-04,34.32,33.0,0.0,30
1495797762208735734,2026-05,34.6,33.0,0.0,31
1495797762208735734,2026-06,34.32,33.0,0.0,30
1495797762208735734,2026-07,34.44,33.0,0.0,31
1495797762208735734,2026-08,43.05,33.0,0.0,31
1495797762208735734,2026-09,42.9,33.0,0.0,30
1495797762208735734,2026-10,43.15,33.0,0.0,26
1498000499067869087,2025-10,110.72,86.0,0.8,1
1498000499067869087,2025-11,89.87,86.0,0.07,28
1498000499067869087,2025-12,89.33,86.0,0.0,31
1498000499067869087,2026-01,76.64,86.0,0.0,31
1498000499067869087,2026-02,76.23,86.0,0.0,28
1498000499067869087,2026-03,75.93,86.0,0.0,31
1498000499067869087,2026-04,89.44,86.0,0.0,30
1498000499067869087,2026-05,90.16,86.0,0.0,31
1498000499067869087,2026-06,89.44,86.0,0.0,30
1498000499067869087,2026-07,89.75,86.0,0.0,31
1498000499067869087,2026-08,112.18,86.0,0.0,31
1498000499067869087,2026-09,111.8,86.0,0.03,29
1498000499067869087,2026-10,112.46,86.0,0.0,26
1499342846319227880,2025-10,95.28,74.0,0.0,5
1499342846319227880,2025-11,77.33,74.0,0.0,30
1499342846319227880,2025-12,76.86,74.0,0.0,31
1499342846319227880,2026-01,65.94,74.0,0.0,31
1499342846319227880,2026-02,65.59,74.0,0.0,28
1499342846319227880,2026-03,65.33,74.0,0.0,31
1499342846319227880,2026-04,76.96,74.0,0.0,30
1499342846319227880,2026-05,77.58,74.0,0.0,31
1499342846319227880,2026-06,76.96,74.0,0.0,30
1499342846319227880,2026-07,77.22,74.0,0.0,31
1499342846319227880,2026-08,96.53,74.0,0.0,31
1499342846319227880,2026-09,96.2,74.0,0.0,30
1499342846319227880,2026-10,96.77,74.0,0.0,26
1499360098914975621,2025-10,48.92,38.0,1.0,0
1499360098914975621,2025-11,39.71,38.0,1.0,0
1499360098914975621,2025-12,39.47,38.0,0.42,18
1499360098914975621,2026-01,33.86,38.0,0.0,31
1499360098914975621,2026-02,33.68,38.0,0.0,28
1499360098914975621,2026-03,33.55,38.0,0.23,24
1499360098914975621,2026-04,39.52,38.0,0.0,30
1499360098914975621,2026-05,39.84,38.0,0.0,31
1499360098914975621,2026-06,39.52,38.0,0.0,30
1499360098914975621,2026-07,39.65,38.0,0.0,31
1499360098914975621,2026-08,49.57,38.0,0.0,31
1499360098914975621,2026-09,49.4,38.0,0.03,29
1499360098914975621,2026-10,49.69,38.0,0.0,26
1499960097780024687,2025-10,45.06,35.0,0.2,4
1499960097780024687,2025-11,36.58,35.0,0.0,30
1499960097780024687,2025-12,36.35,35.0,0.0,31
1499960097780024687,2026-01,31.19,35.0,0.0,31
1499960097780024687,2026-02,31.02,35.0,0.0,28
1499960097780024687,2026-03,30.9,35.0,0.0,31
1499960097780024687,2026-04,36.4,35.0,0.0,30
1499960097780024687,2026-05,36.69,35.0,0.0,31
1499960097780024687,2026-06,36.4,35.0,0.0,30
1499960097780024687,2026-07,36.52,35.0,0.0,31
1499960097780024687,2026-08,45.65,35.0,0.0,31
1499960097780024687,2026-09,45.5,35.0,0.0,30
1499960097780024687,2026-10,45.77,35.0,0.0,26
1500034715684926075,2025-10,99.14,77.0,0.8,1
1500034715684926075,2025-11,80.46,77.0,0.0,30
1500034715684926075,2025-12,79.98,77.0,0.0,31
1500034715684926075,2026-01,68.62,77.0,0.0,31
1500034715684926075,2026-02,68.26,77.0,0.0,28
1500034715684926075,2026-03,67.98,77.0,0.0,31
1500034715684926075,2026-04,80.08,77.0,0.0,30
1500034715684926075,2026-05,80.73,77.0,0.0,31
1500034715684926075,2026-06,80.08,77.0,0.0,30
1500034715684926075,2026-07,80.35,77.0,0.0,31
1500034715684926075,2026-08,100.44,77.0,0.0,31
1500034715684926075,2026-09,100.1,77.0,0.03,29
1500034715684926075,2026-10,100.69,77.0,0.0,26
1500036597800900386,2025-10,96.56,75.0,0.2,4
1500036597800900386,2025-11,78.38,75.0,0.0,30
1500036597800900386,2025-12,77.9,75.0,0.0,31
1500036597800900386,2026-01,66.83,75.0,0.0,31
1500036597800900386,2026-02,66.48,75.0,0.0,28
1500036597800900386,2026-03,66.22,75.0,0.0,31
1500036597800900386,2026-04,78.0,75.0,0.0,30
1500036597800900386,2026-05,78.63,75.0,0.0,31
1500036597800900386,2026-06,78.0,75.0,0.0,30
1500036597800900386,2026-07,78.27,75.0,0.0,31
1500036597800900386,2026-08,97.83,75.0,0.0,31
1500036597800900386,2026-09,97.5,75.0,0.03,29
1500036597800900386,2026-10,98.08,75.0,0.0,26
1500781517794208078,2025-10,121.02,94.0,0.2,4
1500781517794208078,2025-11,98.23,94.0,0.07,28
1500781517794208078,2025-12,97.64,94.0,0.0,31
1500781517794208078,2026-01,83.76,94.0,0.0,31
1500781517794208078,2026-02,83.32,94.0,0.0,28
1500781517794208078,2026-03,82.99,94.0,0.0,31
1500781517794208078,2026-04,97.76,94.0,0.0,30
1500781517794208078,2026-05,98.55,94.0,0.0,31
1500781517794208078,2026-06,97.76,94.0,0.0,30
1500781517794208078,2026-07,98.09,94.0,0.0,31
1500781517794208078,2026-08,122.62,94.0,0.0,31
1500781517794208078,2026-09,122.2,94.0,0.03,29
1500781517794208078,2026-10,122.92,94.0,0.0,26
1502288615824196658,2025-10,123.6,96.0,0.8,1
1502288615824196658,2025-11,100.32,96.0,0.13,26
1502288615824196658,2025-12,99.72,96.0,0.0,31
1502288615824196658,2026-01,85.55,96.0,0.0,31
1502288615824196658,2026-02,85.1,96.0,0.0,28
1502288615824196658,2026-03,84.76,96.0,0.0,31
1502288615824196658,2026-04,99.84,96.0,0.0,30
1502288615824196658,2026-05,100.65,96.0,0.0,31
1502288615824196658,2026-06,99.84,96.0,0.0,30
1502288615824196658,2026-07,100.18,96.0,0.0,31
1502288615824196658,2026-08,125.23,96.0,0.0,31
1502288615824196658,2026-09,124.8,96.0,0.03,29
1502288615824196658,2026-10,125.54,96.0,0.0,26
1503672712688188975,2025-10,133.9,104.0,0.0,5
1503672712688188975,2025-11,108.68,104.0,0.0,30
1503672712688188975,2025-12,108.03,104.0,0.0,31
1503672712688188975,2026-01,92.68,104.0,0.23,24
1503672712688188975,2026-02,92.19,104.0,1.0,0
1503672712688188975,2026-03,91.82,104.0,1.0,0
1503672712688188975,2026-04,108.16,104.0,1.0,0
1503672712688188975,2026-05,109.03,104.0,1.0,0
1503672712688188975,2026-06,108.16,104.0,1.0,0
1503672712688188975,2026-07,108.53,104.0,1.0,0
1503672712688188975,2026-08,135.66,104.0,1.0,0
1503672712688188975,2026-09,135.2,104.0,1.0,0
1503672712688188975,2026-10,136.0,104.0,1.0,0
1508344559040593835,2025-10,74.67,58.0,0.8,1
1508344559040593835,2025-11,60.61,58.0,0.07,28
1508344559040593835,2025-12,60.25,58.0,0.0,31
1508344559040593835,2026-01,51.68,58.0,0.0,31
1508344559040593835,2026-02,51.41,58.0,0.0,28
1508344559040593835,2026-03,51.21,58.0,0.0,31
1508344559040593835,2026-04,60.32,58.0,0.0,30
1508344559040593835,2026-05,60.81,58.0,0.0,31
1508344559040593835,2026-06,60.32,58.0,0.0,30
1508344559040593835,2026-07,60.53,58.0,0.0,31
1508344559040593835,2026-08,75.66,58.0,0.0,31
1508344559040593835,2026-09,75.4,58.0,0.0,30
1508344559040593835,2026-10,75.84,58.0,0.0,26
1508820296942511977,2025-10,47.64,37.0,0.2,4
1508820296942511977,2025-11,38.66,37.0,0.97,1
1508820296942511977,2025-12,38.43,37.0,0.32,21
1508820296942511977,2026-01,32.97,37.0,0.0,31
1508820296942511977,2026-02,32.8,37.0,0.0,28
1508820296942511977,2026-03,32.67,37.0,0.0,31
1508820296942511977,2026-04,38.48,37.0,0.0,30
1508820296942511977,2026-05,38.79,37.0,0.0,31
1508820296942511977,2026-06,38.48,37.0,0.0,30
1508820296942511977,2026-07,38.61,37.0,0.0,31
1508820296942511977,2026-08,48.26,37.0,0.0,31
1508820296942511977,2026-09,48.1,37.0,0.0,30
1508820296942511977,2026-10,48.39,37.0,0.0,26
1508971859068616079,2025-10,196.99,153.0,0.0,5
1508971859068616079,2025-11,159.89,153.0,0.0,30
1508971859068616079,2025-12,158.92,153.0,0.0,31
1508971859068616079,2026-01,136.34,153.0,0.0,31
1508971859068616079,2026-02,135.62,153.0,0.0,28
1508971859068616079,2026-03,135.08,153.0,0.0,31
1508971859068616079,2026-04,159.12,153.0,0.0,30
1508971859068616079,2026-05,160.4,153.0,0.0,31
1508971859068616079,2026-06,159.12,153.0,0.0,30
1508971859068616079,2026-07,159.66,153.0,0.0,31
1508971859068616079,2026-08,199.58,153.0,0.0,31
1508971859068616079,2026-09,198.9,153.0,0.0,30
1508971859068616079,2026-10,200.08,153.0,0.0,26
1510472595913575058,2025-10,204.71,159.0,0.8,1
1510472595913575058,2025-11,166.16,159.0,0.17,25
1510472595913575058,2025-12,165.15,159.0,0.23,24
1510472595913575058,2026-01,141.69,159.0,0.0,31
1510472595913575058,2026-02,140.94,159.0,0.0,28
1510472595913575058,2026-03,140.38,159.0,0.0,31
1510472595913575058,2026-04,165.36,159.0,0.0,30
1510472595913575058,2026-05,166.69,159.0,0.06,29
1510472595913575058,2026-06,165.36,159.0,0.0,30
1510472595913575058,2026-07,165.92,159.0,0.0,31
1510472595913575058,2026-08,207.4,159.0,0.0,31
1510472595913575058,2026-09,206.7,159.0,0.0,30
1510472595913575058,2026-10,207.92,159.0,0.0,26
1512303928894743854,2025-10,66.95,52.0,0.8,1
1512303928894743854,2025-11,54.34,52.0,0.23,23
1512303928894743854,2025-12,54.01,52.0,0.0,31
1512303928894743854,2026-01,46.34,52.0,0.06,29
1512303928894743854,2026-02,46.09,52.0,0.0,28
1512303928894743854,2026-03,45.91,52.0,0.0,31
1512303928894743854,2026-04,54.08,52.0,0.0,30
1512303928894743854,2026-05,54.52,52.0,0.0,31
1512303928894743854,2026-06,54.08,52.0,0.0,30
1512303928894743854,2026-07,54.26,52.0,0.0,31
1512303928894743854,2026-08,67.83,52.0,0.0,31
1512303928894743854,2026-09,67.6,52.0,0.0,30
1512303928894743854,2026-10,68.0,52.0,0.0,26
1515496545420419255,2025-10,117.16,91.0,0.8,1
1515496545420419255,2025-11,95.1,91.0,0.23,23
1515496545420419255,2025-12,94.52,91.0,0.0,31
1515496545420419255,2026-01,81.09,91.0,0.0,31
1515496545420419255,2026-02,80.66,91.0,0.0,28
1515496545420419255,2026-03,80.34,91.0,0.0,31
1515496545420419255,2026-04,94.64,91.0,0.0,30
1515496545420419255,2026-05,95.4,91.0,0.0,31
1515496545420419255,2026-06,94.64,91.0,0.0,30
1515496545420419255,2026-07,94.96,91.0,0.0,31
1515496545420419255,2026-08,118.7,91.0,0.0,31
1515496545420419255,2026-09,118.3,91.0,0.0,30
1515496545420419255,2026-10,119.0,91.0,0.0,26
1515992049317082102,2025-10,48.92,38.0,0.2,4
1515992049317082102,2025-11,39.71,38.0,0.0,30
1515992049317082102,2025-12,39.47,38.0,0.0,31
1515992049317082102,2026-01,33.86,38.0,0.0,31
1515992049317082102,2026-02,33.68,38.0,0.0,28
1515992049317082102,2026-03,33.55,38.0,0.0,31
1515992049317082102,2026-04,39.52,38.0,0.0,30
1515992049317082102,2026-05,39.84,38.0,0.0,31
1515992049317082102,2026-06,39.52,38.0,0.0,30
1515992049317082102,2026-07,39.65,38.0,0.0,31
1515992049317082102,2026-08,49.57,38.0,0.0,31
1515992049317082102,2026-09,49.4,38.0,0.0,30
1515992049317082102,2026-10,49.69,38.0,0.0,26
1517058816752107145,2025-10,164.8,128.0,0.0,5
1517058816752107145,2025-11,133.76,128.0,0.0,30
1517058816752107145,2025-12,132.95,128.0,0.0,31
1517058816752107145,2026-01,114.06,128.0,0.0,31
1517058816752107145,2026-02,113.46,128.0,0.0,28
1517058816752107145,2026-03,113.01,128.0,0.0,31
1517058816752107145,2026-04,133.12,128.0,0.0,30
1517058816752107145,2026-05,134.19,128.0,0.0,31
1517058816752107145,2026-06,133.12,128.0,0.0,30
1517058816752107145,2026-07,133.57,128.0,0.0,31
1517058816752107145,2026-08,166.97,128.0,0.0,31
1517058816752107145,2026-09,166.4,128.0,0.0,30
1517058816752107145,2026-10,167.38,128.0,0.0,26
1517365241063441314,2025-10,155.79,121.0,0.2,4
1517365241063441314,2025-11,126.44,121.0,0.2,24
1517365241063441314,2025-12,125.68,121.0,0.0,31
1517365241063441314,2026-01,107.83,121.0,0.0,31
1517365241063441314,2026-02,107.26,121.0,0.0,28
1517365241063441314,2026-03,106.83,121.0,0.0,31
1517365241063441314,2026-04,125.84,121.0,0.0,30
1517365241063441314,2026-05,126.85,121.0,0.0,31
1517365241063441314,2026-06,125.84,121.0,0.0,30
1517365241063441314,2026-07,126.27,121.0,0.26,23
1517365241063441314,2026-08,157.84,121.0,1.0,0
1517365241063441314,2026-09,157.3,121.0,1.0,0
1517365241063441314,2026-10,158.23,121.0,1.0,0
1518379946616491017,2025-10,77.25,60.0,0.6,2
1518379946616491017,2025-11,62.7,60.0,0.3,21
1518379946616491017,2025-12,62.32,60.0,0.0,31
1518379946616491017,2026-01,53.47,60.0,0.0,31
1518379946616491017,2026-02,53.19,60.0,0.0,28
1518379946616491017,2026-03,52.97,60.0,0.0,31
1518379946616491017,2026-04,62.4,60.0,0.0,30
1518379946616491017,2026-05,62.9,60.0,0.0,31
1518379946616491017,2026-06,62.4,60.0,0.0,30
1518379946616491017,2026-07,62.61,60.0,0.0,31
1518379946616491017,2026-08,78.27,60.0,0.0,31
1518379946616491017,2026-09,78.0,60.0,0.0,30
1518379946616491017,2026-10,78.46,60.0,0.0,26
1519186932831484388,2025-10,184.11,143.0,0.0,5
1519186932831484388,2025-11,149.44,143.0,0.0,30
1519186932831484388,2025-12,148.54,143.0,0.0,31
1519186932831484388,2026-01,127.43,143.0,0.0,31
1519186932831484388,2026-02,126.76,143.0,0.0,28
1519186932831484388,2026-03,126.25,143.0,0.0,31
1519186932831484388,2026-04,148.72,143.0,0.2,24
1519186932831484388,2026-05,149.92,143.0,1.0,0
1519186932831484388,2026-06,148.72,143.0,1.0,0
1519186932831484388,2026-07,149.23,143.0,1.0,0
1519186932831484388,2026-08,186.53,143.0,1.0,0
1519186932831484388,2026-09,185.9,143.0,1.0,0
1519186932831484388,2026-10,187.0,143.0,1.0,0
1520957979694148542,2025-10,64.37,50.0,1.0,0
1520957979694148542,2025-11,52.25,50.0,0.0,30
1520957979694148542,2025-12,51.94,50.0,0.0,31
1520957979694148542,2026-01,44.55,50.0,0.0,31
1520957979694148542,2026-02,44.32,50.0,0.0,28
1520957979694148542,2026-03,44.14,50.0,0.0,31
1520957979694148542,2026-04,52.0,50.0,0.0,30
1520957979694148542,2026-05,52.42,50.0,0.0,31
1520957979694148542,2026-06,52.0,50.0,0.0,30
1520957979694148542,2026-07,52.18,50.0,0.0,31
1520957979694148542,2026-08,65.22,50.0,0.0,31
1520957979694148542,2026-09,65.0,50.0,0.0,30
1520957979694148542,2026-10,65.38,50.0,0.0,26
1521836215525010415,2025-10,72.1,56.0,1.0,0
1521836215525010415,2025-11,58.52,56.0,0.5,15
1521836215525010415,2025-12,58.17,56.0,0.0,31
1521836215525010415,2026-01,49.9,56.0,0.0,31
1521836215525010415,2026-02,49.64,56.0,0.0,28
1521836215525010415,2026-03,49.44,56.0,0.0,31
1521836215525010415,2026-04,58.24,56.0,0.2,24
1521836215525010415,2026-05,58.71,56.0,1.0,0
1521836215525010415,2026-06,58.24,56.0,1.0,0
1521836215525010415,2026-07,58.44,56.0,1.0,0
1521836215525010415,2026-08,73.05,56.0,1.0,0
1521836215525010415,2026-09,72.8,56.0,1.0,0
1521836215525010415,2026-10,73.23,56.0,1.0,0
1523213465801890386,2025-10,220.16,171.0,0.2,4
1523213465801890386,2025-11,178.7,171.0,0.27,22
1523213465801890386,2025-12,177.62,171.0,0.35,20
1523213465801890386,2026-01,152.38,171.0,0.35,20
1523213465801890386,2026-02,151.58,171.0,0.0,28
1523213465801890386,2026-03,150.98,171.0,0.0,31
1523213465801890386,2026-04,177.84,171.0,0.23,23
1523213465801890386,2026-05,179.27,171.0,0.26,23
1523213465801890386,2026-06,177.84,171.0,0.0,30
1523213465801890386,2026-07,178.45,171.0,0.23,24
1523213465801890386,2026-08,223.06,171.0,0.0,31
1523213465801890386,2026-09,222.3,171.0,0.0,30
1523213465801890386,2026-10,223.61,171.0,0.0,26
1524204217846302666,2025-10,69.52,54.0,0.6,2
1524204217846302666,2025-11,56.43,54.0,0.3,21
1524204217846302666,2025-12,56.09,54.0,0.0,31
1524204217846302666,2026-01,48.12,54.0,0.0,31
1524204217846302666,2026-02,47.87,54.0,0.0,28
1524204217846302666,2026-03,47.68,54.0,0.0,31
1524204217846302666,2026-04,56.16,54.0,0.0,30
1524204217846302666,2026-05,56.61,54.0,0.0,31
1524204217846302666,2026-06,56.16,54.0,0.0,30
1524204217846302666,2026-07,56.35,54.0,0.0,31
1524204217846302666,2026-08,70.44,54.0,0.0,31
1524204217846302666,2026-09,70.2,54.0,0.0,30
1524204217846302666,2026-10,70.61,54.0,0.0,26
1524675530401431716,2025-10,46.35,36.0,1.0,0
1524675530401431716,2025-11,37.62,36.0,0.33,20
1524675530401431716,2025-12,37.39,36.0,0.19,25
1524675530401431716,2026-01,32.08,36.0,0.0,31
1524675530401431716,2026-02,31.91,36.0,0.0,28
1524675530401431716,2026-03,31.78,36.0,0.0,31
1524675530401431716,2026-04,37.44,36.0,0.0,30
1524675530401431716,2026-05,37.74,36.0,0.0,31
1524675530401431716,2026-06,37.44,36.0,0.0,30
1524675530401431716,2026-07,37.57,36.0,0.0,31
1524675530401431716,2026-08,46.96,36.0,0.0,31
1524675530401431716,2026-09,46.8,36.0,0.0,30
1524675530401431716,2026-10,47.08,36.0,0.0,26
1526050794076028416,2025-10,144.2,112.0,0.4,3
1526050794076028416,2025-11,117.04,112.0,0.37,19
1526050794076028416,2025-12,116.34,112.0,0.13,27
1526050794076028416,2026-01,99.81,112.0,0.0,31
1526050794076028416,2026-02,99.28,112.0,0.0,28
1526050794076028416,2026-03,98.89,112.0,0.0,31
1526050794076028416,2026-04,116.48,112.0,0.0,30
1526050794076028416,2026-05,117.42,112.0,0.26,23
1526050794076028416,2026-06,116.48,112.0,0.0,30
1526050794076028416,2026-07,116.88,112.0,0.26,23
1526050794076028416,2026-08,146.1,112.0,1.0,0
1526050794076028416,2026-09,145.6,112.0,1.0,0
1526050794076028416,2026-10,146.46,112.0,1.0,0
1527685098848973250,2025-10,117.16,91.0,0.0,5
1527685098848973250,2025-11,95.1,91.0,0.0,30
1527685098848973250,2025-12,94.52,91.0,0.0,31
1527685098848973250,2026-01,81.09,91.0,0.0,31
1527685098848973250,2026-02,80.66,91.0,0.0,28
1527685098848973250,2026-03,80.34,91.0,0.0,31
1527685098848973250,2026-04,94.64,91.0,0.2,24
1527685098848973250,2026-05,95.4,91.0,1.0,0
1527685098848973250,2026-06,94.64,91.0,1.0,0
1527685098848973250,2026-07,94.96,91.0,1.0,0
1527685098848973250,2026-08,118.7,91.0,1.0,0
1527685098848973250,2026-09,118.3,91.0,1.0,0
1527685098848973250,2026-10,119.0,91.0,1.0,0
1528968585698532142,2025-10,42.49,33.0,0.4,3
1528968585698532142,2025-11,34.48,33.0,0.0,30
1528968585698532142,2025-12,34.28,33.0,0.0,31
1528968585698532142,2026-01,29.41,33.0,0.0,31
1528968585698532142,2026-02,29.25,33.0,0.0,28
1528968585698532142,2026-03,29.14,33.0,0.0,31
1528968585698532142,2026-04,34.32,33.0,0.0,30
1528968585698532142,2026-05,34.6,33.0,0.0,31
1528968585698532142,2026-06,34.32,33.0,0.0,30
1528968585698532142,2026-07,34.44,33.0,0.0,31
1528968585698532142,2026-08,43.05,33.0,0.0,31
1528968585698532142,2026-09,42.9,33.0,0.0,30
1528968585698532142,2026-10,43.15,33.0,0.0,26
1528972063209222337,2025-10,42.49,33.0,0.4,3
1528972063209222337,2025-11,34.48,33.0,0.0,30
1528972063209222337,2025-12,34.28,33.0,0.0,31
1528972063209222337,2026-01,29.41,33.0,0.0,31
1528972063209222337,2026-02,29.25,33.0,0.0,28
1528972063209222337,2026-03,29.14,33.0,0.0,31
1528972063209222337,2026-04,34.32,33.0,0.0,30
1528972063209222337,2026-05,34.6,33.0,0.0,31
1528972063209222337,2026-06,34.32,33.0,0.0,30
1528972063209222337,2026-07,34.44,33.0,0.0,31
1528972063209222337,2026-08,43.05,33.0,0.0,31
1528972063209222337,2026-09,42.9,33.0,0.0,30
1528972063209222337,2026-10,43.15,33.0,0.0,26
1528976209391064214,2025-10,42.49,33.0,0.4,3
1528976209391064214,2025-11,34.48,33.0,0.0,30
1528976209391064214,2025-12,34.28,33.0,0.0,31
1528976209391064214,2026-01,29.41,33.0,0.0,31
1528976209391064214,2026-02,29.25,33.0,0.0,28
1528976209391064214,2026-03,29.14,33.0,0.0,31
1528976209391064214,2026-04,34.32,33.0,0.0,30
1528976209391064214,2026-05,34.6,33.0,0.0,31
1528976209391064214,2026-06,34.32,33.0,0.0,30
1528976209391064214,2026-07,34.44,33.0,0.0,31
1528976209391064214,2026-08,43.05,33.0,0.0,31
1528976209391064214,2026-09,42.9,33.0,0.0,30
1528976209391064214,2026-10,43.15,33.0,0.0,26
1531284129363417972,2025-10,140.34,109.0,0.0,5
1531284129363417972,2025-11,113.9,109.0,1.0,0
1531284129363417972,2025-12,113.22,109.0,1.0,0
1531284129363417972,2026-01,97.13,109.0,1.0,0
1531284129363417972,2026-02,96.62,109.0,0.0,28
1531284129363417972,2026-03,96.24,109.0,0.0,31
1531284129363417972,2026-04,113.36,109.0,0.0,30
1531284129363417972,2026-05,114.27,109.0,0.0,31
1531284129363417972,2026-06,113.36,109.0,0.0,30
1531284129363417972,2026-07,113.75,109.0,0.0,31
1531284129363417972,2026-08,142.18,109.0,0.0,31
1531284129363417972,2026-09,141.7,109.0,0.0,30
1531284129363417972,2026-10,142.54,109.0,0.0,26
1531349538560141698,2025-10,101.71,79.0,0.0,5
1531349538560141698,2025-11,82.56,79.0,0.0,30
1531349538560141698,2025-12,82.06,79.0,0.0,31
1531349538560141698,2026-01,70.4,79.0,0.0,31
1531349538560141698,2026-02,70.03,79.0,0.0,28
1531349538560141698,2026-03,69.75,79.0,0.0,31
1531349538560141698,2026-04,82.16,79.0,0.0,30
1531349538560141698,2026-05,82.82,79.0,0.0,31
1531349538560141698,2026-06,82.16,79.0,0.0,30
1531349538560141698,2026-07,82.44,79.0,0.0,31
1531349538560141698,2026-08,103.05,79.0,0.0,31
1531349538560141698,2026-09,102.7,79.0,0.0,30
1531349538560141698,2026-10,103.31,79.0,0.0,26
1534117929455664662,2025-10,144.2,112.0,0.0,5
1534117929455664662,2025-11,117.04,112.0,0.0,30
1534117929455664662,2025-12,116.34,112.0,0.0,31
1534117929455664662,2026-01,99.81,112.0,0.0,31
1534117929455664662,2026-02,99.28,112.0,0.0,28
1534117929455664662,2026-03,98.89,112.0,0.0,31
1534117929455664662,2026-04,116.48,112.0,0.0,30
1534117929455664662,2026-05,117.42,112.0,0.0,31
1534117929455664662,2026-06,116.48,112.0,0.0,30
1534117929455664662,2026-07,116.88,112.0,0.0,31
1534117929455664662,2026-08,146.1,112.0,0.0,31
1534117929455664662,2026-09,145.6,112.0,0.0,30
1534117929455664662,2026-10,146.46,112.0,0.0,26
1535674031952117237,2025-10,119.74,93.0,0.0,5
1535674031952117237,2025-11,97.18,93.0,0.0,30
1535674031952117237,2025-12,96.6,93.0,0.0,31
1535674031952117237,2026-01,82.88,93.0,0.0,31
1535674031952117237,2026-02,82.44,93.0,0.0,28
1535674031952117237,2026-03,82.11,93.0,0.0,31
1535674031952117237,2026-04,96.72,93.0,0.2,24
1535674031952117237,2026-05,97.5,93.0,1.0,0
1535674031952117237,2026-06,96.72,93.0,1.0,0
1535674031952117237,2026-07,97.05,93.0,1.0,0
1535674031952117237,2026-08,121.31,93.0,1.0,0
1535674031952117237,2026-09,120.9,93.0,1.0,0
1535674031952117237,2026-10,121.62,93.0,1.0,0
1535810204836226279,2025-10,56.65,44.0,1.0,0
1535810204836226279,2025-11,45.98,44.0,0.6,12
1535810204836226279,2025-12,45.7,44.0,0.0,31
1535810204836226279,2026-01,39.21,44.0,0.0,31
1535810204836226279,2026-02,39.0,44.0,0.0,28
1535810204836226279,2026-03,38.85,44.0,0.0,31
1535810204836226279,2026-04,45.76,44.0,0.0,30
1535810204836226279,2026-05,46.13,44.0,0.0,31
1535810204836226279,2026-06,45.76,44.0,0.0,30
1535810204836226279,2026-07,45.92,44.0,0.26,23
1535810204836226279,2026-08,57.4,44.0,1.0,0
1535810204836226279,2026-09,57.2,44.0,1.0,0
1535810204836226279,2026-10,57.54,44.0,1.0,0
1536168246876183471,2025-10,140.34,109.0,0.4,3
1536168246876183471,2025-11,113.9,109.0,0.37,19
1536168246876183471,2025-12,113.22,109.0,0.13,27
1536168246876183471,2026-01,97.13,109.0,0.0,31
1536168246876183471,2026-02,96.62,109.0,0.0,28
1536168246876183471,2026-03,96.24,109.0,0.0,31
1536168246876183471,2026-04,113.36,109.0,0.0,30
1536168246876183471,2026-05,114.27,109.0,0.26,23
1536168246876183471,2026-06,113.36,109.0,0.0,30
1536168246876183471,2026-07,113.75,109.0,0.26,23
1536168246876183471,2026-08,142.18,109.0,1.0,0
1536168246876183471,2026-09,141.7,109.0,1.0,0
1536168246876183471,2026-10,142.54,109.0,1.0,0
1536585445416126682,2025-10,104.29,81.0,0.6,2
1536585445416126682,2025-11,84.64,81.0,0.0,30
1536585445416126682,2025-12,84.14,81.0,0.1,28
1536585445416126682,2026-01,72.18,81.0,0.0,31
1536585445416126682,2026-02,71.8,81.0,0.0,28
1536585445416126682,2026-03,71.52,81.0,0.0,31
1536585445416126682,2026-04,84.24,81.0,0.0,30
1536585445416126682,2026-05,84.92,81.0,0.0,31
1536585445416126682,2026-06,84.24,81.0,0.0,30
1536585445416126682,2026-07,84.53,81.0,0.0,31
1536585445416126682,2026-08,105.66,81.0,0.0,31
1536585445416126682,2026-09,105.3,81.0,0.0,30
1536585445416126682,2026-10,105.92,81.0,0.0,26
1539109434552610276,2025-10,180.25,140.0,0.0,5
1539109434552610276,2025-11,146.3,140.0,0.03,29
1539109434552610276,2025-12,145.42,140.0,1.0,0
1539109434552610276,2026-01,124.76,140.0,1.0,0
1539109434552610276,2026-02,124.1,140.0,1.0,0
1539109434552610276,2026-03,123.61,140.0,1.0,0
1539109434552610276,2026-04,145.6,140.0,1.0,0
1539109434552610276,2026-05,146.77,140.0,1.0,0
1539109434552610276,2026-06,145.6,140.0,1.0,0
1539109434552610276,2026-07,146.1,140.0,1.0,0
1539109434552610276,2026-08,182.62,140.0,1.0,0
1539109434552610276,2026-09,182.0,140.0,1.0,0
1539109434552610276,2026-10,183.08,140.0,1.0,0
